Car_Name,Brand,Model,Vehicle_Age,KM_Driven,No_Of_Owners,Fuel_Type,Transmission_Type,Mileage,Engine_CC,Max_Power,No_Of_Seats,Price,Location
Maruti Celerio,Maruti,Celerio,11,120000.0,3,Petrol,Manual,23.1,998.0,67.04,5,12.899222326086994,bangalore
Ford Ecosport,Ford,Ecosport,8,32706.0,2,Petrol,Manual,17.0,1497.0,121.31,5,13.606024566142413,bangalore
Tata Tiago,Tata,Tiago,8,11949.0,1,Petrol,Manual,23.84,1199.0,84.0,5,13.279368835614243,bangalore
Hyundai Xcent,Hyundai,Xcent,12,17794.0,1,Petrol,Manual,19.1,1197.0,81.86,5,13.043322334563697,bangalore
Maruti SX4 S Cross,Maruti,SX4 S Cross,11,60000.0,1,Diesel,Manual,23.65,1248.0,88.5,5,13.579789490265188,bangalore
Jeep Compass,Jeep,Compass,6,20000.0,1,Diesel,Manual,17.1,1949.5,170.0,5,14.45736497045232,bangalore
Datsun GO,Datsun,GO,9,37772.0,1,Petrol,Manual,20.63,1198.0,67.0,5,12.75130259456002,bangalore
Hyundai Venue,Hyundai,Venue,5,30000.0,1,Petrol,Automatic,18.15,998.0,118.35,5,13.997832948091215,bangalore
Maruti Ciaz,Maruti,Ciaz,8,37000.0,1,Petrol,Automatic,20.28,1462.0,103.25,5,13.774689605110144,bangalore
Tata Tiago,Tata,Tiago,9,11949.0,1,Petrol,Manual,23.84,1199.0,84.0,5,13.279368835614243,bangalore
Maruti Baleno,Maruti,Baleno,8,50000.0,1,Petrol,Manual,21.4,1197.0,83.1,5,13.444448325847754,bangalore
Hyundai Grand i10,Hyundai,Grand i10,7,24887.0,1,Petrol,Automatic,18.9,1197.0,81.86,5,13.432786403100184,bangalore
Honda Jazz,Honda,Jazz,8,23000.0,1,Petrol,Automatic,18.2,1199.0,88.7,5,13.623139877437296,bangalore
Tata Tiago,Tata,Tiago,8,48928.0,1,Petrol,Automatic,23.84,1199.0,83.83,5,13.296318365198623,bangalore
Mahindra XUV500,Mahindra,XUV500,12,108862.0,3,Diesel,Manual,15.1,1949.5,140.0,7,13.444448325847754,bangalore
Jeep Compass,Jeep,Compass,8,80000.0,1,Diesel,Manual,17.1,1949.5,170.0,5,14.115615891155079,bangalore
Hyundai i20,Hyundai,i20,12,65376.0,2,Diesel,Manual,21.27,1396.0,88.76,5,13.163507240119458,bangalore
Tata Nexon,Tata,Nexon,4,10000.0,1,Petrol,Manual,17.33,1199.0,118.35,5,13.820499094499693,bangalore
Honda City,Honda,City,10,67000.0,2,Petrol,Manual,17.8,1497.0,117.3,5,13.560619598657233,bangalore
BMW 5 Series,BMW,5 Series,15,100000.0,3,Diesel,Automatic,18.48,1949.5,177.0,5,14.603968372873895,bangalore
Maruti Swift,Maruti,Swift,10,18083.0,1,Petrol,Manual,22.38,1197.0,88.5,5,13.274227444925158,bangalore
Renault Duster,Renault,Duster,6,30000.0,1,Petrol,Manual,16.42,1498.0,104.55,5,13.901689171636098,bangalore
Tata Tiago,Tata,Tiago,10,57634.0,2,Petrol,Manual,23.84,1199.0,84.0,5,13.032440858057756,bangalore
Mercedes-Benz S-Class,Mercedes-Benz,S-Class,10,50000.0,2,Petrol,Automatic,10.25,1949.5,180.02499999999998,5,15.404745967162468,bangalore
Honda City,Honda,City,11,110000.0,1,Petrol,Manual,17.4,1497.0,117.3,5,13.217675375388819,bangalore
Hyundai Santro,Hyundai,Santro,8,23447.0,1,Petrol,Automatic,20.3,1086.0,68.0,5,13.25339339419516,bangalore
Hyundai Santro Xing,Hyundai,Santro Xing,17,30000.0,2,Lpg,Manual,13.45,1086.0,62.1,5,12.301387370778713,bangalore
Mercedes-Benz E-Class,Mercedes-Benz,E-Class,9,33000.0,1,Petrol,Automatic,15.0,1949.5,180.02499999999998,5,15.237413587806026,bangalore
Mahindra XUV500,Mahindra,XUV500,12,87667.0,2,Diesel,Manual,15.1,1949.5,140.0,7,13.66585094484938,bangalore
Audi A4,Audi,A4,10,40000.0,2,Diesel,Automatic,17.11,1949.5,174.33,5,14.394929533419809,bangalore
Mahindra XUV500,Mahindra,XUV500,12,79012.0,2,Diesel,Manual,15.1,1949.5,140.0,7,13.596109992928898,bangalore
Jeep Compass,Jeep,Compass,5,31344.0,1,Diesel,Manual,17.1,1949.5,167.67,5,14.757469426450479,bangalore
Hyundai Xcent,Hyundai,Xcent,8,50000.0,1,Petrol,Manual,20.14,1197.0,81.86,5,13.420986873572868,bangalore
Maruti Wagon R,Maruti,Wagon R,11,12434.0,1,Petrol,Manual,20.51,998.0,67.04,5,12.762830066509972,bangalore
Maruti Ertiga,Maruti,Ertiga,7,60000.0,2,Petrol,Manual,19.34,1462.0,103.0,7,13.864301674514206,bangalore
Mercedes-Benz C-Class,Mercedes-Benz,C-Class,7,12000.0,1,Diesel,Automatic,12.6,1949.5,180.02499999999998,5,15.302781062412842,bangalore
Maruti Wagon R,Maruti,Wagon R,11,40987.0,2,Petrol,Manual,20.51,998.0,67.04,5,12.91410843858387,bangalore
BMW 5 Series,BMW,5 Series,6,18157.0,1,Petrol,Automatic,15.56,1949.5,180.02499999999998,5,15.417924056871259,bangalore
Toyota Fortuner,Toyota,Fortuner,15,120000.0,3,Diesel,Manual,11.5,1949.5,171.0,7,13.910821646859095,bangalore
Renault Duster,Renault,Duster,6,40000.0,2,Diesel,Automatic,19.87,1461.0,108.5,5,13.910821646859095,bangalore
Hyundai i20,Hyundai,i20,10,89667.0,1,Petrol,Manual,18.6,1197.0,81.83,5,13.29463628184505,bangalore
Hyundai i20,Hyundai,i20,9,120000.0,1,Diesel,Manual,22.54,1396.0,88.73,5,13.47302165746721,bangalore
Maruti Baleno,Maruti,Baleno,9,56997.0,1,Petrol,Manual,21.4,1197.0,83.1,5,13.447342679685468,bangalore
Hyundai Elantra,Hyundai,Elantra,13,120000.0,1,Petrol,Manual,16.3,1797.0,147.5,5,13.384729180332174,bangalore
Audi A6,Audi,A6,11,59000.0,1,Diesel,Automatic,18.53,1949.5,180.02499999999998,5,14.552674623940995,bangalore
Maruti Alto 800,Maruti,Alto 800,5,18835.0,1,Petrol,Manual,22.05,796.0,47.33,5,12.926350926565435,bangalore
Mahindra Scorpio,Mahindra,Scorpio,16,120000.0,2,Diesel,Manual,12.05,1949.5,120.0,7,13.384729180332174,bangalore
Mini 3 DOOR,Mini,3 DOOR,10,40000.0,1,Petrol,Automatic,17.33,1949.5,180.02499999999998,4,15.11706396273788,bangalore
Tata Tiago,Tata,Tiago,7,60932.0,1,Petrol,Manual,23.84,1199.0,83.83,5,13.321215875492413,bangalore
Kia Seltos,Kia,Seltos,6,33539.0,2,Petrol,Automatic,16.5,1353.0,138.08,5,14.331324320256051,bangalore
Tata Tiago,Tata,Tiago,8,66837.0,2,Petrol,Manual,23.84,1199.0,84.0,5,13.180634172318978,bangalore
Maruti Alto,Maruti,Alto,18,60000.0,2,Petrol,Manual,19.7,796.0,46.3,5,12.429220196836383,bangalore
Hyundai i20,Hyundai,i20,7,44285.0,1,Petrol,Manual,18.6,1197.0,81.86,5,13.480039220276565,bangalore
Mercedes-Benz GL-Class,Mercedes-Benz,GL-Class,12,100000.0,2,Diesel,Automatic,11.3,1949.5,180.02499999999998,7,15.068273812173887,bangalore
Tata New Safari,Tata,New Safari,5,25000.0,1,Diesel,Automatic,14.08,1949.5,167.67,6,14.626441218624949,bangalore
Hyundai Grand i10,Hyundai,Grand i10,8,36735.0,1,Petrol,Manual,18.9,1197.0,81.86,5,13.345508528717259,bangalore
Audi Q7,Audi,Q7,11,79000.0,1,Diesel,Automatic,12.07,1949.5,180.02499999999998,7,14.80690913338268,bangalore
Mahindra Scorpio,Mahindra,Scorpio,16,120000.0,2,Diesel,Manual,12.05,1949.5,120.0,8,13.384729180332174,bangalore
Renault KWID,Renault,KWID,4,10000.0,1,Petrol,Automatic,22.0,999.0,67.0,5,13.217675375388819,bangalore
Tata Nexon,Tata,Nexon,8,53645.0,1,Diesel,Manual,21.5,1497.0,108.5,5,13.623139877437296,bangalore
Hyundai Getz,Hyundai,Getz,20,100000.0,2,Petrol,Manual,15.3,1341.0,83.0,5,12.301387370778713,bangalore
Maruti Celerio,Maruti,Celerio,12,53982.0,1,Petrol,Automatic,26.68,998.0,65.71,5,12.966880811009803,bangalore
Skoda Rapid,Skoda,Rapid,12,110000.0,1,Diesel,Manual,21.14,1498.0,103.52,5,13.451668563394815,bangalore
Ford Ecosport,Ford,Ecosport,7,37741.0,2,Petrol,Manual,15.9,1496.0,120.69,5,13.742940940397677,bangalore
Maruti Alto 800,Maruti,Alto 800,5,17367.0,1,Petrol,Manual,22.05,796.0,47.33,5,13.02805489573287,bangalore
Hyundai Creta,Hyundai,Creta,9,94000.0,1,Diesel,Manual,19.67,1582.0,126.2,5,13.993657580167481,bangalore
Tata Harrier,Tata,Harrier,5,33700.0,1,Diesel,Automatic,14.6,1949.5,167.67,5,14.59253968227493,bangalore
Maruti Swift,Maruti,Swift,12,54601.0,3,Petrol,Manual,22.38,1197.0,88.5,5,12.999067423500716,bangalore
Maruti Swift,Maruti,Swift,8,110000.0,1,Diesel,Manual,28.25,1248.0,74.0,5,13.444448325847754,bangalore
Maruti Celerio,Maruti,Celerio,9,64000.0,2,Petrol,Manual,23.1,998.0,67.04,5,13.122365377402328,bangalore
BMW 3 Series GT,BMW,3 Series GT,10,40525.0,1,Diesel,Automatic,21.76,1949.5,180.02499999999998,5,15.0378146135257,bangalore
Maruti Ciaz,Maruti,Ciaz,11,100000.0,1,Diesel,Manual,26.21,1248.0,88.5,5,13.384729180332174,bangalore
Honda Jazz,Honda,Jazz,10,44154.0,2,Petrol,Automatic,19.0,1199.0,88.7,5,13.19375523568666,bangalore
Renault Lodgy,Renault,Lodgy,10,70000.0,1,Diesel,Manual,19.98,1461.0,108.5,7,13.527829818844937,bangalore
Skoda Octavia,Skoda,Octavia,8,79000.0,1,Petrol,Automatic,15.1,1798.0,178.0,5,14.397726177816939,bangalore
Tata Tiago,Tata,Tiago,9,68039.0,2,Petrol,Manual,23.84,1199.0,84.0,5,13.056225711649638,bangalore
Maruti Ritz,Maruti,Ritz,12,60000.0,2,Petrol,Manual,18.5,1197.0,85.8,5,12.948012371209098,bangalore
Maruti Ritz,Maruti,Ritz,12,60000.0,2,Petrol,Manual,18.5,1197.0,85.8,5,12.948012371209098,bangalore
Hyundai i20,Hyundai,i20,5,10000.0,1,Petrol,Manual,20.0,998.0,118.36,5,13.732128949025222,bangalore
Honda City,Honda,City,13,49873.0,1,Petrol,Manual,16.8,1497.0,116.3,5,13.186278579318829,bangalore
Volkswagen Polo,Volkswagen,Polo,13,90000.0,3,Petrol,Automatic,17.2,1197.0,103.6,5,13.652992804936396,bangalore
Skoda Rapid,Skoda,Rapid,9,48960.0,2,Diesel,Manual,21.13,1498.0,108.6,5,13.529162262303307,bangalore
Hyundai Grand i10,Hyundai,Grand i10,12,70000.0,2,Diesel,Manual,24.0,1120.0,70.0,5,12.868763195921677,bangalore
Hyundai i20,Hyundai,i20,13,68000.0,2,Petrol,Manual,18.5,1197.0,82.85,5,13.102162710901053,bangalore
Mahindra KUV 100,Mahindra,KUV 100,10,23017.0,1,Diesel,Manual,25.32,1198.0,77.0,6,13.11029282045951,bangalore
Hyundai i20,Hyundai,i20,13,83000.0,2,Diesel,Manual,21.27,1396.0,88.76,5,13.171155446333852,bangalore
BMW X3,BMW,X3,10,92000.0,2,Diesel,Automatic,16.55,1949.5,180.02499999999998,5,14.876767406109316,bangalore
Maruti Wagon R,Maruti,Wagon R,8,62139.0,1,Petrol,Manual,20.51,998.0,67.04,5,13.217675375388819,bangalore
Hyundai i10,Hyundai,i10,13,74000.0,1,Lpg,Manual,19.2,1086.0,68.05,5,12.807655372286902,bangalore
Renault KWID,Renault,KWID,10,26500.0,2,Petrol,Automatic,24.04,999.0,67.0,5,12.948012371209098,bangalore
Volvo S60,Volvo,S60,9,81716.0,1,Diesel,Automatic,27.03,1949.5,180.02499999999998,5,14.45472992420301,bangalore
Mercedes-Benz E-Class,Mercedes-Benz,E-Class,8,24000.0,2,Diesel,Automatic,17.0,1949.5,180.02499999999998,5,15.605602137036527,bangalore
Mahindra XUV300,Mahindra,XUV300,4,10000.0,1,Petrol,Automatic,17.0,1197.0,108.6,5,13.864301674514206,bangalore
MG Hector Plus,MG,Hector Plus,5,18000.0,1,Petrol,Automatic,16.56,1451.0,141.0,6,14.54547219357453,bangalore
Honda Brio,Honda,Brio,13,38197.0,1,Petrol,Manual,19.4,1198.0,86.8,5,12.884108726347916,bangalore
Maruti Baleno,Maruti,Baleno,9,23000.0,2,Petrol,Automatic,19.56,1197.0,81.8,5,13.493928313146206,bangalore
Maruti Alto K10,Maruti,Alto K10,13,50000.0,1,Petrol,Manual,20.92,998.0,67.1,5,12.388398368982115,bangalore
Renault Kiger,Renault,Kiger,4,10000.0,1,Petrol,Automatic,19.03,999.0,71.01,5,13.635188201437066,bangalore
Hyundai Grand i10,Hyundai,Grand i10,7,19000.0,1,Petrol,Manual,18.9,1197.0,81.86,5,13.451668563394815,bangalore
Kia Seltos,Kia,Seltos,6,14000.0,1,Petrol,Automatic,16.5,1353.0,138.08,5,14.360738188157574,bangalore
Hyundai EON,Hyundai,EON,12,29268.0,1,Petrol,Manual,21.1,814.0,55.2,5,12.706850963741102,bangalore
Volkswagen Vento,Volkswagen,Vento,7,20000.0,1,Petrol,Automatic,18.19,1197.0,103.2,5,13.805461232211272,bangalore
Toyota Yaris,Toyota,Yaris,8,30000.0,1,Petrol,Manual,17.1,1496.0,105.5,5,13.527829818844937,bangalore
Honda Jazz,Honda,Jazz,8,64374.0,1,Petrol,Automatic,19.0,1199.0,88.7,5,13.534474352733596,bangalore
MG Hector,MG,Hector,5,30000.0,1,Diesel,Manual,17.41,1949.5,167.68,5,14.375126917328105,bangalore
Hyundai Alcazar,Hyundai,Alcazar,4,7100.0,1,Petrol,Automatic,14.2,1949.5,156.9,6,14.549319720243108,bangalore
Hyundai i10,Hyundai,i10,16,43679.0,1,Petrol,Manual,19.81,1086.0,68.05,5,12.509877789891931,bangalore
Hyundai Creta,Hyundai,Creta,8,40000.0,1,Petrol,Automatic,14.8,1591.0,121.3,5,14.062371417145494,bangalore
Hyundai i20,Hyundai,i20,14,40562.0,1,Diesel,Manual,22.54,1396.0,88.76,5,12.985399815906522,bangalore
Hyundai Venue,Hyundai,Venue,7,20000.0,1,Petrol,Automatic,18.15,998.0,118.35,5,14.038654909278163,bangalore
Mahindra XUV500,Mahindra,XUV500,10,58600.0,1,Diesel,Automatic,16.0,1949.5,140.0,7,14.115615891155079,bangalore
Hyundai Venue,Hyundai,Venue,7,20000.0,1,Petrol,Automatic,18.15,998.0,118.35,5,14.038654909278163,bangalore
Volkswagen T-Roc,Volkswagen,T-Roc,6,42050.0,1,Petrol,Automatic,18.4,1498.0,147.94,5,14.615267923020578,bangalore
Maruti Celerio,Maruti,Celerio,11,65017.0,1,Petrol,Automatic,23.1,998.0,67.04,5,13.07107218827772,bangalore
BMW 3 Series,BMW,3 Series,18,80000.0,2,Diesel,Automatic,13.2,1949.5,170.0,5,13.304686600863562,bangalore
Jeep Compass,Jeep,Compass,5,30000.0,1,Petrol,Automatic,14.1,1368.0,160.77,5,14.711598990684092,bangalore
Kia Seltos,Kia,Seltos,6,20000.0,1,Petrol,Automatic,16.5,1353.0,138.08,5,14.301018989130402,bangalore
Skoda Superb,Skoda,Superb,12,36349.0,1,Diesel,Automatic,17.2,1949.5,138.1,5,14.316286451937186,bangalore
Hyundai i10,Hyundai,i10,17,80000.0,3,Petrol,Manual,20.36,1197.0,78.9,5,12.425212191503038,bangalore
Renault Duster,Renault,Duster,12,83394.0,2,Petrol,Manual,13.24,1598.0,102.57,5,13.353476685668044,bangalore
Audi Q5,Audi,Q5,10,30000.0,2,Diesel,Automatic,14.16,1949.5,174.3,5,14.770637698386924,bangalore
Hyundai i10,Hyundai,i10,17,80000.0,3,Petrol,Manual,20.36,1197.0,78.9,5,12.425212191503038,bangalore
Maruti Alto K10,Maruti,Alto K10,9,52204.0,1,Petrol,Manual,24.39,998.0,65.71,5,12.861001210669146,bangalore
Hyundai i20,Hyundai,i20,14,110000.0,3,Petrol,Manual,17.0,1197.0,180.02499999999998,5,12.611541086966115,bangalore
Ford Endeavour,Ford,Endeavour,9,89000.0,1,Diesel,Automatic,10.91,1949.5,180.02499999999998,7,14.905754933096265,bangalore
Maruti Alto 800,Maruti,Alto 800,12,29813.0,2,Petrol,Manual,22.05,796.0,47.33,5,12.52815976788113,bangalore
Ford Figo,Ford,Figo,8,30000.0,1,Petrol,Manual,18.16,1196.0,86.8,5,13.122365377402328,bangalore
Maruti Ignis,Maruti,Ignis,6,13345.0,1,Petrol,Automatic,20.89,1197.0,81.8,5,13.500801182986649,bangalore
Hyundai Alcazar,Hyundai,Alcazar,4,17100.0,1,Diesel,Automatic,18.1,1498.0,113.42,7,14.624216524592692,bangalore
Hyundai Grand i10,Hyundai,Grand i10,12,75000.0,1,Petrol,Manual,18.9,1197.0,82.0,5,12.896719202134523,bangalore
Hyundai i10,Hyundai,i10,15,75523.0,2,Petrol,Manual,20.36,1197.0,78.9,5,12.650761671914688,bangalore
Mahindra XUV500,Mahindra,XUV500,11,47000.0,1,Diesel,Manual,16.0,1949.5,140.0,7,14.058457520888082,bangalore
Tata Harrier,Tata,Harrier,4,36500.0,1,Diesel,Manual,16.35,1949.5,167.67,5,14.503645196700676,bangalore
Renault Triber,Renault,Triber,6,28253.0,1,Petrol,Manual,20.0,999.0,71.01,7,13.4856180275228,bangalore
Hyundai Creta,Hyundai,Creta,10,50000.0,1,Diesel,Manual,19.67,1582.0,126.2,5,14.04662307257814,bangalore
Hyundai i10,Hyundai,i10,16,90000.0,2,Petrol,Manual,20.36,1197.0,78.9,5,12.611541086966115,bangalore
BMW X5,BMW,X5,10,70000.0,2,Diesel,Automatic,15.97,1949.5,180.02499999999998,5,15.19704385317559,bangalore
Hyundai i20,Hyundai,i20,10,52571.0,1,Petrol,Manual,18.6,1197.0,81.83,5,13.348703414510117,bangalore
BMW 3 Series,BMW,3 Series,16,70000.0,2,Diesel,Automatic,16.07,1949.5,180.02499999999998,5,14.077875591662238,bangalore
Honda City,Honda,City,11,61993.0,1,Petrol,Manual,17.4,1497.0,117.3,5,13.418015107599418,bangalore
Hyundai Tucson,Hyundai,Tucson,9,57000.0,1,Diesel,Automatic,16.38,1949.5,180.02499999999998,5,14.417091092943783,bangalore
Toyota Fortuner,Toyota,Fortuner,5,80000.0,2,Diesel,Manual,14.24,1949.5,174.5,7,15.068273812173887,bangalore
Hyundai i20,Hyundai,i20,13,36359.0,1,Petrol,Manual,18.5,1197.0,82.85,5,12.994532278619134,bangalore
Tata Harrier,Tata,Harrier,7,70000.0,2,Diesel,Manual,17.0,1949.5,138.1,5,14.19394767861579,bangalore
Hyundai Verna,Hyundai,Verna,9,30301.0,1,Petrol,Automatic,17.0,1591.0,121.3,5,13.847978716155518,bangalore
Hyundai i10,Hyundai,i10,16,66000.0,1,Petrol,Manual,20.36,1197.0,78.9,5,12.524530013005734,bangalore
Hyundai i20,Hyundai,i20,9,56010.0,1,Petrol,Manual,18.6,1197.0,81.83,5,13.423949834313948,bangalore
Mercedes-Benz GLC,Mercedes-Benz,GLC,9,47000.0,1,Diesel,Automatic,17.9,1949.5,170.0,5,15.271797524004405,bangalore
Nissan Terrano,Nissan,Terrano,12,60000.0,2,Diesel,Manual,19.01,1461.0,108.5,5,13.384729180332174,bangalore
Maruti Swift,Maruti,Swift,12,83829.0,1,Diesel,Manual,25.2,1248.0,74.0,5,13.003582093664077,bangalore
Renault KWID,Renault,KWID,6,10000.0,1,Petrol,Automatic,22.0,999.0,67.0,5,13.142166004700508,bangalore
Renault Duster,Renault,Duster,10,35000.0,2,Diesel,Automatic,19.6,1461.0,108.45,5,13.73755009757506,bangalore
Honda City,Honda,City,7,51116.0,2,Petrol,Automatic,18.0,1497.0,117.6,5,13.839228061143613,bangalore
Skoda Rapid,Skoda,Rapid,10,80000.0,3,Diesel,Manual,21.14,1498.0,103.52,5,13.122365377402328,bangalore
Volkswagen Polo,Volkswagen,Polo,9,40000.0,2,Petrol,Automatic,17.21,1197.0,103.5,5,13.81049801614073,bangalore
Honda CR-V,Honda,CR-V,14,85565.0,2,Petrol,Automatic,11.1,1949.5,158.8,5,13.74830287778897,bangalore
Ford Ecosport,Ford,Ecosport,8,36916.0,1,Petrol,Manual,17.0,1497.0,121.36,5,13.633989880380932,bangalore
Volkswagen Polo,Volkswagen,Polo,11,90000.0,1,Diesel,Manual,20.14,1498.0,88.8,5,13.235693848424024,bangalore
Maruti Swift,Maruti,Swift,14,112795.0,1,Petrol,Manual,22.38,1197.0,88.5,5,13.025854679664231,bangalore
Toyota Innova,Toyota,Innova,12,120000.0,2,Petrol,Manual,11.4,1949.5,130.1,7,13.910821646859095,bangalore
Honda Brio,Honda,Brio,10,36685.0,2,Petrol,Manual,19.4,1198.0,86.8,5,13.043322334563697,bangalore
Hyundai Santa Fe,Hyundai,Santa Fe,14,120000.0,2,Diesel,Automatic,11.72,1949.5,180.02499999999998,7,13.710151153416941,bangalore
BMW 6 Series,BMW,6 Series,4,4000.0,1,Petrol,Automatic,13.32,1949.5,180.02499999999998,4,15.882373444019521,bangalore
Maruti Baleno,Maruti,Baleno,7,32184.0,2,Petrol,Automatic,21.4,1197.0,83.1,5,13.64472342322291,bangalore
Maruti Baleno RS,Maruti,Baleno RS,8,32279.0,1,Petrol,Manual,21.1,998.0,100.5,5,13.591117476312084,bangalore
Hyundai i20,Hyundai,i20,11,59698.0,1,Petrol,Manual,18.6,1197.0,81.83,5,13.263864675787632,bangalore
Renault Captur,Renault,Captur,8,46071.0,1,Diesel,Manual,20.37,1461.0,108.45,5,13.76316513133229,bangalore
Maruti Vitara Brezza,Maruti,Vitara Brezza,9,90000.0,1,Diesel,Manual,24.3,1248.0,88.5,5,13.586098651497313,bangalore
Hyundai Venue,Hyundai,Venue,7,9554.0,1,Petrol,Manual,18.27,998.0,118.35,5,13.897091466615258,bangalore
Jeep Compass,Jeep,Compass,4,14000.0,1,Petrol,Automatic,14.1,1368.0,160.77,5,14.767168819776032,bangalore
Renault Duster,Renault,Duster,13,74499.0,2,Diesel,Manual,20.45,1461.0,83.8,5,13.153863982446317,bangalore
Ford Ecosport,Ford,Ecosport,9,56211.0,2,Petrol,Automatic,14.8,1497.0,121.36,5,13.563196916350243,bangalore
Honda Jazz,Honda,Jazz,7,9001.0,1,Petrol,Manual,18.2,1199.0,88.7,5,13.531821834802397,bangalore
Mahindra XUV500,Mahindra,XUV500,9,65457.0,2,Diesel,Automatic,16.0,1949.5,140.0,7,14.019268211138646,bangalore
Honda Jazz,Honda,Jazz,9,23682.0,1,Petrol,Manual,18.7,1199.0,88.7,5,13.493928313146206,bangalore
Hyundai Verna,Hyundai,Verna,6,50000.0,1,Diesel,Manual,22.0,1582.0,126.2,5,13.955273369904273,bangalore
Maruti Swift,Maruti,Swift,11,134557.0,2,Diesel,Manual,25.2,1248.0,74.0,5,13.351888125506433,bangalore
Maruti Swift Dzire,Maruti,Swift Dzire,13,96567.0,2,Petrol,Manual,22.41,1197.0,88.5,5,13.010316110729669,bangalore
Maruti Celerio,Maruti,Celerio,11,120000.0,3,Petrol,Manual,23.1,998.0,67.04,5,12.899222326086994,bangalore
Maruti Ertiga,Maruti,Ertiga,12,83007.0,2,Diesel,Manual,20.77,1248.0,88.8,7,13.574713343675166,bangalore
Honda Jazz,Honda,Jazz,8,34000.0,1,Petrol,Manual,18.7,1199.0,88.7,5,13.521140839642674,bangalore
Hyundai Grand i10,Hyundai,Grand i10,12,81634.0,1,Petrol,Automatic,18.9,1197.0,82.0,5,13.102162710901053,bangalore
Honda City,Honda,City,9,57284.0,2,Petrol,Automatic,18.0,1497.0,117.6,5,13.755761615129062,bangalore
Ford Ecosport,Ford,Ecosport,10,70000.0,2,Petrol,Automatic,15.63,1499.0,110.4,5,13.42246945133505,bangalore
Honda Brio,Honda,Brio,13,70000.0,2,Petrol,Manual,19.4,1198.0,86.8,5,12.706850963741102,bangalore
Toyota Yaris,Toyota,Yaris,8,46429.0,2,Petrol,Automatic,17.8,1496.0,105.5,5,13.681980308196241,bangalore
Maruti Baleno,Maruti,Baleno,9,17624.0,1,Petrol,Manual,21.4,1197.0,83.1,5,13.675099554994853,bangalore
Volkswagen Vento,Volkswagen,Vento,14,100000.0,2,Diesel,Manual,20.54,1598.0,103.6,5,12.959846800844963,bangalore
Honda City,Honda,City,7,30000.0,1,Petrol,Manual,17.4,1497.0,117.6,5,13.883170141017091,bangalore
Ford Ecosport,Ford,Ecosport,8,49690.0,2,Petrol,Manual,15.9,1496.0,120.69,5,13.840204146163925,bangalore
Mahindra XUV500,Mahindra,XUV500,10,110000.0,1,Diesel,Manual,16.0,1949.5,140.0,7,13.815511557963774,bangalore
Fiat Linea,Fiat,Linea,17,50000.0,1,Petrol,Manual,16.0,1368.0,90.0,5,12.834683971615659,bangalore
Fiat Linea,Fiat,Linea,17,50000.0,1,Petrol,Manual,16.0,1368.0,90.0,5,12.834683971615659,bangalore
Ford Ecosport,Ford,Ecosport,8,55702.0,1,Petrol,Automatic,14.8,1497.0,121.36,5,13.645908958411516,bangalore
Hyundai i20 Active,Hyundai,i20 Active,10,45046.0,1,Diesel,Manual,21.19,1396.0,88.73,5,13.546324377048325,bangalore
Maruti Ritz,Maruti,Ritz,12,53000.0,2,Petrol,Manual,18.5,1197.0,85.8,5,12.948012371209098,bangalore
Maruti Baleno,Maruti,Baleno,10,94695.0,1,Diesel,Manual,27.39,1248.0,74.0,5,13.435714658591923,bangalore
Maruti Baleno,Maruti,Baleno,7,22162.0,1,Petrol,Manual,21.4,1197.0,83.1,5,13.596109992928898,bangalore
Hyundai Santro Xing,Hyundai,Santro Xing,16,70000.0,2,Petrol,Manual,17.92,1086.0,62.1,5,12.676079399771027,bangalore
Honda City,Honda,City,9,115331.0,1,Diesel,Manual,26.0,1498.0,98.6,5,13.597354548161103,bangalore
Mercedes-Benz E-Class,Mercedes-Benz,E-Class,13,70000.0,2,Diesel,Automatic,10.25,1949.5,170.0,5,14.151983508870947,bangalore
Maruti Swift,Maruti,Swift,10,42233.0,2,Petrol,Manual,22.38,1197.0,88.5,5,13.214032390746006,bangalore
Hyundai Grand i10,Hyundai,Grand i10,7,20941.0,1,Petrol,Manual,18.9,1197.0,81.86,5,13.335862167174314,bangalore
Maruti Vitara Brezza,Maruti,Vitara Brezza,8,50000.0,2,Diesel,Manual,24.3,1248.0,88.5,5,13.815511557963774,bangalore
Honda WR-V,Honda,WR-V,8,46602.0,1,Petrol,Manual,17.5,1199.0,88.7,5,13.670485941982712,bangalore
Mahindra Ssangyong Rexton,Mahindra,Ssangyong Rexton,12,50000.0,2,Diesel,Automatic,11.18,1949.5,180.02499999999998,7,13.815511557963774,bangalore
Maruti Swift,Maruti,Swift,12,104000.0,2,Diesel,Manual,25.2,1248.0,74.0,5,13.190023895035274,bangalore
Ford Ecosport,Ford,Ecosport,8,90000.0,1,Diesel,Manual,23.0,1498.0,98.96,5,13.790193775620484,bangalore
Maruti Baleno,Maruti,Baleno,9,50035.0,1,Petrol,Manual,21.4,1197.0,83.1,5,13.457407451830088,bangalore
Tata Nexon,Tata,Nexon,5,80000.0,1,Petrol,Manual,17.57,1199.0,118.36,5,13.955273369904273,bangalore
Hyundai i20,Hyundai,i20,11,90000.0,2,Petrol,Manual,18.6,1197.0,81.83,5,13.345508528717259,bangalore
Mercedes-Benz E-Class,Mercedes-Benz,E-Class,15,90000.0,4,Diesel,Automatic,14.21,1949.5,180.02499999999998,5,13.815511557963774,bangalore
Toyota Corolla Altis,Toyota,Corolla Altis,15,120000.0,1,Diesel,Manual,21.43,1364.0,87.2,5,13.304686600863562,bangalore
Maruti Swift Dzire,Maruti,Swift Dzire,11,25170.0,1,Petrol,Manual,22.41,1197.0,88.5,5,13.42246945133505,bangalore
Maruti Ciaz,Maruti,Ciaz,5,25022.0,1,Petrol,Manual,20.65,1462.0,103.25,5,13.702342979678837,bangalore
Maruti Swift,Maruti,Swift,14,100000.0,2,Diesel,Manual,22.9,1248.0,74.0,5,12.948012371209098,bangalore
Maruti Ciaz,Maruti,Ciaz,6,26367.0,1,Petrol,Manual,20.65,1462.0,103.25,5,13.754699481266208,bangalore
Hyundai Elantra,Hyundai,Elantra,11,76567.0,2,Petrol,Automatic,14.5,1797.0,147.5,5,13.353476685668044,bangalore
Toyota Innova,Toyota,Innova,13,120000.0,2,Diesel,Manual,12.99,1949.5,100.6,7,14.058457520888082,bangalore
Hyundai Grand i10,Hyundai,Grand i10,11,36459.0,2,Petrol,Automatic,18.9,1197.0,82.0,5,13.171155446333852,bangalore
Maruti SX4 S Cross,Maruti,SX4 S Cross,10,93725.0,1,Diesel,Manual,23.65,1248.0,88.5,5,13.527829818844937,bangalore
Maruti Ciaz,Maruti,Ciaz,10,115599.0,2,Petrol,Automatic,19.12,1373.0,91.1,5,13.356646255406224,bangalore
Maruti Swift Dzire,Maruti,Swift Dzire,11,43469.0,1,Petrol,Manual,22.41,1197.0,88.5,5,13.377007146164305,bangalore
Ford Ikon,Ford,Ikon,21,70000.0,4,Petrol,Manual,13.8,1299.0,70.0,5,13.122365377402328,bangalore
BMW X5,BMW,X5,7,77000.0,2,Diesel,Automatic,13.38,1949.5,180.02499999999998,5,15.731697752734405,bangalore
Maruti Vitara Brezza,Maruti,Vitara Brezza,8,100000.0,1,Diesel,Manual,24.3,1248.0,88.5,5,13.652992804936396,bangalore
Mitsubishi Cedia,Mitsubishi,Cedia,18,72000.0,1,Petrol,Manual,14.7,1949.5,115.0,5,12.608202196848836,bangalore
Jaguar XF,Jaguar,XF,13,77000.0,1,Diesel,Automatic,16.36,1949.5,180.02499999999998,5,14.55506458866523,bangalore
Audi Q7,Audi,Q7,13,87101.0,1,Diesel,Automatic,12.07,1949.5,180.02499999999998,7,14.845130332288226,bangalore
Volkswagen Polo,Volkswagen,Polo,5,40771.0,2,Petrol,Manual,18.24,999.0,108.62,5,13.81451105863119,bangalore
Honda Jazz,Honda,Jazz,8,28000.0,1,Petrol,Manual,18.7,1199.0,88.7,5,13.623139877437296,bangalore
Maruti Wagon R,Maruti,Wagon R,18,40000.0,3,Petrol,Manual,18.9,1061.0,67.0,5,12.429220196836383,bangalore
Hyundai Venue,Hyundai,Venue,6,26000.0,1,Petrol,Automatic,18.15,998.0,118.35,5,14.07402202531625,bangalore
Maruti Wagon R,Maruti,Wagon R,14,76032.0,1,Petrol,Manual,18.9,998.0,67.1,5,12.703816069256568,bangalore
Maruti Ciaz,Maruti,Ciaz,8,113780.0,1,Petrol,Manual,21.56,1462.0,103.25,5,13.4090464510229,bangalore
Audi A3,Audi,A3,7,24000.0,1,Diesel,Automatic,20.38,1949.5,143.0,5,14.64406281221155,bangalore
Hyundai Venue,Hyundai,Venue,6,65812.0,2,Diesel,Manual,23.7,1493.0,98.6,5,13.841179279371246,bangalore
Skoda Kushaq,Skoda,Kushaq,4,10000.0,1,Petrol,Automatic,17.2,999.0,113.98,5,14.346139397261565,bangalore
Maruti Baleno,Maruti,Baleno,10,39959.0,1,Petrol,Manual,21.4,1197.0,83.1,5,13.431319053559353,bangalore
Hyundai Alcazar,Hyundai,Alcazar,4,10000.0,1,Petrol,Automatic,14.2,1949.5,156.9,7,14.340239086899256,bangalore
Maruti Alto K10,Maruti,Alto K10,10,65484.0,3,Petrol,Manual,24.39,998.0,65.71,5,12.669809806411457,bangalore
Maruti Baleno,Maruti,Baleno,9,49174.0,1,Petrol,Manual,21.4,1197.0,83.1,5,13.441545570402797,bangalore
Volkswagen Taigun,Volkswagen,Taigun,4,20000.0,1,Petrol,Manual,20.08,999.0,113.98,5,14.077875591662238,bangalore
Hyundai i10,Hyundai,i10,17,50000.0,1,Petrol,Manual,20.36,1197.0,78.9,5,12.487488878546145,bangalore
Maruti Swift Dzire,Maruti,Swift Dzire,8,40000.0,2,Petrol,Automatic,22.0,1197.0,81.8,5,13.377007146164305,bangalore
Hyundai Alcazar,Hyundai,Alcazar,4,30000.0,1,Petrol,Automatic,14.2,1949.5,156.9,7,14.508658238524095,bangalore
BMW 3 Series,BMW,3 Series,19,50000.0,3,Petrol,Automatic,10.9,1949.5,180.02499999999998,5,13.710151153416941,bangalore
Maruti Swift,Maruti,Swift,6,80000.0,1,Petrol,Manual,21.21,1197.0,81.8,5,13.3374763699232,bangalore
MG Astor,MG,Astor,4,20000.0,1,Petrol,Manual,15.43,1498.0,108.49,5,14.200773639026796,bangalore
Hyundai Accent,Hyundai,Accent,16,70000.0,1,Cng,Manual,13.2,1495.0,93.7,5,12.301387370778713,bangalore
Audi A4,Audi,A4,12,90000.0,1,Diesel,Automatic,17.11,1949.5,174.33,5,14.204169225721929,bangalore
Renault KWID,Renault,KWID,6,40000.0,1,Petrol,Manual,21.74,999.0,67.0,5,12.936036208848487,bangalore
Honda Jazz,Honda,Jazz,10,63797.0,1,Petrol,Manual,18.7,1199.0,88.7,5,13.321215875492413,bangalore
Hyundai Grand i10,Hyundai,Grand i10,8,60216.0,2,Petrol,Manual,18.9,1197.0,81.86,5,13.235693848424024,bangalore
Maruti Alto K10,Maruti,Alto K10,11,10000.0,2,Petrol,Automatic,23.95,998.0,67.05,5,12.959846800844963,bangalore
Maruti Baleno,Maruti,Baleno,10,38153.0,1,Petrol,Manual,21.4,1197.0,83.1,5,13.438634364432907,bangalore
Maruti Swift,Maruti,Swift,11,76485.0,1,Petrol,Manual,22.38,1197.0,88.5,5,13.155800087724673,bangalore
Maruti Wagon R,Maruti,Wagon R,11,40000.0,2,Petrol,Manual,20.51,998.0,67.04,5,12.861001210669146,bangalore
Maruti Baleno,Maruti,Baleno,10,40623.0,1,Petrol,Manual,21.4,1197.0,83.1,5,13.42246945133505,bangalore
Mercedes-Benz C-Class,Mercedes-Benz,C-Class,8,18000.0,2,Diesel,Automatic,19.27,1949.5,167.62,5,15.009433329466965,bangalore
Maruti Swift,Maruti,Swift,12,88051.0,1,Petrol,Manual,22.38,1197.0,88.5,5,13.120363378739663,bangalore
Maruti Swift,Maruti,Swift,4,16522.0,1,Petrol,Manual,22.38,1197.0,88.5,5,13.559328444560693,bangalore
Jeep Compass,Jeep,Compass,7,70000.0,2,Diesel,Manual,16.3,1949.5,170.0,5,14.204169225721929,bangalore
Maruti Wagon R,Maruti,Wagon R,18,80000.0,3,Petrol,Manual,18.9,1061.0,67.0,5,12.388398368982115,bangalore
Hyundai Venue,Hyundai,Venue,7,50000.0,1,Diesel,Manual,23.7,1396.0,88.76,5,13.840204146163925,bangalore
Tata Nexon,Tata,Nexon,3,10000.0,1,Petrol,Manual,17.33,1199.0,118.35,5,14.151983508870947,bangalore
Hyundai EON,Hyundai,EON,13,57000.0,2,Petrol,Manual,21.1,814.0,55.2,5,12.560247968016562,bangalore
Mahindra XUV500,Mahindra,XUV500,10,110000.0,1,Diesel,Manual,16.0,1949.5,140.0,7,13.815511557963774,bangalore
Maruti Baleno,Maruti,Baleno,7,10000.0,1,Petrol,Manual,21.4,1197.0,83.1,5,13.567050480716235,bangalore
Maruti Swift,Maruti,Swift,14,50000.0,2,Petrol,Manual,18.6,1197.0,85.8,5,13.07107218827772,bangalore
Mahindra XUV300,Mahindra,XUV300,7,120000.0,1,Diesel,Manual,20.0,1497.0,115.0,5,13.527829818844937,bangalore
Hyundai Grand i10,Hyundai,Grand i10,12,35469.0,1,Petrol,Manual,18.9,1197.0,82.0,5,13.22672519452875,bangalore
Honda Jazz,Honda,Jazz,9,40073.0,2,Petrol,Manual,18.7,1199.0,88.7,5,13.316285717486736,bangalore
Hyundai Grand i10,Hyundai,Grand i10,9,65730.0,2,Petrol,Manual,18.9,1197.0,81.86,5,13.149978544437301,bangalore
Maruti Baleno,Maruti,Baleno,21,120000.0,2,Petrol,Manual,15.4,1590.0,94.0,5,12.429220196836383,bangalore
Maruti Baleno,Maruti,Baleno,10,36184.0,2,Petrol,Manual,21.4,1197.0,83.1,5,13.465954500233115,bangalore
Maruti Baleno,Maruti,Baleno,10,69310.0,1,Petrol,Manual,21.4,1197.0,83.1,5,13.389333939650964,bangalore
Honda City,Honda,City,11,55643.0,1,Petrol,Automatic,18.0,1497.0,117.3,5,13.67854584967945,bangalore
Hyundai Grand i10,Hyundai,Grand i10,9,62803.0,2,Petrol,Automatic,18.9,1197.0,81.86,5,13.242811303528269,bangalore
Volkswagen Polo,Volkswagen,Polo,15,90000.0,2,Diesel,Manual,22.07,1199.0,73.9,5,12.821260987319457,bangalore
Maruti Swift,Maruti,Swift,11,68656.0,1,Petrol,Manual,22.38,1197.0,88.5,5,13.217675375388819,bangalore
Honda Jazz,Honda,Jazz,10,77501.0,3,Petrol,Manual,18.7,1199.0,88.7,5,13.155800087724673,bangalore
Maruti Swift Dzire,Maruti,Swift Dzire,10,40000.0,1,Petrol,Manual,20.85,1197.0,83.14,5,13.3374763699232,bangalore
Maruti Swift Dzire,Maruti,Swift Dzire,10,40000.0,1,Petrol,Manual,20.85,1197.0,83.14,5,13.3374763699232,bangalore
Honda City,Honda,City,12,48325.0,1,Petrol,Automatic,18.0,1497.0,117.3,5,13.527829818844937,bangalore
Tata Nexon,Tata,Nexon,4,30000.0,1,Petrol,Manual,17.57,1199.0,118.36,5,14.014362236381235,bangalore
Mercedes-Benz B Class,Mercedes-Benz,B Class,13,100000.0,2,Diesel,Automatic,14.8,1949.5,120.7,5,14.115615891155079,bangalore
Maruti Swift,Maruti,Swift,11,69000.0,1,Petrol,Manual,22.0,1197.0,81.8,5,13.26212705890841,bangalore
Jeep Compass,Jeep,Compass,8,110000.0,1,Diesel,Manual,17.1,1949.5,170.0,5,14.038654909278163,bangalore
Hyundai Verna,Hyundai,Verna,10,50000.0,2,Petrol,Manual,17.01,1591.0,121.3,5,13.673948145715556,bangalore
Kia Carnival,Kia,Carnival,6,60000.0,1,Diesel,Automatic,14.11,1949.5,180.02499999999998,8,14.914123179965662,bangalore
Hyundai i20,Hyundai,i20,5,20000.0,1,Petrol,Manual,20.0,998.0,118.36,5,13.795308871054397,bangalore
Maruti Swift,Maruti,Swift,4,14999.0,1,Petrol,Automatic,22.56,1197.0,88.5,5,13.710151153416941,bangalore
Honda Jazz,Honda,Jazz,10,90773.0,2,Petrol,Manual,18.7,1199.0,88.7,5,13.217675375388819,bangalore
Skoda Rapid,Skoda,Rapid,14,90000.0,1,Diesel,Manual,20.5,1598.0,103.5,5,13.017005083966255,bangalore
Maruti Swift,Maruti,Swift,9,64917.0,2,Petrol,Manual,20.4,1197.0,81.8,5,13.321215875492413,bangalore
Honda Jazz,Honda,Jazz,9,70235.0,1,Petrol,Manual,18.7,1199.0,88.7,5,13.204866440535003,bangalore
Hyundai i20,Hyundai,i20,5,30000.0,1,Petrol,Manual,20.0,998.0,118.36,5,13.795308871054397,bangalore
Honda Jazz,Honda,Jazz,10,78782.0,1,Petrol,Manual,18.7,1199.0,88.7,5,13.190023895035274,bangalore
Mahindra XUV500,Mahindra,XUV500,12,152115.125,2,Diesel,Manual,15.1,1949.5,140.0,7,13.652992804936396,bangalore
Maruti Ciaz,Maruti,Ciaz,10,72136.0,2,Petrol,Manual,20.73,1373.0,91.1,5,13.401510631691982,bangalore
Maruti Swift,Maruti,Swift,11,52486.0,2,Petrol,Manual,22.38,1197.0,88.5,5,13.132315688453556,bangalore
Skoda Laura,Skoda,Laura,19,150000.0,1,Diesel,Automatic,15.6,1896.0,106.0,5,13.017005083966255,bangalore
Honda WR-V,Honda,WR-V,9,36887.0,1,Petrol,Manual,17.5,1199.0,88.7,5,13.670485941982712,bangalore
Hyundai Venue,Hyundai,Venue,7,47962.0,1,Petrol,Manual,18.27,998.0,118.35,5,13.81451105863119,bangalore
Nissan Terrano,Nissan,Terrano,12,135000.0,1,Diesel,Manual,20.45,1461.0,83.8,5,13.296318365198623,bangalore
Skoda Superb,Skoda,Superb,8,47398.0,2,Petrol,Automatic,14.67,1798.0,177.46,5,14.676289002741061,bangalore
Fiat Linea,Fiat,Linea,14,50000.0,2,Petrol,Manual,14.6,1368.0,112.0,5,12.899222326086994,bangalore
Maruti Swift Dzire,Maruti,Swift Dzire,14,100000.0,1,Diesel,Manual,19.3,1248.0,73.9,5,13.217675375388819,bangalore
BMW X4,BMW,X4,6,55000.0,1,Diesel,Automatic,14.71,1949.5,180.02499999999998,5,15.615568995296266,bangalore
BMW X3,BMW,X3,15,110000.0,2,Diesel,Automatic,16.55,1949.5,180.02499999999998,5,14.285514812209815,bangalore
Volkswagen Polo,Volkswagen,Polo,13,90000.0,3,Petrol,Automatic,17.21,1197.0,103.6,5,13.161586013632684,bangalore
Maruti Baleno,Maruti,Baleno,10,116624.0,1,Petrol,Manual,21.4,1197.0,83.1,5,13.331003865890963,bangalore
Maruti Ciaz,Maruti,Ciaz,7,54561.0,2,Petrol,Manual,21.56,1462.0,103.25,5,13.586098651497313,bangalore
Toyota Innova,Toyota,Innova,13,120000.0,2,Diesel,Manual,12.99,1949.5,100.6,7,14.058457520888082,bangalore
Honda Jazz,Honda,Jazz,10,65072.0,1,Petrol,Manual,18.7,1199.0,88.7,5,13.343907249914384,bangalore
Hyundai Grand i10,Hyundai,Grand i10,9,133532.0,1,Petrol,Manual,18.9,1197.0,81.86,5,13.215855541983634,bangalore
Toyota Innova,Toyota,Innova,16,120000.0,3,Diesel,Manual,11.4,1949.5,100.6,7,13.541075028051122,bangalore
Maruti Swift Dzire,Maruti,Swift Dzire,13,39886.0,1,Petrol,Manual,22.41,1197.0,88.5,5,13.169248871698304,bangalore
Mahindra XUV500,Mahindra,XUV500,7,80000.0,1,Diesel,Manual,15.1,1949.5,152.87,7,14.316286451937186,bangalore
Maruti Swift,Maruti,Swift,11,56976.0,2,Diesel,Manual,25.2,1248.0,74.0,5,13.275944180597024,bangalore
Volkswagen Vento,Volkswagen,Vento,6,68303.0,2,Petrol,Manual,17.69,999.0,108.62,5,13.95266126795071,bangalore
Mini Cooper,Mini,Cooper,13,80000.0,2,Petrol,Automatic,13.6,1598.0,180.02499999999998,4,14.375126917328105,bangalore
Skoda Rapid,Skoda,Rapid,10,54000.0,1,Diesel,Automatic,21.72,1498.0,108.6,5,13.623139877437296,bangalore
Land Rover Discovery Sport,Land,Rover Discovery Sport,10,98500.0,1,Diesel,Automatic,12.51,1949.5,180.02499999999998,7,14.962913328262083,bangalore
Volkswagen Polo,Volkswagen,Polo,8,72348.0,1,Petrol,Manual,16.2,1199.0,74.0,5,13.534474352733596,bangalore
Hyundai Creta,Hyundai,Creta,11,70000.0,1,Petrol,Manual,13.0,1591.0,121.3,5,13.681980308196241,bangalore
Volkswagen Polo,Volkswagen,Polo,5,62696.0,1,Petrol,Manual,17.74,999.0,75.1,5,13.658857917508856,bangalore
Toyota Fortuner,Toyota,Fortuner,12,152115.125,3,Diesel,Automatic,12.55,1949.5,168.5,7,14.427990377462038,bangalore
Hyundai Grand i10,Hyundai,Grand i10,10,65000.0,1,Petrol,Manual,18.9,1197.0,82.0,5,13.171155446333852,bangalore
Hyundai Grand i10,Hyundai,Grand i10,9,36000.0,1,Petrol,Automatic,18.9,1197.0,81.86,5,13.384729180332174,bangalore
Toyota Innova,Toyota,Innova,15,152115.125,2,Diesel,Manual,12.8,1949.5,102.0,7,13.76421831620775,bangalore
Honda City,Honda,City,8,71905.0,1,Petrol,Automatic,18.0,1497.0,117.6,5,13.648275820620759,bangalore
Maruti Swift,Maruti,Swift,13,69748.0,2,Petrol,Manual,22.38,1197.0,88.5,5,12.95749109270188,bangalore
Maruti Alto,Maruti,Alto,18,44000.0,1,Petrol,Manual,19.7,796.0,46.3,5,12.25486757159303,bangalore
Toyota Yaris,Toyota,Yaris,5,17875.0,2,Petrol,Manual,17.1,1496.0,105.94,5,13.7736473966179,bangalore
Renault Duster,Renault,Duster,6,95678.0,1,Petrol,Manual,16.42,1330.0,153.866,5,13.697853639354802,bangalore
Renault Kiger,Renault,Kiger,4,12003.0,1,Petrol,Automatic,19.03,999.0,71.01,5,13.652992804936396,bangalore
Ford Ecosport,Ford,Ecosport,8,114427.0,2,Diesel,Manual,23.0,1498.0,98.96,5,13.636385088238372,bangalore
Renault Kiger,Renault,Kiger,4,20000.0,1,Petrol,Automatic,19.03,999.0,71.01,5,13.399996629152975,bangalore
Honda Brio,Honda,Brio,14,64655.0,1,Petrol,Manual,19.4,1198.0,86.8,5,12.718899265966332,bangalore
Mahindra KUV 100,Mahindra,KUV 100,8,46456.0,1,Petrol,Manual,18.15,1198.0,82.0,6,13.29463628184505,bangalore
Renault Kiger,Renault,Kiger,5,20000.0,1,Petrol,Automatic,18.24,999.0,98.63,5,13.80647082239335,bangalore
Jeep Compass,Jeep,Compass,8,50000.0,1,Diesel,Manual,17.1,1949.5,170.0,5,14.187074804051692,bangalore
Volkswagen Vento,Volkswagen,Vento,15,90000.0,4,Diesel,Manual,20.54,1598.0,103.6,5,12.296831574998258,bangalore
Toyota Innova,Toyota,Innova,18,150000.0,3,Diesel,Manual,12.8,1949.5,102.0,8,13.02805489573287,bangalore
Maruti Baleno,Maruti,Baleno,4,10000.0,1,Petrol,Manual,22.35,1197.0,88.5,5,13.623139877437296,bangalore
Honda City,Honda,City,8,40000.0,1,Petrol,Manual,17.4,1497.0,117.6,5,13.623139877437296,bangalore
Ford Ecosport,Ford,Ecosport,6,40000.0,1,Diesel,Manual,23.0,1498.0,98.96,5,13.732128949025222,bangalore
Mercedes-Benz C-Class,Mercedes-Benz,C-Class,8,20000.0,2,Diesel,Automatic,19.27,1949.5,167.62,5,15.009433329466965,bangalore
Ford Ecosport,Ford,Ecosport,9,91598.0,2,Diesel,Manual,22.77,1498.0,98.59,5,13.499430382731967,bangalore
Maruti Celerio,Maruti,Celerio,11,57521.0,1,Petrol,Manual,25.24,998.0,65.71,5,12.976183182038383,bangalore
Renault Duster,Renault,Duster,10,100000.0,1,Diesel,Manual,19.87,1461.0,83.8,5,13.45883704259595,bangalore
Hyundai Verna,Hyundai,Verna,5,7598.0,1,Petrol,Manual,17.7,1497.0,113.18,5,14.22030944419592,bangalore
Renault Duster,Renault,Duster,9,38520.0,1,Petrol,Manual,13.06,1598.0,102.53,5,13.54370314700388,bangalore
MG Astor,MG,Astor,4,20000.0,1,Petrol,Manual,15.43,1498.0,108.49,5,14.301018989130402,bangalore
Renault Duster,Renault,Duster,12,110455.0,2,Diesel,Manual,20.45,1461.0,83.8,5,13.356646255406224,bangalore
Hyundai Venue,Hyundai,Venue,6,26901.0,1,Petrol,Automatic,18.15,998.0,118.35,5,14.012721548269704,bangalore
Hyundai Grand i10,Hyundai,Grand i10,9,65376.0,1,Petrol,Automatic,18.9,1197.0,81.86,5,13.169248871698304,bangalore
Mahindra XUV500,Mahindra,XUV500,8,28177.0,3,Diesel,Manual,15.1,1949.5,152.87,7,14.155548572493503,bangalore
Kia Sonet,Kia,Sonet,4,10000.0,1,Petrol,Manual,18.2,998.0,118.36,5,14.144815024531075,bangalore
Hyundai Creta,Hyundai,Creta,8,27000.0,1,Petrol,Automatic,13.0,1591.0,121.3,5,14.058457520888082,bangalore
Hyundai i10,Hyundai,i10,16,90000.0,3,Petrol,Automatic,19.2,1197.0,80.0,5,12.524530013005734,bangalore
Honda City,Honda,City,4,20000.0,1,Petrol,Manual,17.4,1497.0,117.6,5,13.933294482509151,bangalore
Honda City,Honda,City,10,82998.0,1,Petrol,Automatic,18.0,1497.0,117.3,5,13.384729180332174,bangalore
Audi A4,Audi,A4,16,110000.0,3,Petrol,Automatic,12.3,1781.0,163.2,5,13.45883704259595,bangalore
Honda City,Honda,City,7,14500.0,1,Petrol,Manual,17.14,1497.0,117.6,5,13.910821646859095,bangalore
Mahindra Verito,Mahindra,Verito,10,120000.0,3,Diesel,Manual,21.03,1461.0,65.0,5,12.468440756144114,bangalore
Hyundai i10,Hyundai,i10,16,68000.0,2,Petrol,Automatic,19.2,1197.0,80.0,5,12.886643575525625,bangalore
Hyundai Xcent,Hyundai,Xcent,7,25887.0,1,Petrol,Manual,20.14,1197.0,81.86,5,13.431319053559353,bangalore
Maruti S-Presso,Maruti,S-Presso,6,74094.0,1,Petrol,Manual,21.7,998.0,65.71,5,12.91164481522143,bangalore
Honda Jazz,Honda,Jazz,8,40000.0,1,Petrol,Automatic,19.0,1199.0,88.7,5,13.547632419997361,bangalore
Maruti Ritz,Maruti,Ritz,12,91045.0,1,Diesel,Manual,23.2,1248.0,73.94,5,13.096021455450709,bangalore
Mahindra XUV500,Mahindra,XUV500,8,80033.0,1,Diesel,Manual,15.1,1949.5,152.87,7,14.20349103015724,bangalore
Mahindra XUV500,Mahindra,XUV500,9,70000.0,2,Diesel,Automatic,16.0,1949.5,140.0,7,14.108180918195472,bangalore
Renault Triber,Renault,Triber,5,13957.0,1,Petrol,Automatic,18.2,999.0,71.01,7,13.554147092530322,bangalore
Maruti Baleno,Maruti,Baleno,8,34140.0,2,Petrol,Automatic,21.4,1197.0,83.1,5,13.614618838078025,bangalore
Ford Ecosport,Ford,Ecosport,9,20056.0,1,Petrol,Manual,17.0,1497.0,121.31,5,13.49254805258237,bangalore
Maruti Celerio,Maruti,Celerio,10,38233.0,3,Petrol,Automatic,26.0,998.0,65.71,5,13.056225711649638,bangalore
Volkswagen Jetta,Volkswagen,Jetta,13,100000.0,1,Petrol,Manual,14.69,1390.0,120.33,5,13.122365377402328,bangalore
Ford Ecosport,Ford,Ecosport,10,50000.0,2,Diesel,Manual,22.77,1498.0,98.59,5,13.304686600863562,bangalore
Mahindra XUV500,Mahindra,XUV500,9,70000.0,2,Diesel,Manual,16.0,1949.5,140.0,7,14.115615891155079,bangalore
Hyundai Grand i10,Hyundai,Grand i10,10,44000.0,1,Petrol,Manual,18.9,1197.0,82.0,5,13.171155446333852,bangalore
Hyundai Getz,Hyundai,Getz,20,90000.0,2,Petrol,Manual,15.3,1341.0,83.0,5,12.07254696717504,bangalore
Maruti Ciaz,Maruti,Ciaz,10,30000.0,1,Petrol,Automatic,19.12,1373.0,91.1,5,13.493928313146206,bangalore
Hyundai Grand i10,Hyundai,Grand i10,8,50000.0,1,Petrol,Manual,18.9,1197.0,81.86,5,13.217675375388819,bangalore
Maruti Swift,Maruti,Swift,7,98000.0,1,Petrol,Manual,22.0,1197.0,81.8,5,13.384729180332174,bangalore
Honda Jazz,Honda,Jazz,9,47000.0,1,Petrol,Automatic,18.2,1199.0,88.7,5,13.560619598657233,bangalore
Hyundai Verna,Hyundai,Verna,7,70000.0,1,Petrol,Manual,17.0,1591.0,121.3,5,13.710151153416941,bangalore
Maruti Alto 800,Maruti,Alto 800,6,16998.0,1,Petrol,Manual,22.05,796.0,47.33,5,12.919024904363686,bangalore
Hyundai Grand i10,Hyundai,Grand i10,9,15256.0,1,Petrol,Automatic,18.9,1197.0,81.86,5,13.372345140303285,bangalore
Hyundai Verna,Hyundai,Verna,7,70000.0,1,Petrol,Manual,17.0,1591.0,121.3,5,13.710151153416941,bangalore
Datsun RediGO,Datsun,RediGO,6,4495.0,1,Petrol,Automatic,22.5,999.0,67.0,5,13.163507240119458,bangalore
Renault Triber,Renault,Triber,6,34561.0,1,Petrol,Manual,20.0,999.0,71.01,7,13.451668563394815,bangalore
Maruti Alto K10,Maruti,Alto K10,8,40000.0,2,Petrol,Manual,23.95,998.0,67.05,5,12.873904582205107,bangalore
Tata Tiago,Tata,Tiago,10,142135.0,1,Petrol,Manual,23.84,1199.0,84.0,5,12.969214528909768,bangalore
Ford Aspire,Ford,Aspire,5,120000.0,1,Petrol,Manual,18.5,1194.0,94.93,5,13.161586013632684,bangalore
Maruti Wagon R,Maruti,Wagon R,7,9553.0,1,Petrol,Automatic,20.52,1197.0,81.8,5,13.345508528717259,bangalore
Renault KWID,Renault,KWID,4,7600.0,1,Petrol,Manual,21.46,999.0,67.06,5,13.30635187740947,bangalore
Jeep Compass,Jeep,Compass,9,120000.0,1,Diesel,Manual,17.1,1949.5,170.0,5,14.077875591662238,bangalore
Hyundai Grand i10,Hyundai,Grand i10,9,20000.0,1,Petrol,Automatic,18.9,1197.0,81.86,5,13.377007146164305,bangalore
Audi Q7,Audi,Q7,13,120000.0,2,Diesel,Automatic,12.07,1949.5,180.02499999999998,7,14.496079462646344,bangalore
Hyundai i20,Hyundai,i20,10,45578.0,1,Petrol,Manual,18.6,1197.0,81.83,5,13.451668563394815,bangalore
Volkswagen Jetta,Volkswagen,Jetta,13,100000.0,1,Petrol,Manual,14.69,1390.0,120.33,5,13.122365377402328,bangalore
BMW 3 Series,BMW,3 Series,12,100000.0,2,Diesel,Automatic,22.69,1949.5,180.02499999999998,5,14.312643462870584,bangalore
Ford Ecosport,Ford,Ecosport,7,42000.0,1,Petrol,Manual,17.0,1497.0,121.36,5,13.704578997256993,bangalore
Hyundai i10,Hyundai,i10,13,90000.0,2,Petrol,Manual,20.36,1197.0,78.9,5,12.765691290604371,bangalore
Hyundai Verna,Hyundai,Verna,14,70000.0,1,Diesel,Manual,22.32,1582.0,126.32,5,13.217675375388819,bangalore
Ford Endeavour,Ford,Endeavour,16,100000.0,3,Diesel,Automatic,11.4,1949.5,153.86,7,13.527829818844937,bangalore
Maruti Ignis,Maruti,Ignis,9,16306.0,1,Petrol,Manual,20.89,1197.0,81.8,5,13.272507757002963,bangalore
Maruti Wagon R,Maruti,Wagon R,6,25086.0,3,Petrol,Manual,20.52,1197.0,81.8,5,13.148033073468746,bangalore
Maruti Baleno,Maruti,Baleno,9,54845.0,1,Petrol,Manual,21.01,1197.0,81.8,5,13.384729180332174,bangalore
Ford Freestyle,Ford,Freestyle,6,35642.0,1,Diesel,Manual,24.4,1498.0,98.63,5,13.599840262182784,bangalore
Maruti Baleno,Maruti,Baleno,10,22173.0,1,Petrol,Automatic,21.4,1197.0,83.1,5,13.493928313146206,bangalore
BMW 5 Series,BMW,5 Series,8,50000.0,1,Diesel,Automatic,17.42,1949.5,180.02499999999998,5,15.414898336565054,bangalore
Hyundai Grand i10,Hyundai,Grand i10,12,67790.0,1,Petrol,Manual,18.9,1197.0,82.0,5,12.962196972666593,bangalore
Maruti Alto K10,Maruti,Alto K10,7,38000.0,1,Petrol,Manual,23.95,998.0,67.05,5,13.091904169919621,bangalore
Honda Brio,Honda,Brio,14,49713.0,2,Petrol,Manual,19.4,1198.0,86.8,5,12.768544351446794,bangalore
Renault KWID,Renault,KWID,5,10002.0,1,Petrol,Manual,21.46,999.0,67.06,5,13.102162710901053,bangalore
Mahindra XUV500,Mahindra,XUV500,9,46706.0,1,Diesel,Manual,16.0,1949.5,140.0,7,14.217637433703022,bangalore
Maruti Swift,Maruti,Swift,12,90000.0,2,Diesel,Manual,25.2,1248.0,74.0,5,13.142166004700508,bangalore
BMW X3,BMW,X3,10,106000.0,1,Diesel,Automatic,18.56,1949.5,180.02499999999998,5,14.827111833279051,bangalore
Volkswagen Polo,Volkswagen,Polo,9,55833.0,1,Petrol,Automatic,17.21,1197.0,103.5,5,13.840204146163925,bangalore
Audi Q3,Audi,Q3,11,46716.0,2,Diesel,Automatic,15.73,1949.5,174.33,5,14.667796386301658,bangalore
Skoda Rapid,Skoda,Rapid,10,54000.0,1,Diesel,Manual,21.13,1498.0,108.6,5,13.623139877437296,bangalore
Ford Ecosport,Ford,Ecosport,10,68000.0,2,Diesel,Manual,21.7,1498.0,98.96,5,13.42246945133505,bangalore
Ford Figo,Ford,Figo,16,113348.0,3,Diesel,Manual,20.0,1399.0,68.05,5,12.154784614286667,bangalore
Audi A6,Audi,A6,12,134000.0,1,Diesel,Automatic,17.68,1949.5,174.33,5,13.698977865303197,bangalore
Renault Kiger,Renault,Kiger,4,20000.0,1,Petrol,Automatic,19.03,999.0,71.01,5,13.620712694725297,bangalore
Maruti Swift,Maruti,Swift,12,52311.0,1,Petrol,Manual,22.38,1197.0,88.5,5,13.224921770781943,bangalore
Maruti Swift Dzire,Maruti,Swift Dzire,12,59514.0,1,Petrol,Manual,22.41,1197.0,88.5,5,13.120363378739663,bangalore
Renault Kiger,Renault,Kiger,4,10000.0,1,Petrol,Automatic,19.03,999.0,71.01,5,13.610944619216111,bangalore
Maruti Baleno,Maruti,Baleno,6,36743.0,1,Petrol,Manual,21.01,1197.0,81.8,5,13.4856180275228,bangalore
Maruti Celerio,Maruti,Celerio,11,83046.0,1,Petrol,Manual,25.24,998.0,65.71,5,12.826651821423713,bangalore
Maruti Celerio,Maruti,Celerio,8,10000.0,1,Petrol,Automatic,23.1,998.0,67.04,5,13.151924121391561,bangalore
Honda Jazz,Honda,Jazz,10,59420.0,2,Petrol,Manual,18.7,1199.0,88.7,5,13.224921770781943,bangalore
Tata Tigor,Tata,Tigor,3,4545.0,1,Petrol,Manual,20.3,1199.0,83.81,5,13.45883704259595,bangalore
Maruti Swift,Maruti,Swift,15,70404.0,1,Petrol,Manual,22.38,1197.0,88.5,5,12.92391243868049,bangalore
Maruti Ciaz,Maruti,Ciaz,10,39725.0,1,Petrol,Manual,20.73,1373.0,91.1,5,13.437175577097312,bangalore
BMW 3 Series,BMW,3 Series,4,10000.0,1,Petrol,Automatic,16.13,1949.5,180.02499999999998,5,15.520258832020865,bangalore
Kia Seltos,Kia,Seltos,4,10000.0,1,Diesel,Automatic,17.8,1493.0,113.42,5,14.403297778421795,bangalore
Maruti Wagon R,Maruti,Wagon R,20,60000.0,2,Petrol,Manual,18.9,998.0,67.1,5,12.100717685412471,bangalore
Ford Ecosport,Ford,Ecosport,8,50000.0,2,Petrol,Manual,17.0,1497.0,121.31,5,13.547632419997361,bangalore
MG Hector,MG,Hector,3,10000.0,1,Petrol,Manual,13.79,1451.0,141.0,5,14.48334044336031,bangalore
Hyundai Elantra,Hyundai,Elantra,13,50000.0,3,Petrol,Manual,16.3,1797.0,147.5,5,13.104201443434462,bangalore
Ford Ecosport,Ford,Ecosport,5,23272.0,1,Diesel,Manual,21.7,1498.0,98.96,5,13.976779556623864,bangalore
Ford Ecosport,Ford,Ecosport,6,8407.0,1,Petrol,Manual,15.9,1496.0,120.69,5,13.81451105863119,bangalore
Maruti Swift,Maruti,Swift,8,50000.0,1,Petrol,Automatic,21.21,1197.0,81.8,5,13.480039220276565,bangalore
Audi A4,Audi,A4,8,10000.0,1,Diesel,Automatic,18.25,1949.5,180.02499999999998,5,15.039286283703994,bangalore
Hyundai i20,Hyundai,i20,14,54305.0,1,Petrol,Manual,18.5,1197.0,82.85,5,12.90917263218775,bangalore
Hyundai i10,Hyundai,i10,10,50000.0,2,Petrol,Manual,19.81,1086.0,68.05,5,12.788291058675025,bangalore
Maruti Ignis,Maruti,Ignis,9,64998.0,1,Petrol,Automatic,20.89,1197.0,81.8,5,13.272507757002963,bangalore
Hyundai i20,Hyundai,i20,11,75940.0,1,Petrol,Manual,18.6,1197.0,81.83,5,13.353476685668044,bangalore
Honda Jazz,Honda,Jazz,10,25639.0,1,Petrol,Manual,18.7,1199.0,88.7,5,13.235693848424024,bangalore
Mahindra XUV500,Mahindra,XUV500,7,44107.0,1,Diesel,Manual,15.1,1949.5,152.87,7,14.254411086903794,bangalore
Hyundai Verna,Hyundai,Verna,12,60000.0,2,Petrol,Manual,17.01,1591.0,121.3,5,13.171155446333852,bangalore
Maruti Celerio,Maruti,Celerio,8,41594.0,1,Petrol,Manual,23.1,998.0,67.04,5,13.124363376072994,bangalore
Maruti Wagon R,Maruti,Wagon R,6,24786.0,2,Petrol,Automatic,20.52,1197.0,81.8,5,13.332625923631754,bangalore
Maruti Alto K10,Maruti,Alto K10,9,56000.0,1,Petrol,Manual,23.95,998.0,67.05,5,12.807655372286902,bangalore
Honda City,Honda,City,8,90000.0,1,Petrol,Automatic,18.3,1498.0,119.35,5,13.81049801614073,bangalore
Hyundai i20,Hyundai,i20,7,31000.0,2,Petrol,Manual,18.6,1197.0,81.83,5,13.560619598657233,bangalore
Jaguar F-Pace,Jaguar,F-Pace,8,30000.0,2,Diesel,Automatic,16.38,1949.5,177.0,5,15.363073279446223,bangalore
Hyundai Verna,Hyundai,Verna,9,36000.0,1,Petrol,Manual,17.7,1591.0,121.3,5,13.554147092530322,bangalore
Maruti Swift,Maruti,Swift,8,19065.0,1,Petrol,Manual,22.0,1197.0,81.8,5,13.493928313146206,bangalore
Honda Jazz,Honda,Jazz,7,30538.0,1,Petrol,Automatic,18.2,1199.0,88.7,5,13.641158361294979,bangalore
Hyundai i20,Hyundai,i20,8,48891.0,2,Petrol,Manual,18.6,1197.0,81.86,5,13.591117476312084,bangalore
Mercedes-Benz A Class,Mercedes-Benz,A Class,12,60000.0,2,Petrol,Automatic,15.5,1595.0,120.7,5,14.137594781770806,bangalore
Maruti Swift,Maruti,Swift,8,26676.0,1,Petrol,Manual,22.0,1197.0,81.8,5,13.453106376097134,bangalore
Maruti Swift,Maruti,Swift,11,35647.0,1,Petrol,Manual,22.38,1197.0,88.5,5,13.263864675787632,bangalore
Toyota Glanza,Toyota,Glanza,6,63825.0,1,Petrol,Manual,22.35,1197.0,88.5,5,13.488395803228677,bangalore
Honda City,Honda,City,8,31346.0,2,Petrol,Manual,17.4,1497.0,117.6,5,13.81049801614073,bangalore
Hyundai i20,Hyundai,i20,11,79349.0,2,Petrol,Manual,18.6,1197.0,81.83,5,13.29463628184505,bangalore
Mahindra XUV500,Mahindra,XUV500,11,88203.0,1,Diesel,Manual,15.1,1949.5,140.0,7,13.739709923296061,bangalore
Audi Q3,Audi,Q3,8,37370.0,1,Diesel,Automatic,15.17,1949.5,180.02499999999998,5,15.001828732394953,bangalore
Maruti Wagon R,Maruti,Wagon R,11,52228.0,1,Petrol,Manual,20.51,998.0,67.04,5,12.962196972666593,bangalore
Hyundai Creta,Hyundai,Creta,11,70000.0,1,Diesel,Automatic,17.01,1582.0,126.2,5,13.910821646859095,bangalore
Nissan Magnite,Nissan,Magnite,4,40542.0,1,Petrol,Manual,20.0,999.0,98.63,5,13.715691327653829,bangalore
Renault Duster,Renault,Duster,7,47936.0,1,Petrol,Automatic,14.99,1498.0,104.5,5,13.650637094018627,bangalore
Skoda Superb,Skoda,Superb,18,70000.0,2,Diesel,Automatic,11.9,1949.5,163.2,5,13.26212705890841,bangalore
Honda City,Honda,City,13,110000.0,5,Petrol,Manual,16.8,1497.0,116.3,5,12.899222326086994,bangalore
Hyundai Creta,Hyundai,Creta,10,45000.0,2,Petrol,Manual,15.29,1591.0,121.3,5,13.704578997256993,bangalore
Hyundai Venue,Hyundai,Venue,7,20469.0,1,Petrol,Manual,18.27,998.0,118.35,5,13.909912143303451,bangalore
Hyundai i20,Hyundai,i20,15,60000.0,1,Petrol,Manual,17.0,1197.0,180.02499999999998,5,12.959846800844963,bangalore
Maruti Swift Dzire,Maruti,Swift Dzire,14,70000.0,2,Petrol,Manual,19.1,1197.0,85.8,5,13.005831808336863,bangalore
Skoda Rapid,Skoda,Rapid,12,150000.0,4,Diesel,Manual,20.5,1598.0,103.5,5,12.676079399771027,bangalore
Volkswagen Vento,Volkswagen,Vento,9,46258.0,2,Petrol,Manual,16.09,1598.0,103.2,5,13.560619598657233,bangalore
Maruti Wagon R,Maruti,Wagon R,13,54242.0,3,Petrol,Manual,18.9,998.0,67.1,5,12.69771850797869,bangalore
Honda Jazz,Honda,Jazz,9,90727.0,1,Petrol,Automatic,19.0,1199.0,88.7,5,13.401510631691982,bangalore
Mahindra XUV500,Mahindra,XUV500,14,100000.0,1,Diesel,Manual,15.1,1949.5,140.0,7,13.560619598657233,bangalore
Maruti Swift Dzire,Maruti,Swift Dzire,9,31003.0,1,Petrol,Manual,21.21,1197.0,81.8,5,13.432786403100184,bangalore
Hyundai Grand i10,Hyundai,Grand i10,9,24233.0,1,Petrol,Manual,18.9,1197.0,81.86,5,13.265599278590988,bangalore
Volkswagen Polo,Volkswagen,Polo,11,90000.0,3,Petrol,Manual,16.47,1198.0,74.0,5,13.122365377402328,bangalore
Honda Jazz,Honda,Jazz,9,36983.0,1,Petrol,Manual,18.7,1199.0,88.7,5,13.428377879293798,bangalore
Mercedes-Benz B Class,Mercedes-Benz,B Class,12,68915.0,1,Diesel,Automatic,14.8,1949.5,120.7,5,14.183620571569953,bangalore
Maruti Swift,Maruti,Swift,5,5440.0,1,Petrol,Manual,22.38,1197.0,88.5,5,13.561909087824318,bangalore
Tata Tiago,Tata,Tiago,5,8096.0,1,Petrol,Manual,20.09,1199.0,84.82,5,13.444448325847754,bangalore
Skoda Rapid,Skoda,Rapid,14,120000.0,2,Diesel,Manual,20.5,1598.0,103.5,5,12.847929163278053,bangalore
Renault Duster,Renault,Duster,12,60000.0,3,Petrol,Manual,13.24,1598.0,102.57,5,13.235693848424024,bangalore
Tata Safari Storme,Tata,Safari Storme,9,120000.0,1,Diesel,Manual,14.1,1949.5,147.94,7,13.933294482509151,bangalore
Renault Lodgy,Renault,Lodgy,11,125903.0,2,Diesel,Manual,19.98,1461.0,108.5,7,13.151924121391561,bangalore
Hyundai i20,Hyundai,i20,8,33040.0,2,Petrol,Manual,18.6,1197.0,81.86,5,13.591117476312084,bangalore
Toyota Fortuner,Toyota,Fortuner,17,110000.0,2,Diesel,Manual,11.5,1949.5,171.0,7,13.997832948091215,bangalore
Hyundai i20,Hyundai,i20,7,30722.0,1,Diesel,Manual,22.54,1396.0,88.76,5,13.635188201437066,bangalore
Honda City,Honda,City,10,80000.0,1,Diesel,Manual,26.0,1498.0,98.6,5,13.527829818844937,bangalore
Toyota Fortuner,Toyota,Fortuner,17,120000.0,2,Diesel,Manual,11.5,1949.5,171.0,7,14.058457520888082,bangalore
Mercedes-Benz E-Class,Mercedes-Benz,E-Class,9,33000.0,2,Diesel,Automatic,14.21,1949.5,180.02499999999998,5,14.938815784425955,bangalore
Honda City,Honda,City,12,58778.0,1,Petrol,Manual,17.4,1497.0,117.3,5,13.174957725054906,bangalore
Maruti S-Presso,Maruti,S-Presso,7,51395.0,1,Petrol,Manual,21.7,998.0,65.71,5,12.962196972666593,bangalore
Ford Ecosport,Ford,Ecosport,11,100000.0,2,Petrol,Automatic,14.7,1496.0,120.69,5,13.345508528717259,bangalore
Maruti Swift Dzire,Maruti,Swift Dzire,13,65881.0,2,Petrol,Manual,22.41,1197.0,88.5,5,13.010316110729669,bangalore
Maruti Swift,Maruti,Swift,12,49934.0,2,Petrol,Manual,22.38,1197.0,88.5,5,13.221305136851795,bangalore
Honda City,Honda,City,10,91000.0,2,Diesel,Manual,26.0,1498.0,98.6,5,13.586098651497313,bangalore
Maruti Celerio X,Maruti,Celerio X,8,61576.0,2,Petrol,Manual,21.63,998.0,67.0,5,13.036807667689546,bangalore
Maruti Ciaz,Maruti,Ciaz,10,114321.0,2,Petrol,Manual,20.73,1373.0,91.1,5,13.45883704259595,bangalore
Maruti S-Presso,Maruti,S-Presso,7,53125.0,1,Petrol,Manual,21.7,998.0,65.71,5,12.91164481522143,bangalore
Renault KWID,Renault,KWID,6,36462.0,1,Petrol,Automatic,22.0,999.0,67.0,5,13.19189130572284,bangalore
Mercedes-Benz M-Class,Mercedes-Benz,M-Class,12,97542.0,1,Diesel,Automatic,15.26,1949.5,180.02499999999998,5,14.690979711984754,bangalore
Mercedes-Benz GLE,Mercedes-Benz,GLE,9,89000.0,1,Diesel,Automatic,11.57,1949.5,180.02499999999998,5,15.372602200774299,bangalore
Renault Duster,Renault,Duster,8,13000.0,2,Petrol,Manual,14.99,1498.0,104.5,5,13.704578997256993,bangalore
Hyundai Verna,Hyundai,Verna,8,41000.0,1,Diesel,Manual,22.0,1582.0,126.2,5,14.13396501635527,bangalore
Volkswagen Polo,Volkswagen,Polo,9,94471.0,1,Petrol,Automatic,17.21,1197.0,103.5,5,13.68767832281738,bangalore
Toyota Innova,Toyota,Innova,15,58000.0,1,Diesel,Manual,12.8,1949.5,102.0,7,13.845070331079134,bangalore
Maruti Wagon R,Maruti,Wagon R,10,46000.0,1,Petrol,Manual,20.52,1197.0,81.8,5,13.07107218827772,bangalore
Toyota Urban cruiser,Toyota,Urban cruiser,5,50000.0,1,Petrol,Manual,17.03,1462.0,103.26,5,13.774689605110144,bangalore
Maruti Celerio,Maruti,Celerio,6,36004.0,2,Petrol,Manual,21.63,998.0,67.05,5,13.184400648021263,bangalore
Honda City,Honda,City,10,58808.0,2,Petrol,Manual,17.8,1497.0,117.3,5,13.386266457287837,bangalore
Mercedes-Benz C-Class,Mercedes-Benz,C-Class,9,10000.0,1,Diesel,Automatic,19.27,1949.5,170.0,5,14.978661680269907,bangalore
Hyundai i20,Hyundai,i20,10,31983.0,1,Petrol,Manual,18.6,1197.0,81.83,5,13.480039220276565,bangalore
Maruti Vitara Brezza,Maruti,Vitara Brezza,10,78536.0,1,Diesel,Manual,24.3,1248.0,88.5,5,13.51440681653079,bangalore
Kia Seltos,Kia,Seltos,4,20000.0,1,Diesel,Manual,20.8,1493.0,113.43,5,14.346139397261565,bangalore
Maruti Swift Dzire,Maruti,Swift Dzire,13,54134.0,2,Petrol,Manual,22.41,1197.0,88.5,5,13.02805489573287,bangalore
Kia Seltos,Kia,Seltos,5,10000.0,1,Petrol,Automatic,16.8,1497.0,113.42,5,14.34555040065407,bangalore
Hyundai Grand i10,Hyundai,Grand i10,7,27227.0,2,Petrol,Manual,18.9,1197.0,81.86,5,13.169248871698304,bangalore
Jeep Compass,Jeep,Compass,7,25508.0,1,Petrol,Automatic,16.0,1368.0,160.0,5,14.383661248349535,bangalore
Hyundai i20,Hyundai,i20,9,30000.0,1,Petrol,Manual,18.6,1197.0,81.83,5,13.171155446333852,bangalore
Kia Seltos,Kia,Seltos,7,20000.0,1,Petrol,Automatic,16.5,1353.0,138.08,5,14.285514812209815,bangalore
Volkswagen Vento,Volkswagen,Vento,14,100000.0,2,Diesel,Manual,20.54,1598.0,103.6,5,12.793862088206213,bangalore
Hyundai i20,Hyundai,i20,15,50000.0,1,Petrol,Manual,17.0,1197.0,180.02499999999998,5,12.92391243868049,bangalore
Mercedes-Benz CLA,Mercedes-Benz,CLA,8,36000.0,1,Diesel,Automatic,17.9,1949.5,136.0,5,14.962913328262083,bangalore
Hyundai i20,Hyundai,i20,7,40000.0,1,Diesel,Manual,22.54,1396.0,88.76,5,13.652992804936396,bangalore
Hyundai Venue,Hyundai,Venue,5,19047.0,1,Petrol,Automatic,18.15,998.0,118.35,5,14.04662307257814,bangalore
Tata Nexon,Tata,Nexon,6,50000.0,1,Petrol,Manual,17.0,1198.0,108.5,5,13.652992804936396,bangalore
Maruti Celerio,Maruti,Celerio,8,64453.0,1,Petrol,Automatic,23.1,998.0,67.04,5,13.108266481420335,bangalore
Honda Brio,Honda,Brio,8,43387.0,1,Petrol,Manual,18.5,1198.0,86.8,5,13.132315688453556,bangalore
Maruti Baleno,Maruti,Baleno,6,36538.0,1,Petrol,Automatic,19.56,1197.0,81.8,5,13.623139877437296,bangalore
Hyundai i20 Active,Hyundai,i20 Active,9,36787.0,2,Petrol,Manual,17.19,1197.0,81.86,5,13.432786403100184,bangalore
Maruti Celerio,Maruti,Celerio,8,32112.0,2,Petrol,Manual,25.24,998.0,65.71,5,13.093965960493682,bangalore
Hyundai Grand i10,Hyundai,Grand i10,9,53701.0,1,Petrol,Manual,18.9,1197.0,81.86,5,13.199326270390594,bangalore
Hyundai Grand i10,Hyundai,Grand i10,8,30000.0,2,Petrol,Manual,18.9,1197.0,81.86,5,13.180634172318978,bangalore
Maruti Alto 800,Maruti,Alto 800,6,26085.0,2,Petrol,Manual,22.05,796.0,47.33,5,12.91657092142417,bangalore
Hyundai Grand i10,Hyundai,Grand i10,10,46894.0,3,Petrol,Manual,18.9,1197.0,82.0,5,13.023649611968253,bangalore
Kia Sonet,Kia,Sonet,5,30000.0,1,Petrol,Manual,18.2,998.0,118.36,5,13.825461878915961,bangalore
Honda CR-V,Honda,CR-V,9,53692.0,2,Petrol,Automatic,12.0,1949.5,180.02499999999998,5,14.331324320256051,bangalore
Mahindra XUV500,Mahindra,XUV500,8,37809.0,2,Diesel,Automatic,15.1,1949.5,152.87,7,14.31325155008416,bangalore
Tata Tiago,Tata,Tiago,8,33000.0,1,Petrol,Automatic,23.84,1199.0,83.83,5,13.345508528717259,bangalore
Maruti Wagon R,Maruti,Wagon R,4,30813.0,1,Petrol,Manual,20.52,1197.0,81.8,5,13.361381852676738,bangalore
Hyundai Verna,Hyundai,Verna,13,56254.0,1,Diesel,Manual,23.9,1582.0,126.2,5,13.217675375388819,bangalore
Mercedes-Benz CLA,Mercedes-Benz,CLA,9,58000.0,1,Diesel,Automatic,17.9,1949.5,136.0,5,14.711598990684092,bangalore
Maruti Ciaz,Maruti,Ciaz,6,15727.0,2,Petrol,Automatic,20.04,1462.0,103.25,5,13.840204146163925,bangalore
Hyundai i20,Hyundai,i20,5,21113.0,1,Petrol,Manual,20.0,998.0,118.36,5,13.79224295456585,bangalore
Hyundai Elantra,Hyundai,Elantra,5,71775.0,1,Diesel,Manual,14.59,1493.0,113.45,5,14.349076255209846,bangalore
Maruti Swift,Maruti,Swift,8,59882.0,1,Petrol,Automatic,22.56,1197.0,88.5,5,13.410546824147012,bangalore
Hyundai Grand i10,Hyundai,Grand i10,12,24463.0,2,Petrol,Automatic,18.9,1197.0,82.0,5,13.11029282045951,bangalore
Honda City,Honda,City,11,72352.0,1,Petrol,Manual,17.4,1497.0,117.3,5,13.362955414648066,bangalore
Ford Ecosport,Ford,Ecosport,9,90928.0,1,Diesel,Manual,23.0,1498.0,98.96,5,13.58231793342203,bangalore
Nissan Magnite,Nissan,Magnite,5,10000.0,2,Petrol,Manual,20.0,999.0,98.63,5,13.451668563394815,bangalore
Ford Figo,Ford,Figo,12,60000.0,2,Petrol,Manual,15.6,1196.0,70.02,5,12.793862088206213,bangalore
Maruti Omni,Maruti,Omni,28,80000.0,5,Petrol,Manual,14.0,796.0,35.0,5,10.968215530759236,bangalore
Maruti Vitara Brezza,Maruti,Vitara Brezza,10,117530.0,1,Diesel,Manual,24.3,1248.0,88.5,5,13.62556118319494,bangalore
Maruti Swift,Maruti,Swift,15,102814.0,1,Petrol,Manual,22.38,1197.0,88.5,5,12.853178505386333,bangalore
Tata Tiago,Tata,Tiago,5,20000.0,1,Petrol,Manual,19.01,1199.0,84.82,5,13.384729180332174,bangalore
Maruti Celerio,Maruti,Celerio,9,34801.0,1,Petrol,Automatic,23.1,998.0,67.04,5,13.146081857144738,bangalore
Maruti Celerio,Maruti,Celerio,8,51877.0,3,Petrol,Manual,25.24,998.0,65.71,5,13.045484492893253,bangalore
Hyundai Verna,Hyundai,Verna,3,10000.0,1,Petrol,Automatic,18.45,1497.0,113.18,5,14.220976332738882,bangalore
Maruti Celerio X,Maruti,Celerio X,8,17125.0,2,Petrol,Manual,21.63,998.0,67.0,5,13.171155446333852,bangalore
Renault Duster,Renault,Duster,12,30000.0,1,Diesel,Manual,20.45,1461.0,83.8,5,13.038981768465277,bangalore
Maruti Baleno,Maruti,Baleno,10,50318.0,1,Petrol,Manual,21.4,1197.0,83.1,5,13.348703414510117,bangalore
Hyundai Verna,Hyundai,Verna,14,46123.0,1,Petrol,Manual,17.01,1591.0,121.3,5,13.144126826131089,bangalore
Hyundai Getz,Hyundai,Getz,20,120000.0,3,Petrol,Manual,15.3,1341.0,83.0,5,10.915106645867503,bangalore
Hyundai i20,Hyundai,i20,11,70000.0,2,Diesel,Manual,22.54,1396.0,88.73,5,13.304686600863562,bangalore
Volkswagen Jetta,Volkswagen,Jetta,12,33360.0,1,Diesel,Automatic,16.96,1949.5,138.03,5,14.06627005452127,bangalore
Volkswagen Tiguan,Volkswagen,Tiguan,4,21800.0,1,Petrol,Automatic,12.65,1949.5,180.02499999999998,5,14.962913328262083,bangalore
Tata Altroz,Tata,Altroz,3,10000.0,1,Petrol,Manual,19.33,1199.0,86.83,5,13.527829818844937,bangalore
Hyundai i20,Hyundai,i20,5,11045.0,1,Petrol,Automatic,19.65,1197.0,86.76,5,13.800397935382136,bangalore
Volkswagen Vento,Volkswagen,Vento,8,51406.0,1,Diesel,Automatic,22.15,1498.0,108.6,5,13.85952744338105,bangalore
Tata Indica V2,Tata,Indica V2,14,70000.0,1,Diesel,Manual,25.0,1396.0,69.0,5,12.206077645517674,bangalore
Maruti Baleno,Maruti,Baleno,9,26031.0,1,Petrol,Manual,21.4,1197.0,83.1,5,13.47302165746721,bangalore
Maruti Swift,Maruti,Swift,10,30740.0,1,Petrol,Manual,22.38,1197.0,88.5,5,13.281076775042335,bangalore
MG Astor,MG,Astor,4,20000.0,1,Petrol,Automatic,14.82,1498.0,108.49,5,14.220976332738882,bangalore
Maruti Ignis,Maruti,Ignis,9,65909.0,1,Petrol,Automatic,20.89,1197.0,81.8,5,13.277657974137664,bangalore
Hyundai i20,Hyundai,i20,13,140590.0,1,Petrol,Manual,18.5,1197.0,82.85,5,12.921472880009725,bangalore
Toyota Innova Crysta,Toyota,Innova Crysta,7,32953.0,2,Petrol,Automatic,10.75,1949.5,163.7,7,14.59253968227493,bangalore
Maruti Swift Dzire,Maruti,Swift Dzire,7,51801.0,1,Petrol,Automatic,21.21,1197.0,81.8,5,13.511700458595241,bangalore
Hyundai Xcent,Hyundai,Xcent,11,80000.0,1,Diesel,Manual,24.4,1120.0,71.0,5,12.847929163278053,bangalore
Hyundai i20,Hyundai,i20,9,62621.0,1,Petrol,Manual,18.6,1197.0,81.83,5,13.393917592315308,bangalore
Maruti Swift,Maruti,Swift,12,79068.0,1,Petrol,Manual,22.38,1197.0,88.5,5,13.087774003025942,bangalore
Maruti Swift,Maruti,Swift,8,50000.0,1,Petrol,Manual,22.0,1197.0,81.8,5,13.142166004700508,bangalore
Volkswagen Ameo,Volkswagen,Ameo,8,30000.0,2,Diesel,Automatic,21.73,1498.0,108.62,5,13.527829818844937,bangalore
Hyundai i10,Hyundai,i10,18,72000.0,2,Petrol,Manual,19.81,1086.0,68.05,5,12.128116509451258,bangalore
Hyundai i10,Hyundai,i10,18,80000.0,2,Petrol,Manual,19.81,1086.0,68.05,5,12.100717685412471,bangalore
Toyota Innova Crysta,Toyota,Innova Crysta,5,10000.0,1,Petrol,Manual,10.25,1949.5,163.6,8,14.45736497045232,bangalore
Tata Harrier,Tata,Harrier,4,20000.0,1,Diesel,Automatic,14.6,1949.5,167.67,5,14.557448378884015,bangalore
Mahindra XUV500,Mahindra,XUV500,10,36314.0,2,Diesel,Automatic,16.0,1949.5,140.0,7,14.034646891093473,bangalore
Volkswagen Polo,Volkswagen,Polo,16,67000.0,1,Petrol,Manual,16.47,1198.0,73.9,5,12.611541086966115,bangalore
Maruti Ignis,Maruti,Ignis,9,47488.0,2,Petrol,Automatic,20.89,1197.0,81.8,5,13.210376086227196,bangalore
Honda Jazz,Honda,Jazz,10,56814.0,1,Petrol,Manual,18.7,1199.0,88.7,5,13.186278579318829,bangalore
Honda City,Honda,City,22,90000.0,1,Petrol,Automatic,14.5,1493.0,100.0,5,11.982935344196433,bangalore
Hyundai i10,Hyundai,i10,14,63206.0,1,Petrol,Manual,20.36,1197.0,78.9,5,12.712893259942282,bangalore
Maruti Ciaz,Maruti,Ciaz,8,61103.0,2,Petrol,Manual,21.56,1462.0,103.25,5,13.603555432133808,bangalore
Maruti Alto,Maruti,Alto,18,70000.0,1,Petrol,Manual,19.7,796.0,46.3,5,12.206077645517674,bangalore
Maruti Celerio,Maruti,Celerio,11,112268.0,3,Petrol,Automatic,23.1,998.0,67.04,5,12.757082940769225,bangalore
Maruti Swift,Maruti,Swift,20,70000.0,2,Petrol,Manual,16.1,1298.0,88.2,5,11.918397239722838,bangalore
Volkswagen Taigun,Volkswagen,Taigun,5,97346.0,1,Petrol,Manual,20.08,999.0,113.98,5,14.122260428968183,bangalore
Hyundai Grand i10,Hyundai,Grand i10,8,36977.0,2,Petrol,Manual,18.9,1197.0,81.86,5,13.204866440535003,bangalore
Maruti Swift,Maruti,Swift,20,70000.0,3,Petrol,Manual,16.1,1298.0,88.2,5,11.918397239722838,bangalore
Hyundai i20,Hyundai,i20,13,60000.0,2,Diesel,Manual,21.27,1396.0,88.76,5,13.07107218827772,bangalore
Renault KWID,Renault,KWID,10,35000.0,2,Petrol,Automatic,24.04,999.0,67.0,5,12.765691290604371,bangalore
Hyundai Getz,Hyundai,Getz,20,100000.0,3,Petrol,Manual,15.3,1341.0,61.0,5,11.813037464800539,bangalore
Maruti Wagon R,Maruti,Wagon R,21,90000.0,2,Petrol,Manual,18.9,998.0,67.1,5,12.04355959836804,bangalore
BMW X1,BMW,X1,8,85700.0,1,Diesel,Automatic,20.68,1949.5,180.02499999999998,5,14.862829903121964,bangalore
Mercedes-Benz C-Class,Mercedes-Benz,C-Class,10,50000.0,1,Diesel,Automatic,19.27,1949.5,170.0,5,14.827111833279051,bangalore
Toyota Innova,Toyota,Innova,11,50000.0,2,Diesel,Manual,12.99,1949.5,100.6,7,14.186384911433706,bangalore
Maruti Alto K10,Maruti,Alto K10,11,50000.0,1,Petrol,Manual,23.95,998.0,67.05,5,12.611541086966115,bangalore
Maruti Wagon R,Maruti,Wagon R,12,40082.0,2,Petrol,Manual,20.51,998.0,67.04,5,12.840003118946523,bangalore
Maruti Swift Dzire,Maruti,Swift Dzire,9,112566.0,2,Diesel,Automatic,28.25,1248.0,74.02,5,13.366095129723817,bangalore
Maruti Wagon R,Maruti,Wagon R,5,61978.0,1,Petrol,Automatic,20.52,1197.0,81.8,5,13.420986873572868,bangalore
Maruti Wagon R,Maruti,Wagon R,5,27658.0,1,Petrol,Manual,20.52,1197.0,81.8,5,13.326121846238388,bangalore
Kia Seltos,Kia,Seltos,7,26000.0,1,Petrol,Manual,16.8,1497.0,113.43,5,13.95091606833254,bangalore
Hyundai i20,Hyundai,i20,11,43371.0,2,Petrol,Manual,18.6,1197.0,81.83,5,13.296318365198623,bangalore
Ford Ecosport,Ford,Ecosport,12,120000.0,2,Diesel,Manual,22.7,1498.0,89.84,5,13.017005083966255,bangalore
Honda Jazz,Honda,Jazz,9,67633.0,1,Petrol,Manual,18.7,1199.0,88.7,5,13.303018546545275,bangalore
Maruti Baleno,Maruti,Baleno,10,76794.0,1,Petrol,Manual,21.4,1197.0,83.1,5,13.345508528717259,bangalore
Toyota Innova,Toyota,Innova,15,120000.0,1,Diesel,Manual,12.8,1949.5,102.0,8,13.527829818844937,bangalore
Toyota Innova Crysta,Toyota,Innova Crysta,8,59577.0,1,Diesel,Automatic,11.36,1949.5,171.5,8,14.587931381312385,bangalore
Chevrolet Cruze,Chevrolet,Cruze,16,100000.0,2,Diesel,Manual,18.3,1949.5,147.9,5,13.005831808336863,bangalore
Toyota Camry,Toyota,Camry,22,100000.0,3,Petrol,Manual,13.4,1949.5,164.7,5,11.695255355062795,bangalore
Hyundai i10,Hyundai,i10,14,50000.0,2,Petrol,Manual,20.36,1197.0,78.9,5,12.676079399771027,bangalore
Maruti Alto,Maruti,Alto,20,120000.0,2,Petrol,Manual,19.7,796.0,46.3,5,12.013706813470414,bangalore
Fiat Punto Abarth,Fiat,Punto Abarth,8,50000.0,2,Petrol,Manual,16.3,1368.0,145.0,5,13.171155446333852,bangalore
Hyundai Creta,Hyundai,Creta,11,80000.0,1,Diesel,Manual,19.67,1582.0,126.2,5,13.6967281480998,bangalore
Mahindra TUV 300,Mahindra,TUV 300,11,80000.0,2,Diesel,Manual,18.49,1493.0,100.0,7,13.26212705890841,bangalore
Maruti Swift Dzire,Maruti,Swift Dzire,9,94932.0,1,Diesel,Manual,28.25,1248.0,74.02,5,13.468787359304866,bangalore
Maruti Baleno,Maruti,Baleno,10,75140.0,1,Petrol,Manual,21.4,1197.0,83.1,5,13.292951364319082,bangalore
Chevrolet Beat,Chevrolet,Beat,15,88000.0,1,Petrol,Manual,18.6,1199.0,79.4,5,12.429220196836383,bangalore
Hyundai i20,Hyundai,i20,10,73969.0,1,Petrol,Manual,18.6,1197.0,81.83,5,13.437175577097312,bangalore
Hyundai Verna,Hyundai,Verna,10,62598.0,1,Petrol,Manual,17.01,1591.0,121.3,5,13.457407451830088,bangalore
Toyota Corolla Altis,Toyota,Corolla Altis,9,70000.0,2,Petrol,Automatic,14.28,1798.0,138.03,5,13.997832948091215,bangalore
Maruti Alto 800,Maruti,Alto 800,5,24343.0,2,Petrol,Manual,22.05,796.0,47.33,5,12.959846800844963,bangalore
Volkswagen Polo,Volkswagen,Polo,12,110000.0,2,Diesel,Manual,22.07,1199.0,73.9,5,12.847929163278053,bangalore
Volkswagen Polo,Volkswagen,Polo,9,58917.0,2,Petrol,Manual,16.2,1199.0,74.0,5,13.260386417460465,bangalore
Maruti Swift,Maruti,Swift,10,72338.0,1,Petrol,Manual,22.38,1197.0,88.5,5,13.258642740896052,bangalore
Tata Indica V2,Tata,Indica V2,23,50000.0,1,Diesel,Manual,17.88,1396.0,52.8,5,11.156264806643742,bangalore
Mahindra XUV500,Mahindra,XUV500,11,110000.0,3,Diesel,Manual,16.0,1949.5,140.0,7,13.437175577097312,bangalore
Honda Brio,Honda,Brio,14,41000.0,2,Petrol,Automatic,18.4,1198.0,86.8,5,12.959846800844963,bangalore
Hyundai i10,Hyundai,i10,17,70000.0,2,Petrol,Automatic,19.2,1197.0,80.0,5,12.487488878546145,bangalore
Maruti Swift Dzire,Maruti,Swift Dzire,7,25887.0,1,Petrol,Manual,17.5,1298.0,85.8,5,13.304686600863562,bangalore
Honda City,Honda,City,10,40000.0,1,Petrol,Manual,17.8,1497.0,117.3,5,13.384729180332174,bangalore
Maruti Swift,Maruti,Swift,11,50000.0,1,Diesel,Manual,25.2,1248.0,74.0,5,12.971542813248437,bangalore
Maruti Eeco,Maruti,Eeco,5,10000.0,1,Petrol,Manual,16.11,1196.0,72.41,7,13.180634172318978,bangalore
Volkswagen Polo,Volkswagen,Polo,4,20000.0,1,Petrol,Manual,18.24,999.0,108.62,5,13.887832149776026,bangalore
Hyundai Verna,Hyundai,Verna,9,60000.0,2,Petrol,Manual,17.0,1591.0,121.3,5,13.527829818844937,bangalore
Hyundai i20,Hyundai,i20,9,64235.0,2,Petrol,Manual,18.6,1197.0,81.83,5,13.329379172803593,bangalore
Maruti Baleno,Maruti,Baleno,8,83873.0,1,Diesel,Manual,27.39,1248.0,74.0,5,13.522482219667573,bangalore
Skoda Rapid,Skoda,Rapid,14,120000.0,2,Diesel,Manual,20.5,1598.0,103.5,5,12.821260987319457,bangalore
Hyundai Verna,Hyundai,Verna,10,93059.0,2,Petrol,Manual,17.01,1591.0,121.3,5,13.410546824147012,bangalore
Maruti Baleno,Maruti,Baleno,9,45681.0,1,Petrol,Manual,21.4,1197.0,83.1,5,13.359805810705184,bangalore
Honda Jazz,Honda,Jazz,9,45938.0,2,Petrol,Manual,18.7,1199.0,88.7,5,13.269059483669357,bangalore
Maruti Baleno,Maruti,Baleno,8,40000.0,1,Petrol,Manual,21.4,1197.0,83.1,5,13.142166004700508,bangalore
Maruti Swift,Maruti,Swift,8,57423.0,2,Petrol,Manual,22.38,1197.0,88.5,5,13.359805810705184,bangalore
Hyundai Grand i10,Hyundai,Grand i10,11,60942.0,1,Petrol,Automatic,18.9,1197.0,82.0,5,13.174957725054906,bangalore
Hyundai Creta,Hyundai,Creta,8,70000.0,1,Petrol,Automatic,13.0,1591.0,121.3,5,13.710151153416941,bangalore
Jeep Compass,Jeep,Compass,8,80000.0,2,Diesel,Manual,17.1,1949.5,170.0,5,14.220976332738882,bangalore
Citroen C5 Aircross,Citroen,C5 Aircross,5,19875.0,1,Diesel,Automatic,18.6,1949.5,174.33,5,14.914123179965662,bangalore
Hyundai Grand i10 Nios,Hyundai,Grand i10 Nios,5,10000.0,2,Petrol,Manual,20.7,1197.0,81.86,5,13.384729180332174,bangalore
Toyota Innova,Toyota,Innova,14,120000.0,2,Diesel,Manual,12.99,1949.5,100.0,7,13.779884416590017,bangalore
Volkswagen Tiguan,Volkswagen,Tiguan,4,20000.0,1,Petrol,Automatic,12.65,1949.5,180.02499999999998,5,15.096444681204078,bangalore
Hyundai Verna,Hyundai,Verna,13,120000.0,4,Diesel,Manual,22.32,1582.0,126.32,5,12.899222326086994,bangalore
Fiat Linea,Fiat,Linea,17,50000.0,1,Petrol,Manual,16.0,1368.0,90.0,5,12.611541086966115,bangalore
BMW 3 Series GT,BMW,3 Series GT,8,30000.0,1,Diesel,Automatic,21.76,1949.5,180.02499999999998,5,15.039286283703994,bangalore
Hyundai i20,Hyundai,i20,6,14949.0,1,Petrol,Manual,20.0,998.0,118.36,5,13.797347605666022,bangalore
Maruti Baleno,Maruti,Baleno,9,77995.0,1,Petrol,Automatic,21.4,1197.0,83.1,5,13.420986873572868,bangalore
Tata Nexon,Tata,Nexon,5,20000.0,1,Petrol,Manual,17.33,1199.0,118.35,5,13.60479076121576,bangalore
Maruti Ciaz,Maruti,Ciaz,6,40908.0,1,Petrol,Manual,20.65,1462.0,103.25,5,13.58231793342203,bangalore
Hyundai Grand i10,Hyundai,Grand i10,10,39693.0,2,Petrol,Automatic,18.9,1197.0,82.0,5,13.148033073468746,bangalore
Hyundai Verna,Hyundai,Verna,16,40000.0,1,Petrol,Manual,16.2,1599.0,103.255,5,12.793862088206213,bangalore
Maruti Swift,Maruti,Swift,10,63411.0,1,Petrol,Manual,22.38,1197.0,88.5,5,13.269059483669357,bangalore
Maruti Swift,Maruti,Swift,8,30000.0,1,Petrol,Manual,22.0,1197.0,81.8,5,13.217675375388819,bangalore
Hyundai Grand i10,Hyundai,Grand i10,12,94221.0,2,Petrol,Manual,18.9,1197.0,82.0,5,12.855792879125431,bangalore
Hyundai i20,Hyundai,i20,9,93975.0,1,Petrol,Manual,18.6,1197.0,81.83,5,13.312985389904174,bangalore
Mahindra XUV300,Mahindra,XUV300,7,30000.0,1,Petrol,Manual,16.82,1197.0,108.62,5,13.800397935382136,bangalore
Volkswagen Polo,Volkswagen,Polo,6,30155.0,2,Petrol,Manual,18.24,999.0,108.62,5,13.74830287778897,bangalore
Volkswagen Polo,Volkswagen,Polo,10,59006.0,2,Petrol,Manual,16.47,1198.0,74.0,5,13.42246945133505,bangalore
Maruti Zen,Maruti,Zen,22,100000.0,4,Petrol,Manual,17.3,993.0,60.0,5,11.813037464800539,bangalore
Tata Nexon,Tata,Nexon,4,18570.0,1,Petrol,Automatic,16.35,1199.0,118.36,5,14.111905314512224,bangalore
Toyota Innova Crysta,Toyota,Innova Crysta,5,48246.0,1,Diesel,Manual,12.0,1949.5,148.0,7,14.676289002741061,bangalore
Mercedes-Benz C-Class,Mercedes-Benz,C-Class,9,10000.0,1,Diesel,Automatic,19.27,1949.5,170.0,5,14.978661680269907,bangalore
Maruti Baleno,Maruti,Baleno,10,61263.0,1,Diesel,Manual,27.39,1248.0,74.0,5,13.506265669993544,bangalore
Honda WR-V,Honda,WR-V,9,65507.0,2,Petrol,Manual,17.5,1199.0,88.7,5,13.460264592549233,bangalore
Renault Duster,Renault,Duster,12,100000.0,1,Diesel,Manual,20.46,1461.0,83.8,5,13.190023895035274,bangalore
Honda WR-V,Honda,WR-V,9,26158.0,1,Petrol,Manual,17.5,1199.0,88.7,5,13.578522867254332,bangalore
Maruti Swift,Maruti,Swift,11,35250.0,1,Petrol,Manual,22.38,1197.0,88.5,5,13.214032390746006,bangalore
Mahindra Quanto,Mahindra,Quanto,14,65965.0,1,Diesel,Manual,17.21,1493.0,100.0,7,12.765691290604371,bangalore
Maruti Celerio,Maruti,Celerio,11,40304.0,2,Petrol,Manual,25.24,998.0,65.71,5,13.075271769870477,bangalore
Land Rover Freelander 2,Land,Rover Freelander 2,13,80000.0,1,Diesel,Automatic,12.35,1949.5,180.02499999999998,5,14.23750562376114,bangalore
Maruti Swift,Maruti,Swift,12,56661.0,1,Petrol,Manual,22.38,1197.0,88.5,5,13.151924121391561,bangalore
Hyundai i20,Hyundai,i20,10,90213.0,2,Petrol,Manual,18.6,1197.0,81.83,5,13.239258908233676,bangalore
Volkswagen Vento,Volkswagen,Vento,16,70000.0,3,Petrol,Manual,15.04,1598.0,103.6,5,12.75130259456002,bangalore
Hyundai Verna,Hyundai,Verna,13,120000.0,4,Diesel,Manual,22.32,1582.0,126.32,5,13.07107218827772,bangalore
Nissan Magnite,Nissan,Magnite,5,10000.0,2,Petrol,Manual,18.75,999.0,71.02,5,13.415034483903348,bangalore
Honda Jazz,Honda,Jazz,5,20739.0,1,Petrol,Automatic,17.1,1199.0,88.5,5,13.76421831620775,bangalore
Hyundai i20,Hyundai,i20,6,20000.0,2,Petrol,Manual,18.6,1197.0,81.86,5,13.45883704259595,bangalore
OpelCorsa,OpelCorsa,,22,70000.0,1,Petrol,Manual,14.2,1389.0,88.0,5,11.289794413577894,bangalore
Mahindra Thar,Mahindra,Thar,5,10000.0,1,Petrol,Automatic,15.2,1949.5,150.0,4,14.220976332738882,bangalore
Chevrolet Cruze,Chevrolet,Cruze,17,60000.0,3,Diesel,Manual,18.3,1949.5,147.9,5,12.821260987319457,bangalore
Mercedes-Benz C-Class,Mercedes-Benz,C-Class,9,10000.0,1,Diesel,Automatic,19.27,1949.5,170.0,5,14.978661680269907,bangalore
Hyundai i20,Hyundai,i20,11,70000.0,1,Diesel,Manual,22.54,1396.0,88.73,5,13.217675375388819,bangalore
Hyundai i20,Hyundai,i20,11,47127.0,2,Petrol,Manual,18.6,1197.0,81.83,5,13.272507757002963,bangalore
Maruti Swift,Maruti,Swift,9,47038.0,1,Petrol,Manual,20.4,1197.0,81.8,5,13.274227444925158,bangalore
Honda City,Honda,City,19,120000.0,3,Petrol,Manual,17.7,1497.0,78.0,5,12.128116509451258,bangalore
Hyundai Grand i10,Hyundai,Grand i10,8,40769.0,1,Petrol,Manual,18.9,1197.0,81.86,5,13.182519183461475,bangalore
Hyundai Grand i10,Hyundai,Grand i10,9,34757.0,1,Petrol,Manual,18.9,1197.0,81.86,5,13.232116033476537,bangalore
Hyundai Grand i10,Hyundai,Grand i10,10,88119.0,2,Petrol,Automatic,18.9,1197.0,82.0,5,13.138238695062618,bangalore
Toyota Fortuner,Toyota,Fortuner,11,120000.0,1,Diesel,Automatic,12.55,1949.5,168.5,7,14.53821702620254,bangalore
Hyundai Grand i10,Hyundai,Grand i10,9,57176.0,1,Petrol,Manual,18.9,1197.0,81.86,5,13.20302312543853,bangalore
Maruti Swift,Maruti,Swift,11,62223.0,2,Petrol,Manual,22.38,1197.0,88.5,5,13.124363376072994,bangalore
Maruti Ertiga,Maruti,Ertiga,8,55000.0,1,Petrol,Manual,19.34,1462.0,103.0,7,13.681980308196241,bangalore
Maruti Eeco,Maruti,Eeco,8,63251.0,1,Petrol,Manual,16.11,1196.0,72.41,5,13.091904169919621,bangalore
Hyundai i10,Hyundai,i10,16,20000.0,3,Petrol,Manual,20.36,1197.0,78.9,5,12.611541086966115,bangalore
Chevrolet Cruze,Chevrolet,Cruze,17,60000.0,3,Diesel,Manual,18.3,1949.5,147.9,5,12.765691290604371,bangalore
Citroen C5 Aircross,Citroen,C5 Aircross,5,20000.0,1,Diesel,Automatic,18.6,1949.5,174.33,5,14.99416586199818,bangalore
Ford Ikon,Ford,Ikon,22,80000.0,2,Petrol,Manual,14.2,1597.0,92.0,5,10.915106645867503,bangalore
Hyundai Grand i10,Hyundai,Grand i10,8,40000.0,1,Petrol,Automatic,18.9,1197.0,81.86,5,13.353476685668044,bangalore
Tata New Safari,Tata,New Safari,4,20000.0,1,Diesel,Automatic,14.08,1949.5,167.67,7,14.72175135802525,bangalore
Hyundai i20,Hyundai,i20,14,67444.0,1,Petrol,Manual,18.5,1197.0,82.85,5,12.940843898859598,bangalore
Maruti Baleno,Maruti,Baleno,10,63837.0,2,Petrol,Automatic,21.4,1197.0,83.1,5,13.355062726308148,bangalore
Mahindra Xylo,Mahindra,Xylo,14,61000.0,2,Diesel,Manual,14.0,1949.5,180.02499999999998,7,13.049794835104816,bangalore
Maruti Swift,Maruti,Swift,10,60777.0,1,Petrol,Manual,22.38,1197.0,88.5,5,13.206706364071684,bangalore
Maruti Baleno,Maruti,Baleno,10,39248.0,2,Petrol,Manual,21.4,1197.0,83.1,5,13.464535055593716,bangalore
BMW 5 Series,BMW,5 Series,12,66000.0,1,Diesel,Automatic,18.12,1949.5,180.02499999999998,5,14.496079462646344,bangalore
Honda Brio,Honda,Brio,11,96198.0,1,Petrol,Manual,19.4,1198.0,86.8,5,12.791080452981857,bangalore
Honda City,Honda,City,13,50000.0,2,Petrol,Automatic,16.8,1497.0,116.4,5,13.161586013632684,bangalore
Maruti Wagon R,Maruti,Wagon R,11,81207.0,3,Petrol,Manual,20.51,998.0,67.04,5,12.721888795877375,bangalore
Maruti Swift,Maruti,Swift,5,48148.0,1,Petrol,Manual,22.38,1197.0,88.5,5,13.548938754204904,bangalore
Maruti Celerio,Maruti,Celerio,11,120000.0,1,Petrol,Manual,23.1,998.0,67.04,5,12.765691290604371,bangalore
Tata Zest,Tata,Zest,8,90000.0,3,Diesel,Manual,20.65,1248.0,88.7,5,13.081543466215237,bangalore
Mahindra Thar,Mahindra,Thar,9,60000.0,2,Diesel,Manual,18.06,1949.5,63.0,7,13.619496890582589,bangalore
Fiat Linea,Fiat,Linea,17,120000.0,4,Petrol,Manual,16.0,1368.0,90.0,5,12.154784614286667,bangalore
Honda New Accord,Honda,New Accord,18,70000.0,3,Petrol,Automatic,11.7,1949.5,177.6,5,13.304686600863562,bangalore
Mahindra XUV300,Mahindra,XUV300,4,30000.0,1,Diesel,Manual,20.1,1497.0,115.05,5,13.81049801614073,bangalore
Maruti Omni,Maruti,Omni,25,30000.0,3,Petrol,Manual,14.0,796.0,35.0,5,11.695255355062795,bangalore
Nissan Terrano,Nissan,Terrano,13,120000.0,2,Diesel,Manual,19.01,1461.0,108.5,5,13.26212705890841,bangalore
Mercedes-Benz GLC,Mercedes-Benz,GLC,8,64389.0,2,Diesel,Automatic,17.9,1949.5,167.6,5,15.149195232316444,bangalore
Maruti Alto 800,Maruti,Alto 800,12,60000.0,2,Petrol,Manual,22.74,796.0,47.3,5,12.468440756144114,bangalore
Maruti Swift,Maruti,Swift,11,67245.0,1,Petrol,Manual,22.38,1197.0,88.5,5,13.197472705176983,bangalore
Hyundai Verna,Hyundai,Verna,8,30518.0,2,Petrol,Automatic,17.0,1591.0,121.3,5,13.821493623677112,bangalore
Maruti Ciaz,Maruti,Ciaz,8,102407.0,1,Diesel,Manual,28.09,1248.0,88.5,5,13.587355721107137,bangalore
Hyundai i20,Hyundai,i20,11,53606.0,1,Petrol,Manual,18.6,1197.0,81.83,5,13.362955414648066,bangalore
Skoda Yeti,Skoda,Yeti,11,90000.0,1,Diesel,Manual,17.67,1949.5,138.1,5,14.151983508870947,bangalore
Maruti Baleno,Maruti,Baleno,10,44253.0,2,Petrol,Manual,21.4,1197.0,83.1,5,13.329379172803593,bangalore
Maruti Eeco,Maruti,Eeco,5,40000.0,1,Cng,Manual,20.88,1196.0,61.68,5,13.122365377402328,bangalore
Tata Tiago,Tata,Tiago,5,34702.0,1,Petrol,Manual,19.01,1199.0,84.82,5,13.484226240787052,bangalore
Maruti Swift,Maruti,Swift,14,42762.0,1,Petrol,Manual,22.38,1197.0,88.5,5,12.985399815906522,bangalore
Maruti Alto K10,Maruti,Alto K10,11,50000.0,2,Petrol,Manual,23.95,998.0,67.05,5,12.54254845357358,bangalore
Renault Triber,Renault,Triber,4,30000.0,1,Petrol,Automatic,18.2,999.0,71.01,7,13.567050480716235,bangalore
Mahindra XUV500,Mahindra,XUV500,10,80000.0,2,Diesel,Automatic,16.0,1949.5,140.0,7,13.710151153416941,bangalore
Maruti Ertiga,Maruti,Ertiga,4,20000.0,1,Cng,Manual,26.11,1462.0,86.63,7,14.077875591662238,bangalore
Maruti SX4,Maruti,SX4,12,50000.0,2,Cng,Manual,22.1,1586.0,85.7,5,12.611541086966115,bangalore
Jaguar XE,Jaguar,XE,7,28000.0,1,Petrol,Automatic,13.5,1949.5,180.02499999999998,5,15.11706396273788,bangalore
Maruti Swift Dzire,Maruti,Swift Dzire,6,40000.0,1,Petrol,Manual,21.21,1197.0,81.8,5,13.415034483903348,bangalore
Maruti Baleno,Maruti,Baleno,6,10000.0,1,Petrol,Manual,21.01,1197.0,81.8,5,13.710151153416941,bangalore
Maruti Baleno,Maruti,Baleno,10,60000.0,1,Petrol,Manual,21.4,1197.0,83.1,5,13.304686600863562,bangalore
Chevrolet Spark,Chevrolet,Spark,18,110000.0,4,Petrol,Manual,18.0,995.0,62.0,5,11.608244735642321,bangalore
Hyundai i20,Hyundai,i20,10,57459.0,1,Petrol,Manual,18.6,1197.0,81.83,5,13.312985389904174,bangalore
Hyundai Grand i10,Hyundai,Grand i10,9,70381.0,1,Petrol,Manual,18.9,1197.0,81.86,5,13.233906541044401,bangalore
Volkswagen Polo,Volkswagen,Polo,14,90000.0,3,Diesel,Manual,22.07,1199.0,73.9,5,12.498745990829315,bangalore
Maruti Ciaz,Maruti,Ciaz,6,80648.0,1,Petrol,Manual,20.65,1462.0,103.25,5,13.567050480716235,bangalore
Hyundai Creta,Hyundai,Creta,10,81853.0,2,Petrol,Manual,13.0,1591.0,121.3,5,13.66932920519293,bangalore
Hyundai Santro Xing,Hyundai,Santro Xing,17,40000.0,1,Petrol,Manual,17.92,1086.0,62.1,5,12.388398368982115,bangalore
Honda Brio,Honda,Brio,14,90802.0,1,Petrol,Manual,19.4,1198.0,86.8,5,12.739640688812674,bangalore
Hyundai Santro Xing,Hyundai,Santro Xing,17,40000.0,1,Petrol,Manual,17.92,1086.0,62.1,5,12.388398368982115,bangalore
Hyundai Santro,Hyundai,Santro,5,16502.0,1,Petrol,Manual,20.3,1086.0,68.05,5,13.148033073468746,bangalore
Maruti Ignis,Maruti,Ignis,5,31530.0,1,Petrol,Manual,20.89,1197.0,81.8,5,13.401510631691982,bangalore
Maruti Ertiga,Maruti,Ertiga,9,120000.0,2,Diesel,Manual,24.52,1248.0,88.5,7,13.592368256649284,bangalore
Maruti Swift,Maruti,Swift,11,80000.0,2,Diesel,Manual,25.2,1248.0,74.0,5,13.161586013632684,bangalore
Honda City,Honda,City,12,71086.0,1,Petrol,Automatic,18.0,1497.0,117.3,5,13.304686600863562,bangalore
Maruti Ritz,Maruti,Ritz,15,110000.0,2,Diesel,Manual,21.1,1248.0,73.9,5,12.611541086966115,bangalore
Ford Endeavour,Ford,Endeavour,6,50000.0,1,Diesel,Automatic,10.91,1949.5,180.02499999999998,7,15.137266664613225,bangalore
Hyundai i20 N Line,Hyundai,i20 N Line,5,18000.0,1,Petrol,Automatic,20.25,998.0,118.41,5,14.07402202531625,bangalore
Honda City,Honda,City,12,60000.0,2,Petrol,Manual,17.4,1497.0,117.3,5,13.353476685668044,bangalore
Chevrolet Tavera,Chevrolet,Tavera,10,120000.0,3,Diesel,Manual,13.58,1949.5,72.4,10,13.07107218827772,bangalore
Hyundai i10,Hyundai,i10,15,70000.0,2,Petrol,Manual,20.36,1197.0,78.9,5,12.524530013005734,bangalore
Honda Jazz,Honda,Jazz,10,25000.0,4,Petrol,Automatic,19.0,1199.0,88.7,5,13.26212705890841,bangalore
Honda Brio,Honda,Brio,14,69210.0,1,Petrol,Manual,19.4,1198.0,86.8,5,12.73080413304066,bangalore
Honda Jazz,Honda,Jazz,8,71165.0,2,Petrol,Manual,18.7,1199.0,88.7,5,13.311331132544721,bangalore
BMW X7,BMW,X7,4,10000.0,1,Petrol,Automatic,10.54,1949.5,180.02499999999998,7,16.380459992348886,bangalore
Maruti Swift Dzire,Maruti,Swift Dzire,16,86543.0,3,Diesel,Manual,19.3,1248.0,73.9,5,12.69771850797869,bangalore
Maruti Baleno,Maruti,Baleno,10,67225.0,1,Petrol,Automatic,21.4,1197.0,83.1,5,13.339087971220277,bangalore
Tata Indica V2,Tata,Indica V2,9,100000.0,3,Diesel,Manual,25.0,1396.0,69.0,5,12.388398368982115,bangalore
Hyundai Grand i10,Hyundai,Grand i10,8,16247.0,1,Petrol,Manual,18.9,1197.0,81.86,5,13.339087971220277,bangalore
Mahindra Renault Logan,Mahindra,Renault Logan,19,80000.0,2,Petrol,Manual,15.7,1390.0,75.0,5,11.849404844423074,bangalore
Maruti Baleno,Maruti,Baleno,9,39481.0,2,Petrol,Automatic,21.4,1197.0,83.1,5,13.470200785104238,bangalore
Maruti Celerio,Maruti,Celerio,8,61227.0,2,Petrol,Manual,25.24,998.0,65.71,5,13.001327306361068,bangalore
Honda City,Honda,City,20,80000.0,4,Petrol,Manual,17.7,1497.0,78.0,5,12.100717685412471,bangalore
Renault Duster,Renault,Duster,10,112521.0,1,Diesel,Manual,19.01,1461.0,108.45,5,13.45883704259595,bangalore
MG Hector,MG,Hector,6,20000.0,1,Diesel,Manual,17.41,1949.5,167.68,5,14.403297778421795,bangalore
Honda City,Honda,City,5,20000.0,1,Petrol,Automatic,18.3,1498.0,119.35,5,14.187074804051692,bangalore
Volkswagen Ameo,Volkswagen,Ameo,10,60000.0,2,Petrol,Manual,17.0,1198.0,73.75,5,13.161586013632684,bangalore
Tata Tiago,Tata,Tiago,8,40000.0,2,Petrol,Manual,23.84,1199.0,84.0,5,13.060490101343552,bangalore
Renault Duster,Renault,Duster,10,50000.0,1,Diesel,Manual,19.64,1461.0,108.45,5,13.304686600863562,bangalore
Audi Q3,Audi,Q3,10,100000.0,2,Diesel,Automatic,15.17,1949.5,180.02499999999998,5,14.430696737594902,bangalore
Mahindra e2o Plus,Mahindra,e2o Plus,9,20000.0,2,Electric,Automatic,28.25,745.5,40.0,4,13.038981768465277,bangalore
OpelCorsa,OpelCorsa,,23,110000.0,2,Petrol,Manual,13.8,1589.0,93.0,5,11.225256725762893,bangalore
Maruti Baleno,Maruti,Baleno,9,63359.0,2,Petrol,Manual,21.4,1197.0,83.1,5,13.38318953651709,bangalore
Hyundai i20,Hyundai,i20,9,125227.0,2,Diesel,Manual,22.54,1396.0,88.73,5,13.395440819535605,bangalore
Volkswagen Polo,Volkswagen,Polo,14,100000.0,2,Diesel,Manual,22.07,1199.0,73.9,5,12.948012371209098,bangalore
Maruti Swift,Maruti,Swift,11,71884.0,2,Diesel,Manual,25.2,1248.0,74.0,5,13.351888125506433,bangalore
Honda Brio,Honda,Brio,14,79059.0,2,Petrol,Manual,19.4,1198.0,86.8,5,12.682309930111785,bangalore
Maruti Baleno,Maruti,Baleno,10,80000.0,2,Petrol,Manual,21.4,1197.0,83.1,5,13.3374763699232,bangalore
Maruti Swift,Maruti,Swift,13,69124.0,1,Petrol,Manual,22.38,1197.0,88.5,5,12.983101310070822,bangalore
Toyota Innova,Toyota,Innova,14,120000.0,4,Diesel,Manual,12.99,1949.5,100.0,8,13.774689605110144,bangalore
Maruti Ritz,Maruti,Ritz,16,73340.0,1,Petrol,Manual,18.5,1197.0,85.8,5,12.666660207428574,bangalore
Hyundai Grand i10,Hyundai,Grand i10,9,44268.0,2,Petrol,Manual,18.9,1197.0,81.86,5,13.260386417460465,bangalore
Citroen C3,Citroen,C3,4,10000.0,1,Petrol,Manual,19.3,1198.0,80.46,5,13.567050480716235,bangalore
Honda Jazz,Honda,Jazz,8,60000.0,1,Petrol,Manual,18.7,1199.0,88.7,5,13.592368256649284,bangalore
Honda City,Honda,City,6,30000.0,1,Petrol,Manual,18.6,1498.0,119.35,5,13.73755009757506,bangalore
Maruti Ciaz,Maruti,Ciaz,9,50000.0,1,Petrol,Manual,20.73,1373.0,91.1,5,13.560619598657233,bangalore
Tata Nano,Tata,Nano,15,80000.0,2,Petrol,Manual,26.0,745.5,35.0,4,11.156264806643742,bangalore
Renault Duster,Renault,Duster,12,70000.0,2,Diesel,Manual,19.01,1461.0,108.45,5,13.122365377402328,bangalore
Maruti Swift Dzire,Maruti,Swift Dzire,17,120000.0,2,Diesel,Manual,19.3,1248.0,73.9,5,12.765691290604371,bangalore
Toyota Innova,Toyota,Innova,14,120000.0,2,Diesel,Manual,12.99,1949.5,100.0,7,13.933294482509151,bangalore
Honda Amaze,Honda,Amaze,6,20000.0,2,Petrol,Automatic,18.3,1199.0,88.76,5,13.629182184591333,bangalore
Kia Seltos,Kia,Seltos,6,37354.0,1,Diesel,Automatic,17.8,1493.0,113.42,5,14.204169225721929,bangalore
Mahindra XUV500,Mahindra,XUV500,12,80426.0,2,Diesel,Manual,15.1,1949.5,140.0,7,13.633989880380932,bangalore
Maruti Ciaz,Maruti,Ciaz,10,89801.0,1,Petrol,Manual,20.73,1373.0,91.1,5,13.420986873572868,bangalore
OpelCorsa,OpelCorsa,,22,120000.0,4,Petrol,Manual,14.2,1389.0,88.0,5,11.082157933374816,bangalore
Hyundai Grand i10,Hyundai,Grand i10,7,69199.0,2,Petrol,Manual,18.9,1197.0,81.86,5,13.212205909556012,bangalore
Maruti Swift,Maruti,Swift,14,78249.0,3,Petrol,Manual,22.38,1197.0,88.5,5,12.931205293247745,bangalore
Toyota Innova Crysta,Toyota,Innova Crysta,8,26918.0,1,Diesel,Manual,13.68,1949.5,147.8,8,14.659231027111028,bangalore
Maruti Swift,Maruti,Swift,5,29905.0,1,Petrol,Manual,22.38,1197.0,88.5,5,13.471612215950506,bangalore
Toyota Innova Crysta,Toyota,Innova Crysta,8,37678.0,2,Diesel,Automatic,11.36,1949.5,171.5,7,14.646243837206535,bangalore
Honda Jazz,Honda,Jazz,9,60442.0,2,Petrol,Manual,18.7,1199.0,88.7,5,13.176853456625999,bangalore
Renault Duster,Renault,Duster,12,66463.0,1,Diesel,Manual,20.45,1461.0,83.8,5,13.445896549926763,bangalore
Skoda Rapid,Skoda,Rapid,6,40844.0,1,Petrol,Automatic,16.24,999.0,108.62,5,13.95091606833254,bangalore
Maruti Swift,Maruti,Swift,5,30000.0,1,Petrol,Automatic,21.21,1197.0,81.8,5,13.592368256649284,bangalore
Ford Aspire,Ford,Aspire,9,44000.0,1,Petrol,Manual,18.16,1196.0,86.8,5,13.217675375388819,bangalore
Hyundai i20,Hyundai,i20,14,70000.0,2,Petrol,Manual,18.5,1197.0,180.02499999999998,5,12.899222326086994,bangalore
Tata Indica V2,Tata,Indica V2,14,120000.0,1,Diesel,Manual,25.0,1396.0,69.0,5,11.775297421715827,bangalore
Hyundai Verna,Hyundai,Verna,14,120000.0,4,Diesel,Manual,22.32,1582.0,126.32,5,12.834683971615659,bangalore
Maruti Swift Dzire,Maruti,Swift Dzire,6,40000.0,1,Petrol,Manual,21.21,1197.0,81.8,5,13.384729180332174,bangalore
Jeep Compass,Jeep,Compass,5,10000.0,1,Petrol,Automatic,14.1,1368.0,160.77,5,14.751604309291395,bangalore
Maruti Baleno,Maruti,Baleno,10,79415.0,1,Petrol,Manual,21.4,1197.0,83.1,5,13.31957518872681,bangalore
Maruti Swift Dzire,Maruti,Swift Dzire,9,88411.0,1,Diesel,Automatic,26.59,1248.0,74.0,5,13.426904041847699,bangalore
Volkswagen Vento,Volkswagen,Vento,15,120000.0,4,Diesel,Manual,20.54,1598.0,103.6,5,12.834683971615659,bangalore
Maruti Swift,Maruti,Swift,14,106516.0,1,Diesel,Manual,22.9,1248.0,74.0,5,13.014780393893403,bangalore
Maruti Swift,Maruti,Swift,11,88509.0,2,Diesel,Manual,25.2,1248.0,74.0,5,13.221305136851795,bangalore
Mahindra XUV500,Mahindra,XUV500,11,120000.0,1,Diesel,Manual,15.1,1949.5,140.0,7,13.73755009757506,bangalore
Ford Ikon,Ford,Ikon,22,80000.0,2,Petrol,Manual,14.2,1597.0,92.0,5,10.933124826700707,bangalore
Maruti Swift,Maruti,Swift,13,44437.0,1,Petrol,Manual,22.38,1197.0,88.5,5,12.962196972666593,bangalore
Hyundai i20,Hyundai,i20,11,83731.0,2,Diesel,Manual,22.54,1396.0,88.73,5,13.316285717486736,bangalore
Ford Ikon,Ford,Ikon,22,80000.0,2,Petrol,Manual,14.2,1597.0,92.0,5,10.933124826700707,bangalore
Mahindra Bolero Power Plus,Mahindra,Bolero Power Plus,8,77000.0,1,Diesel,Manual,16.5,1493.0,70.0,7,13.64709190633931,bangalore
Ford Figo,Ford,Figo,14,110000.0,3,Diesel,Manual,20.0,1399.0,68.05,5,12.388398368982115,bangalore
Maruti Wagon R,Maruti,Wagon R,4,30000.0,1,Petrol,Automatic,20.52,1197.0,81.8,5,13.429849547739444,bangalore
Toyota Innova,Toyota,Innova,20,120000.0,2,Diesel,Manual,12.8,1949.5,102.0,7,13.122365377402328,bangalore
Tata Manza,Tata,Manza,15,60000.0,2,Petrol,Manual,13.7,1368.0,88.8,5,12.429220196836383,bangalore
Maruti Baleno,Maruti,Baleno,8,80000.0,1,Petrol,Manual,21.4,1197.0,83.1,5,13.487007879880162,bangalore
Tata Nano,Tata,Nano,15,110000.0,4,Petrol,Manual,26.0,745.5,35.0,4,11.002116507732017,bangalore
Skoda Superb,Skoda,Superb,16,70000.0,5,Petrol,Automatic,12.6,1798.0,161.6,5,12.785493861878301,bangalore
Maruti Ciaz,Maruti,Ciaz,8,45621.0,1,Petrol,Manual,21.56,1462.0,103.25,5,13.589865129563993,bangalore
Renault Captur,Renault,Captur,8,38199.0,2,Diesel,Manual,20.37,1461.0,108.45,5,13.662360543970586,bangalore
Hyundai i20,Hyundai,i20,10,91660.0,1,Petrol,Manual,18.6,1197.0,81.83,5,13.317931805683793,bangalore
Honda City,Honda,City,11,51947.0,2,Petrol,Manual,17.4,1497.0,117.3,5,13.455975814408239,bangalore
Tata Hexa,Tata,Hexa,8,80000.0,2,Diesel,Manual,17.6,1949.5,153.86,7,14.038654909278163,bangalore
Maruti SX4 S Cross,Maruti,SX4 S Cross,10,76836.0,2,Diesel,Manual,23.65,1248.0,88.5,5,13.529162262303307,bangalore
Honda Brio,Honda,Brio,11,27000.0,2,Petrol,Automatic,16.5,1198.0,86.8,5,13.190023895035274,bangalore
Hyundai Verna,Hyundai,Verna,9,33222.0,1,Petrol,Automatic,17.0,1591.0,121.3,5,13.849912950864715,bangalore
Hyundai i10,Hyundai,i10,13,47333.0,1,Petrol,Manual,19.81,1086.0,68.05,5,12.700771936142122,bangalore
Hyundai Grand i10 Nios,Hyundai,Grand i10 Nios,5,20000.0,1,Petrol,Automatic,20.7,1197.0,81.86,5,13.493928313146206,bangalore
Hyundai Verna,Hyundai,Verna,9,46000.0,1,Petrol,Manual,17.01,1591.0,121.3,5,13.51440681653079,bangalore
Toyota Innova,Toyota,Innova,14,68000.0,1,Diesel,Manual,12.99,1949.5,100.6,7,13.681980308196241,bangalore
Nissan Micra Active,Nissan,Micra Active,11,40000.0,2,Petrol,Manual,19.69,1198.0,67.04,5,13.081543466215237,bangalore
Mitsubishi Lancer,Mitsubishi,Lancer,25,90000.0,2,Diesel,Manual,14.8,1949.5,68.0,5,11.23850177707664,bangalore
Ford Fiesta,Ford,Fiesta,16,80000.0,1,Petrol,Manual,15.3,1596.0,101.0,5,12.154784614286667,bangalore
Hyundai i10,Hyundai,i10,16,90000.0,4,Petrol,Manual,19.81,1086.0,68.05,5,12.25486757159303,bangalore
Maruti Swift,Maruti,Swift,12,80000.0,1,Diesel,Manual,25.2,1248.0,74.0,5,13.081543466215237,bangalore
Hyundai Verna,Hyundai,Verna,14,150000.0,2,Diesel,Manual,22.32,1582.0,126.3,5,12.847929163278053,bangalore
Tata Nexon,Tata,Nexon,4,20000.0,1,Petrol,Manual,17.57,1199.0,118.36,5,14.062371417145494,bangalore
Ford Ecosport,Ford,Ecosport,10,43791.0,1,Petrol,Automatic,15.63,1499.0,110.4,5,13.554147092530322,bangalore
Maruti Swift,Maruti,Swift,8,87660.0,1,Petrol,Automatic,22.56,1197.0,88.5,5,13.303018546545275,bangalore
Mahindra XUV500,Mahindra,XUV500,10,90000.0,5,Diesel,Automatic,16.0,1949.5,140.0,7,13.592368256649284,bangalore
Hyundai Santro Xing,Hyundai,Santro Xing,15,71938.0,3,Petrol,Manual,17.92,1086.0,62.1,5,12.354492650648448,bangalore
Hyundai Verna,Hyundai,Verna,13,104938.0,2,Petrol,Manual,17.01,1591.0,121.3,5,13.171155446333852,bangalore
Honda City,Honda,City,6,30000.0,1,Petrol,Manual,17.4,1497.0,117.6,5,13.76421831620775,bangalore
Skoda Rapid,Skoda,Rapid,9,124707.0,2,Petrol,Manual,15.41,1598.0,103.2,5,13.361381852676738,bangalore
Volkswagen Polo,Volkswagen,Polo,14,70000.0,2,Diesel,Manual,22.07,1199.0,73.9,5,12.899222326086994,bangalore
Hyundai Creta,Hyundai,Creta,9,88556.0,1,Petrol,Manual,13.0,1591.0,121.3,5,13.780920148390807,bangalore
Ford Ecosport,Ford,Ecosport,9,48743.0,1,Diesel,Manual,22.77,1498.0,98.59,5,13.568331709230735,bangalore
BMW X3,BMW,X3,10,100000.0,2,Diesel,Automatic,18.56,1949.5,180.02499999999998,5,14.845130332288226,bangalore
Skoda Superb,Skoda,Superb,14,100000.0,2,Petrol,Manual,13.7,1798.0,157.75,5,12.861001210669146,bangalore
Mahindra XUV500,Mahindra,XUV500,14,120000.0,4,Diesel,Manual,15.1,1949.5,140.0,7,13.304686600863562,bangalore
Mahindra TUV 300,Mahindra,TUV 300,10,70000.0,2,Diesel,Manual,18.49,1493.0,100.0,7,13.304686600863562,bangalore
Skoda Superb,Skoda,Superb,14,90000.0,2,Petrol,Manual,13.7,1798.0,157.75,5,12.807655372286902,bangalore
Fiat Punto,Fiat,Punto,12,120000.0,1,Diesel,Manual,20.3,1248.0,75.0,5,12.765691290604371,bangalore
Hyundai Alcazar,Hyundai,Alcazar,4,20000.0,1,Petrol,Automatic,14.2,1949.5,156.9,6,14.669926311652166,bangalore
Hyundai i20,Hyundai,i20,6,20000.0,1,Petrol,Manual,18.6,1197.0,81.86,5,13.45883704259595,bangalore
Hyundai EON,Hyundai,EON,14,50000.0,2,Petrol,Manual,21.1,814.0,55.2,5,12.345834587905333,bangalore
Honda WR-V,Honda,WR-V,8,51338.0,1,Petrol,Manual,17.5,1199.0,88.7,5,13.681980308196241,bangalore
Hyundai Creta,Hyundai,Creta,9,97334.0,1,Petrol,Manual,15.29,1591.0,121.3,5,13.73755009757506,bangalore
Hyundai i20,Hyundai,i20,6,20000.0,1,Petrol,Manual,18.6,1197.0,81.86,5,13.45883704259595,bangalore
Hyundai Creta,Hyundai,Creta,10,53031.0,2,Petrol,Manual,13.0,1591.0,121.3,5,13.742940940397677,bangalore
Hyundai Creta,Hyundai,Creta,10,51580.0,2,Petrol,Manual,13.0,1591.0,121.3,5,13.707926460869462,bangalore
Mercedes-Benz CLA,Mercedes-Benz,CLA,9,57000.0,2,Diesel,Automatic,17.9,1949.5,136.0,5,14.6888942063636,bangalore
Maruti S-Presso,Maruti,S-Presso,6,23920.0,1,Petrol,Manual,21.7,998.0,65.71,5,13.014780393893403,bangalore
Hyundai Creta,Hyundai,Creta,8,65000.0,1,Diesel,Automatic,17.01,1582.0,126.2,5,14.210926003619385,bangalore
Honda Brio,Honda,Brio,14,66434.0,2,Petrol,Manual,19.4,1198.0,86.8,5,12.721888795877375,bangalore
Honda WR-V,Honda,WR-V,9,54097.0,1,Petrol,Manual,17.5,1199.0,88.7,5,13.623139877437296,bangalore
Toyota Glanza,Toyota,Glanza,5,27655.0,1,Petrol,Automatic,19.56,1197.0,81.8,5,13.74830287778897,bangalore
BMW 3 Series GT,BMW,3 Series GT,8,14955.0,1,Diesel,Automatic,21.76,1949.5,180.02499999999998,5,15.157069286680647,bangalore
Hyundai Alcazar,Hyundai,Alcazar,4,10000.0,1,Petrol,Automatic,14.2,1949.5,156.9,7,14.669926311652166,bangalore
Volkswagen T-Roc,Volkswagen,T-Roc,6,50000.0,1,Petrol,Automatic,18.4,1498.0,147.94,5,14.731801689838349,bangalore
Kia Seltos,Kia,Seltos,4,10000.0,1,Petrol,Manual,16.8,1497.0,113.43,5,14.24729362374025,bangalore
Hyundai Creta,Hyundai,Creta,7,70000.0,2,Diesel,Automatic,17.6,1582.0,126.2,5,14.070153551531353,bangalore
Hyundai Elantra,Hyundai,Elantra,19,150000.0,3,Diesel,Manual,14.9,1949.5,112.2,5,10.819798284210286,bangalore
Kia Sonet,Kia,Sonet,5,10000.0,2,Petrol,Manual,18.2,998.0,118.36,5,13.840204146163925,bangalore
Honda City,Honda,City,10,110000.0,3,Diesel,Manual,26.0,1498.0,98.6,5,13.304686600863562,bangalore
Maruti Eeco,Maruti,Eeco,6,30000.0,1,Petrol,Manual,16.11,1196.0,72.41,7,12.983101310070822,bangalore
Honda WR-V,Honda,WR-V,9,14338.0,2,Petrol,Manual,17.5,1199.0,88.7,5,13.60231857512623,bangalore
Maruti Eeco,Maruti,Eeco,6,30000.0,1,Petrol,Manual,16.11,1196.0,72.41,7,12.983101310070822,bangalore
Maruti Wagon R,Maruti,Wagon R,15,73799.0,2,Petrol,Manual,18.9,998.0,67.1,5,12.535379989788607,bangalore
Mahindra XUV300,Mahindra,XUV300,5,39139.0,1,Petrol,Automatic,16.5,1197.0,108.62,5,14.047416407968154,bangalore
Hyundai Venue,Hyundai,Venue,6,20000.0,1,Petrol,Manual,17.52,1197.0,81.86,5,13.652992804936396,bangalore
Hyundai EON,Hyundai,EON,12,89633.0,2,Petrol,Manual,21.1,814.0,55.2,5,12.506180941677357,bangalore
BMW X1,BMW,X1,15,70000.0,3,Diesel,Automatic,17.05,1949.5,180.02499999999998,5,13.815511557963774,bangalore
Maruti Ertiga,Maruti,Ertiga,9,16826.0,2,Petrol,Manual,20.51,1462.0,101.65,7,13.64709190633931,bangalore
Maruti Ignis,Maruti,Ignis,9,25133.0,2,Petrol,Manual,20.89,1197.0,81.8,5,13.138238695062618,bangalore
Maruti Alto 800,Maruti,Alto 800,8,80000.0,1,Petrol,Manual,24.7,796.0,47.3,5,12.73670383776449,bangalore
Toyota Innova,Toyota,Innova,12,90000.0,1,Diesel,Manual,12.99,1949.5,100.6,8,14.018452218287162,bangalore
Toyota Innova,Toyota,Innova,12,90000.0,1,Diesel,Manual,12.99,1949.5,100.6,8,14.058457520888082,bangalore
Jeep Compass,Jeep,Compass,4,10000.0,1,Petrol,Automatic,14.1,1368.0,160.77,5,14.88022163978423,bangalore
Mahindra XUV300,Mahindra,XUV300,7,70000.0,2,Petrol,Manual,17.0,1197.0,110.0,5,13.592368256649284,bangalore
Mercedes-Benz E-Class,Mercedes-Benz,E-Class,10,110000.0,1,Diesel,Automatic,13.0,1949.5,180.02499999999998,5,14.845130332288226,bangalore
Nissan Magnite,Nissan,Magnite,5,10000.0,1,Petrol,Manual,18.75,999.0,71.02,5,13.366095129723817,bangalore
Datsun RediGO,Datsun,RediGO,7,20000.0,2,Petrol,Manual,22.7,799.0,53.64,5,12.660331092405906,bangalore
Maruti Celerio,Maruti,Celerio,10,33210.0,1,Petrol,Automatic,23.1,998.0,67.04,5,13.102162710901053,bangalore
Hyundai Verna,Hyundai,Verna,6,80000.0,2,Diesel,Manual,22.0,1582.0,126.2,5,13.864301674514206,bangalore
Maruti Celerio,Maruti,Celerio,11,28051.0,2,Petrol,Automatic,26.68,998.0,65.71,5,12.971542813248437,bangalore
Kia Carens,Kia,Carens,4,22280.0,1,Petrol,Automatic,16.5,1353.0,138.05,6,14.360157730205776,bangalore
Hyundai Grand i10,Hyundai,Grand i10,9,21193.0,1,Petrol,Manual,18.9,1197.0,81.86,5,13.155800087724673,bangalore
Skoda Superb,Skoda,Superb,16,120000.0,2,Petrol,Automatic,12.0,1949.5,180.02499999999998,5,12.899222326086994,bangalore
Hyundai Grand i10 Nios,Hyundai,Grand i10 Nios,5,7150.0,1,Petrol,Manual,20.7,1197.0,81.86,5,13.348703414510117,bangalore
Tata Tiago,Tata,Tiago,10,13262.0,1,Petrol,Manual,23.84,1199.0,84.0,5,13.142166004700508,bangalore
Chevrolet Cruze,Chevrolet,Cruze,14,100000.0,3,Diesel,Manual,17.3,1949.5,163.7,5,12.429220196836383,bangalore
BMW X3,BMW,X3,14,100000.0,4,Diesel,Automatic,16.09,1949.5,180.02499999999998,5,14.285514812209815,bangalore
Maruti Baleno,Maruti,Baleno,10,100000.0,2,Petrol,Manual,21.4,1197.0,83.1,5,13.26212705890841,bangalore
Chevrolet Enjoy,Chevrolet,Enjoy,12,90000.0,1,Diesel,Manual,18.2,1248.0,73.8,7,12.92391243868049,bangalore
Tata Nexon,Tata,Nexon,8,40000.0,2,Petrol,Automatic,17.0,1198.0,108.5,5,13.73755009757506,bangalore
Hyundai i20,Hyundai,i20,13,50000.0,2,Diesel,Manual,21.9,1396.0,88.76,5,13.07107218827772,bangalore
Tata Nano,Tata,Nano,11,50000.0,3,Petrol,Manual,25.4,745.5,37.5,4,12.128116509451258,bangalore
Hyundai Santro Xing,Hyundai,Santro Xing,18,50000.0,3,Petrol,Manual,17.92,1086.0,62.1,5,12.323860125621126,bangalore
Volkswagen Tiguan Allspace,Volkswagen,Tiguan Allspace,5,21000.0,1,Petrol,Automatic,17.01,1949.5,180.02499999999998,7,15.001828732394953,bangalore
Volvo XC40,Volvo,XC40,7,38000.0,1,Diesel,Automatic,18.0,1949.5,180.02499999999998,5,15.137266664613225,bangalore
Renault Triber,Renault,Triber,7,61902.0,1,Petrol,Manual,20.0,999.0,72.0,7,13.149978544437301,bangalore
Datsun RediGO,Datsun,RediGO,8,38396.0,1,Petrol,Automatic,23.0,999.0,67.0,5,12.757082940769225,bangalore
Honda City,Honda,City,22,30000.0,3,Petrol,Manual,12.8,1493.0,100.0,5,11.51293546492023,bangalore
Kia Sonet,Kia,Sonet,4,7561.0,1,Petrol,Manual,18.2,998.0,118.36,5,14.099938090140547,bangalore
Hyundai EON,Hyundai,EON,9,30000.0,1,Petrol,Manual,21.1,814.0,55.2,5,12.611541086966115,bangalore
Skoda Slavia,Skoda,Slavia,4,6731.0,1,Petrol,Manual,19.47,999.0,113.98,5,14.121524323477532,bangalore
Jeep Compass,Jeep,Compass,7,20000.0,1,Petrol,Manual,16.0,1368.0,160.0,5,14.220976332738882,bangalore
Maruti Swift,Maruti,Swift,8,55567.0,1,Petrol,Automatic,21.21,1197.0,81.8,5,13.372345140303285,bangalore
Renault Kiger,Renault,Kiger,5,48938.0,2,Petrol,Automatic,18.24,999.0,98.63,5,13.722299273936335,bangalore
Maruti Swift,Maruti,Swift,9,80000.0,2,Diesel,Manual,28.25,1248.0,74.0,5,13.217675375388819,bangalore
Renault Duster,Renault,Duster,13,80000.0,1,Diesel,Manual,19.01,1461.0,108.45,5,12.948012371209098,bangalore
Ford Figo,Ford,Figo,16,10000.0,1,Petrol,Manual,15.6,1196.0,70.0,5,13.017005083966255,bangalore
Kia Seltos,Kia,Seltos,4,10000.0,1,Petrol,Manual,16.8,1497.0,113.43,5,14.263397020933823,bangalore
Tata Tiago,Tata,Tiago,10,60000.0,2,Petrol,Manual,23.84,1199.0,84.0,5,13.017005083966255,bangalore
Ford Aspire,Ford,Aspire,11,71545.0,1,Petrol,Automatic,17.01,1499.0,110.5,5,13.038981768465277,bangalore
Mahindra TUV 300,Mahindra,TUV 300,10,80000.0,2,Diesel,Automatic,18.49,1493.0,100.0,7,13.428377879293798,bangalore
Kia Seltos,Kia,Seltos,6,60000.0,1,Petrol,Manual,16.8,1497.0,113.43,5,13.997832948091215,bangalore
Hyundai Grand i10,Hyundai,Grand i10,10,56577.0,1,Petrol,Automatic,18.9,1197.0,82.0,5,13.204866440535003,bangalore
Hyundai Creta,Hyundai,Creta,8,56974.0,2,Petrol,Automatic,13.0,1591.0,121.3,5,13.849912950864715,bangalore
Hyundai Venue,Hyundai,Venue,5,10000.0,1,Petrol,Manual,18.0,998.0,118.35,5,13.955273369904273,bangalore
Hyundai i20,Hyundai,i20,13,40344.0,1,Petrol,Manual,18.5,1197.0,82.85,5,13.079457964073546,bangalore
Ford Ecosport,Ford,Ecosport,8,36216.0,3,Diesel,Manual,23.0,1498.0,98.96,5,13.508986756405742,bangalore
Renault KWID,Renault,KWID,4,10000.0,1,Petrol,Automatic,22.0,999.0,67.0,5,13.180634172318978,bangalore
Hyundai Creta,Hyundai,Creta,9,45965.0,2,Petrol,Manual,15.29,1591.0,121.3,5,13.68767832281738,bangalore
Toyota Innova Crysta,Toyota,Innova Crysta,5,10000.0,1,Petrol,Automatic,10.25,1949.5,163.6,7,14.77102238760702,bangalore
Honda City,Honda,City,10,74982.0,1,Petrol,Automatic,18.0,1497.0,117.3,5,13.578522867254332,bangalore
Tata Nexon,Tata,Nexon,6,21925.0,1,Petrol,Automatic,17.0,1198.0,108.5,5,13.845070331079134,bangalore
Skoda Rapid,Skoda,Rapid,11,120000.0,1,Diesel,Automatic,21.66,1498.0,103.52,5,13.304686600863562,bangalore
Honda City,Honda,City,16,70000.0,2,Petrol,Manual,17.0,1497.0,180.02499999999998,5,12.429220196836383,bangalore
Honda Amaze,Honda,Amaze,12,80000.0,3,Diesel,Manual,25.8,1498.0,98.6,5,12.873904582205107,bangalore
Maruti Swift,Maruti,Swift,17,90000.0,2,Petrol,Manual,16.1,1298.0,88.2,5,12.54254845357358,bangalore
Nissan Magnite,Nissan,Magnite,5,20000.0,1,Petrol,Manual,18.75,999.0,71.02,5,13.732128949025222,bangalore
Nissan Magnite,Nissan,Magnite,5,10000.0,1,Petrol,Manual,18.75,999.0,71.02,5,13.384729180332174,bangalore
Hyundai i10,Hyundai,i10,16,80000.0,4,Petrol,Manual,20.36,1197.0,78.9,5,12.388398368982115,bangalore
Land Rover Discovery Sport,Land,Rover Discovery Sport,8,61000.0,1,Diesel,Automatic,12.51,1949.5,180.02499999999998,7,15.307290651901996,bangalore
Mahindra Marazzo,Mahindra,Marazzo,7,50000.0,1,Diesel,Manual,17.3,1497.0,121.0,7,14.115615891155079,bangalore
Maruti Alto 800,Maruti,Alto 800,11,50406.0,1,Petrol,Manual,22.05,796.0,47.33,5,12.650761671914688,bangalore
Hyundai Grand i10,Hyundai,Grand i10,9,26483.0,1,Petrol,Manual,18.9,1197.0,81.86,5,13.274227444925158,bangalore
Tata Indica V2,Tata,Indica V2,11,80000.0,2,Diesel,Manual,25.0,1396.0,69.0,5,11.918397239722838,bangalore
Mahindra KUV 100,Mahindra,KUV 100,8,12104.0,1,Petrol,Manual,18.15,1198.0,82.0,6,13.334245354561496,bangalore
Honda Jazz,Honda,Jazz,5,23721.0,1,Petrol,Automatic,17.1,1199.0,88.5,5,13.727772735358728,bangalore
Ford Figo,Ford,Figo,14,80000.0,1,Diesel,Manual,20.0,1399.0,68.05,5,12.611541086966115,bangalore
Maruti S-Presso,Maruti,S-Presso,4,8212.0,1,Petrol,Manual,21.7,998.0,65.71,5,13.22672519452875,bangalore
Skoda Superb,Skoda,Superb,15,80000.0,3,Diesel,Automatic,11.9,1949.5,163.2,5,13.122365377402328,bangalore
Maruti Baleno,Maruti,Baleno,5,9358.0,1,Petrol,Automatic,21.4,1197.0,83.1,5,13.76421831620775,bangalore
Maruti Swift Dzire,Maruti,Swift Dzire,10,62011.0,1,Petrol,Manual,22.41,1197.0,88.5,5,13.317931805683793,bangalore
Tata Indigo,Tata,Indigo,15,120000.0,2,Diesel,Manual,17.0,1405.0,70.0,5,11.736077016252437,bangalore
Jaguar XJ,Jaguar,XJ,15,90000.0,2,Petrol,Automatic,10.5,1949.5,180.02499999999998,4,14.346139397261565,bangalore
Jaguar XJ,Jaguar,XJ,15,90000.0,2,Petrol,Automatic,10.5,1949.5,180.02499999999998,4,14.346139397261565,bangalore
Ford Figo,Ford,Figo,13,50000.0,1,Diesel,Manual,20.0,1399.0,68.05,5,12.323860125621126,bangalore
Skoda Fabia,Skoda,Fabia,16,100000.0,2,Diesel,Manual,19.4,1422.0,180.02499999999998,5,12.425212191503038,bangalore
Tata Sumo,Tata,Sumo,18,100000.0,1,Diesel,Manual,14.4,1949.5,120.0,8,11.918397239722838,bangalore
Mitsubishi Lancer,Mitsubishi,Lancer,24,120000.0,5,Diesel,Manual,14.8,1949.5,68.0,5,11.775297421715827,bangalore
Honda Amaze,Honda,Amaze,11,50000.0,2,Petrol,Manual,18.0,1198.0,86.7,5,12.834683971615659,bangalore
Renault KWID,Renault,KWID,4,10000.0,1,Petrol,Manual,21.74,999.0,67.0,5,13.217675375388819,bangalore
Hyundai Grand i10,Hyundai,Grand i10,7,38771.0,1,Petrol,Manual,18.9,1197.0,81.86,5,13.28787951079572,bangalore
Maruti Celerio X,Maruti,Celerio X,8,42174.0,1,Petrol,Automatic,21.63,998.0,67.0,5,13.144126826131089,bangalore
Tata Indigo,Tata,Indigo,9,120000.0,1,Diesel,Manual,19.09,1396.0,69.0,5,12.468440756144114,bangalore
Renault KWID,Renault,KWID,9,43199.0,1,Petrol,Manual,23.01,999.0,67.0,5,12.850557278777309,bangalore
Mahindra XUV500,Mahindra,XUV500,12,65000.0,2,Diesel,Manual,15.1,1949.5,140.0,7,13.615840583835682,bangalore
Maruti Baleno,Maruti,Baleno,10,20000.0,1,Petrol,Manual,21.4,1197.0,83.1,5,13.26212705890841,bangalore
Renault KWID,Renault,KWID,7,10155.0,2,Petrol,Manual,22.25,799.0,53.26,5,12.966880811009803,bangalore
Maruti Swift,Maruti,Swift,6,50704.0,1,Petrol,Manual,21.21,1197.0,81.8,5,13.453106376097134,bangalore
Hyundai Grand i10 Nios,Hyundai,Grand i10 Nios,6,34725.0,1,Petrol,Manual,20.7,998.0,98.63,5,13.51440681653079,bangalore
Mahindra XUV500,Mahindra,XUV500,13,90000.0,2,Diesel,Manual,15.1,1949.5,140.0,7,13.623139877437296,bangalore
Hyundai i10,Hyundai,i10,15,30000.0,1,Petrol,Manual,19.81,1086.0,68.05,5,12.611541086966115,bangalore
Tata Tiago,Tata,Tiago,10,60000.0,1,Diesel,Manual,27.28,1047.0,69.0,5,13.122365377402328,bangalore
Nissan Sunny,Nissan,Sunny,13,120000.0,2,Diesel,Manual,21.64,1461.0,84.8,5,12.345834587905333,bangalore
Ford Ikon,Ford,Ikon,22,80000.0,2,Petrol,Manual,14.2,1597.0,92.0,5,11.225256725762893,bangalore
Hyundai Accent,Hyundai,Accent,17,60000.0,1,Petrol,Manual,13.2,1495.0,94.0,5,12.468440756144114,bangalore
Maruti Wagon R,Maruti,Wagon R,18,57709.0,1,Petrol,Manual,18.9,998.0,67.1,5,12.388398368982115,bangalore
Mahindra Thar,Mahindra,Thar,4,20000.0,1,Petrol,Manual,15.2,1949.5,150.0,4,14.220976332738882,bangalore
Hyundai i10,Hyundai,i10,16,90000.0,1,Petrol,Manual,20.36,1197.0,78.9,5,12.524530013005734,bangalore
Jaguar XF,Jaguar,XF,12,60000.0,2,Diesel,Automatic,16.36,1949.5,180.02499999999998,5,14.508658238524095,bangalore
Mahindra XUV500,Mahindra,XUV500,10,26224.0,2,Diesel,Manual,16.0,1949.5,140.0,7,13.828427770397164,bangalore
Honda City,Honda,City,10,32196.0,2,Petrol,Manual,17.8,1497.0,117.3,5,13.425428028998196,bangalore
Maruti Ertiga,Maruti,Ertiga,10,120000.0,1,Diesel,Manual,24.52,1248.0,88.5,7,13.710151153416941,bangalore
Hyundai i20,Hyundai,i20,9,56672.0,3,Petrol,Manual,18.6,1197.0,81.83,5,13.28957298843418,bangalore
Maruti S-Presso,Maruti,S-Presso,6,21226.0,1,Petrol,Manual,21.7,998.0,65.71,5,12.966880811009803,bangalore
Toyota Fortuner,Toyota,Fortuner,16,105000.0,2,Diesel,Manual,11.5,1949.5,171.0,7,13.95091606833254,bangalore
Hyundai Grand i10 Nios,Hyundai,Grand i10 Nios,4,10346.0,1,Petrol,Manual,20.7,1197.0,81.86,5,13.454542124461861,bangalore
Maruti Swift Dzire,Maruti,Swift Dzire,6,30000.0,3,Petrol,Automatic,22.61,1197.0,88.5,5,13.353476685668044,bangalore
Maruti Alto 800,Maruti,Alto 800,5,16679.0,1,Petrol,Manual,22.05,796.0,47.33,5,12.969214528909768,bangalore
Maruti Celerio,Maruti,Celerio,10,15437.0,2,Petrol,Manual,25.24,998.0,65.71,5,13.047639831208393,bangalore
Renault Triber,Renault,Triber,7,40000.0,1,Petrol,Manual,20.0,999.0,72.0,7,13.527829818844937,bangalore
Hyundai Venue,Hyundai,Venue,7,30000.0,2,Petrol,Automatic,18.15,998.0,118.35,5,13.910821646859095,bangalore
Hyundai Elantra,Hyundai,Elantra,12,90000.0,1,Diesel,Manual,22.7,1582.0,126.24,5,13.45883704259595,bangalore
Mercedes-Benz C-Class,Mercedes-Benz,C-Class,13,110000.0,2,Diesel,Automatic,15.8,1949.5,170.0,5,13.910821646859095,bangalore
Skoda Kushaq,Skoda,Kushaq,4,20000.0,1,Petrol,Manual,18.09,999.0,113.98,5,14.343193888767015,bangalore
Audi Q7,Audi,Q7,15,120000.0,1,Diesel,Automatic,12.07,1949.5,180.02499999999998,7,14.508658238524095,bangalore
Maruti Eeco,Maruti,Eeco,5,10000.0,1,Petrol,Manual,16.11,1196.0,72.41,7,13.122365377402328,bangalore
Honda CR-V,Honda,CR-V,21,110000.0,3,Petrol,Manual,11.1,1949.5,158.8,5,12.206077645517674,bangalore
Jaguar XF,Jaguar,XF,9,120000.0,1,Diesel,Automatic,19.33,1949.5,177.0,5,14.80876270134486,bangalore
Datsun RediGO,Datsun,RediGO,6,50000.0,1,Petrol,Manual,21.7,999.0,67.05,5,12.793862088206213,bangalore
Honda Jazz,Honda,Jazz,9,15017.0,1,Petrol,Manual,18.7,1199.0,88.7,5,13.504902345124338,bangalore
Maruti Wagon R,Maruti,Wagon R,13,75283.0,1,Petrol,Manual,18.9,998.0,67.1,5,12.834683971615659,bangalore
Tata Harrier,Tata,Harrier,5,54568.0,2,Diesel,Manual,16.35,1949.5,167.67,5,14.449438909368086,bangalore
Hyundai i20,Hyundai,i20,10,14516.0,1,Petrol,Manual,18.6,1197.0,81.83,5,13.395440819535605,bangalore
Maruti Baleno,Maruti,Baleno,7,53627.0,1,Petrol,Automatic,21.4,1197.0,83.1,5,13.499430382731967,bangalore
Tata Tigor,Tata,Tigor,5,20000.0,1,Petrol,Manual,19.28,1199.0,84.82,5,13.592368256649284,bangalore
Renault KWID,Renault,KWID,7,5083.0,2,Petrol,Automatic,23.01,999.0,67.0,5,13.124363376072994,bangalore
Mahindra TUV 300,Mahindra,TUV 300,10,100000.0,2,Diesel,Manual,18.49,1493.0,100.0,7,13.384729180332174,bangalore
Honda City,Honda,City,9,50666.0,1,Petrol,Automatic,18.0,1497.0,117.6,5,13.820499094499693,bangalore
Tata Nexon,Tata,Nexon,4,16962.0,1,Petrol,Manual,17.57,1199.0,118.36,5,13.991982539302668,bangalore
Volkswagen Polo,Volkswagen,Polo,7,10000.0,1,Petrol,Manual,18.78,999.0,75.0,5,13.710151153416941,bangalore
Volkswagen Polo,Volkswagen,Polo,9,70446.0,1,Petrol,Automatic,17.21,1197.0,103.5,5,13.73755009757506,bangalore
Volkswagen Polo,Volkswagen,Polo,9,60528.0,2,Petrol,Automatic,17.21,1197.0,103.5,5,13.670485941982712,bangalore
Volkswagen Taigun,Volkswagen,Taigun,5,7132.0,1,Petrol,Manual,20.08,999.0,113.98,5,14.276095596208146,bangalore
Ford Fiesta,Ford,Fiesta,17,100000.0,5,Diesel,Manual,17.8,1399.0,68.0,5,11.695255355062795,bangalore
Mercedes-Benz M-Class,Mercedes-Benz,M-Class,14,80000.0,3,Diesel,Automatic,11.74,1949.5,180.02499999999998,5,14.403297778421795,bangalore
Mercedes-Benz GLE,Mercedes-Benz,GLE,8,30000.0,1,Petrol,Automatic,10.25,1949.5,180.02499999999998,5,15.76142084987672,bangalore
Tata Indica V2,Tata,Indica V2,11,120000.0,3,Diesel,Manual,17.88,1405.0,48.21,5,12.180759965737863,bangalore
Hyundai i20,Hyundai,i20,8,21280.0,1,Petrol,Manual,18.6,1197.0,81.83,5,13.591117476312084,bangalore
Ford Ecosport,Ford,Ecosport,9,82021.0,1,Petrol,Automatic,15.63,1499.0,110.4,5,13.442998001373553,bangalore
Tata Nexon,Tata,Nexon,3,18998.0,1,Petrol,Manual,17.33,1199.0,118.35,5,13.881299234831427,bangalore
Jeep Compass,Jeep,Compass,8,56189.0,1,Diesel,Manual,16.3,1949.5,170.0,5,14.40274151293267,bangalore
Maruti S-Presso,Maruti,S-Presso,6,57644.0,2,Petrol,Manual,21.7,998.0,65.71,5,12.855792879125431,bangalore
Maruti Alto 800,Maruti,Alto 800,8,51286.0,2,Petrol,Manual,24.7,796.0,47.3,5,12.69771850797869,bangalore
Mahindra Quanto,Mahindra,Quanto,14,120000.0,1,Diesel,Manual,17.21,1493.0,100.0,7,12.180759965737863,bangalore
Hyundai Grand i10 Nios,Hyundai,Grand i10 Nios,7,27937.0,1,Petrol,Manual,20.7,1197.0,81.86,5,13.367661298303675,bangalore
Renault Duster,Renault,Duster,13,64000.0,2,Diesel,Manual,20.45,1461.0,83.8,5,13.26212705890841,bangalore
Ford Ecosport,Ford,Ecosport,9,40031.0,2,Petrol,Manual,15.85,1499.0,110.4,5,13.399996629152975,bangalore
Maruti Alto 800,Maruti,Alto 800,9,47619.0,2,Petrol,Manual,22.05,796.0,47.33,5,12.691583538230217,bangalore
Hyundai i20,Hyundai,i20,17,90000.0,5,Petrol,Manual,17.0,1197.0,180.02499999999998,5,12.323860125621126,bangalore
Toyota Urban cruiser,Toyota,Urban cruiser,4,20000.0,1,Petrol,Automatic,18.76,1462.0,103.26,5,13.887832149776026,bangalore
Toyota Urban cruiser,Toyota,Urban cruiser,4,20000.0,1,Petrol,Manual,17.03,1462.0,103.26,5,13.790193775620484,bangalore
Hyundai i10,Hyundai,i10,16,70000.0,3,Petrol,Manual,20.36,1197.0,78.9,5,12.611541086966115,bangalore
Maruti SX4,Maruti,SX4,15,110000.0,3,Diesel,Manual,21.5,1248.0,88.8,5,12.577639650232573,bangalore
Honda Brio,Honda,Brio,14,40000.0,3,Petrol,Manual,19.4,1198.0,86.8,5,12.468440756144114,bangalore
Nissan Sunny,Nissan,Sunny,14,100000.0,3,Diesel,Manual,21.64,1461.0,84.8,5,12.793862088206213,bangalore
BMW X3,BMW,X3,13,10000.0,4,Diesel,Automatic,16.55,1949.5,180.02499999999998,5,14.220976332738882,bangalore
Hyundai EON,Hyundai,EON,9,60000.0,4,Petrol,Manual,21.1,814.0,55.2,5,12.429220196836383,bangalore
Hyundai Venue,Hyundai,Venue,6,30535.0,2,Petrol,Manual,18.0,998.0,118.35,5,13.88596995357885,bangalore
Maruti Alto K10,Maruti,Alto K10,9,20229.0,2,Petrol,Manual,23.95,998.0,67.05,5,12.762830066509972,bangalore
Maruti Celerio,Maruti,Celerio,8,35800.0,1,Petrol,Manual,21.63,998.0,67.05,5,13.091904169919621,bangalore
Maruti Wagon R,Maruti,Wagon R,5,11453.0,1,Petrol,Manual,20.52,1197.0,81.8,5,13.28957298843418,bangalore
Hyundai i20,Hyundai,i20,10,35410.0,1,Petrol,Manual,18.6,1197.0,81.83,5,13.395440819535605,bangalore
Maruti Alto,Maruti,Alto,17,50000.0,1,Petrol,Manual,19.7,796.0,46.3,5,12.25486757159303,bangalore
Hyundai Grand i10,Hyundai,Grand i10,8,49948.0,1,Petrol,Automatic,18.9,1197.0,81.86,5,13.28957298843418,bangalore
Volkswagen Polo,Volkswagen,Polo,12,77000.0,2,Diesel,Manual,22.07,1199.0,73.9,5,13.142166004700508,bangalore
Hyundai i20,Hyundai,i20,9,48285.0,1,Petrol,Manual,18.6,1197.0,81.83,5,13.396961730063138,bangalore
Renault KWID,Renault,KWID,5,19062.0,1,Petrol,Manual,21.74,999.0,67.0,5,13.149978544437301,bangalore
Hyundai i10,Hyundai,i10,15,70000.0,2,Petrol,Automatic,16.95,1197.0,78.9,5,12.706850963741102,bangalore
Mercedes-Benz E-Class,Mercedes-Benz,E-Class,11,120000.0,2,Diesel,Automatic,13.0,1949.5,180.02499999999998,5,14.626441218624949,bangalore
Citroen C3,Citroen,C3,4,10000.0,1,Petrol,Manual,19.3,1199.0,108.62,5,13.76421831620775,bangalore
Volkswagen Polo,Volkswagen,Polo,12,80000.0,3,Petrol,Manual,16.47,1198.0,74.0,5,13.112315061750808,bangalore
Fiat Palio,Fiat,Palio,19,80000.0,2,Petrol,Manual,15.5,1108.0,57.0,5,11.608244735642321,bangalore
Toyota Etios,Toyota,Etios,15,87000.0,1,Petrol,Manual,17.6,1496.0,88.73,5,12.706850963741102,bangalore
Volkswagen Vento,Volkswagen,Vento,10,80000.0,1,Diesel,Automatic,22.15,1498.0,108.6,5,13.560619598657233,bangalore
Maruti Wagon R,Maruti,Wagon R,16,110000.0,2,Petrol,Manual,18.9,998.0,67.1,5,12.468440756144114,bangalore
Honda City,Honda,City,17,90000.0,3,Petrol,Automatic,16.8,1497.0,180.02499999999998,5,12.611541086966115,bangalore
Maruti Swift,Maruti,Swift,7,30000.0,1,Petrol,Automatic,21.21,1197.0,81.8,5,13.384729180332174,bangalore
Maruti Alto K10,Maruti,Alto K10,10,56276.0,1,Petrol,Manual,23.95,998.0,67.05,5,12.834683971615659,bangalore
Hyundai i20,Hyundai,i20,10,27103.0,1,Petrol,Manual,18.6,1197.0,81.83,5,13.380103119076898,bangalore
Ford Figo,Ford,Figo,15,80000.0,2,Diesel,Manual,20.0,1399.0,68.0,5,12.409017571151187,bangalore
Maruti Ignis,Maruti,Ignis,9,46507.0,1,Petrol,Automatic,20.89,1197.0,81.8,5,13.28957298843418,bangalore
Hyundai Grand i10,Hyundai,Grand i10,8,30000.0,1,Petrol,Manual,18.9,1197.0,81.86,5,13.26212705890841,bangalore
Maruti Swift Dzire,Maruti,Swift Dzire,9,39070.0,1,Petrol,Manual,21.21,1197.0,81.8,5,13.398480330934175,bangalore
Toyota Etios,Toyota,Etios,7,120000.0,1,Diesel,Manual,23.59,1364.0,67.05,5,13.487007879880162,bangalore
Maruti Baleno,Maruti,Baleno,6,22438.0,1,Petrol,Manual,21.01,1197.0,81.8,5,13.504902345124338,bangalore
Maruti Baleno,Maruti,Baleno,6,21225.0,2,Petrol,Automatic,21.4,1197.0,83.1,5,13.672795409164552,bangalore
Honda Jazz,Honda,Jazz,7,28737.0,1,Petrol,Automatic,18.2,1199.0,88.7,5,13.652992804936396,bangalore
Renault Kiger,Renault,Kiger,5,20000.0,1,Petrol,Manual,20.5,999.0,98.63,5,13.732128949025222,bangalore
Hyundai i20,Hyundai,i20,7,30000.0,1,Diesel,Manual,22.54,1396.0,88.76,5,13.487007879880162,bangalore
Chevrolet Spark,Chevrolet,Spark,17,70000.0,3,Petrol,Manual,18.0,995.0,62.0,5,11.695255355062795,bangalore
Mercedes-Benz C-Class,Mercedes-Benz,C-Class,16,120000.0,2,Diesel,Automatic,14.84,1949.5,170.0,5,13.384729180332174,bangalore
Hyundai i20,Hyundai,i20,14,80000.0,2,Petrol,Manual,18.5,1197.0,82.85,5,12.765691290604371,bangalore
Volkswagen Polo,Volkswagen,Polo,16,100000.0,2,Diesel,Manual,22.07,1199.0,73.9,5,12.793862088206213,bangalore
Audi A6,Audi,A6,13,80000.0,1,Diesel,Automatic,17.68,1949.5,174.33,5,14.285514812209815,bangalore
Skoda Octavia,Skoda,Octavia,8,70000.0,1,Diesel,Manual,21.0,1949.5,141.0,5,14.285514812209815,bangalore
Hyundai i20,Hyundai,i20,13,90106.0,2,Diesel,Manual,21.9,1396.0,88.8,5,12.850557278777309,bangalore
Skoda Superb,Skoda,Superb,17,50000.0,1,Petrol,Manual,13.7,1798.0,157.75,5,12.899222326086994,bangalore
Maruti Celerio,Maruti,Celerio,10,138175.0,1,Petrol,Automatic,26.68,998.0,65.71,5,12.871337193291367,bangalore
Renault KWID,Renault,KWID,7,55609.0,1,Petrol,Manual,23.01,999.0,67.0,5,13.005831808336863,bangalore
Tata Indica V2,Tata,Indica V2,11,120000.0,3,Diesel,Manual,17.88,1405.0,48.21,5,12.133507329024972,bangalore
Maruti Swift,Maruti,Swift,8,56410.0,1,Petrol,Automatic,22.56,1197.0,88.5,5,13.372345140303285,bangalore
Maruti Baleno,Maruti,Baleno,4,30000.0,1,Petrol,Manual,22.35,1197.0,88.5,5,13.493928313146206,bangalore
Hyundai i20,Hyundai,i20,9,77593.0,1,Petrol,Manual,18.6,1197.0,81.83,5,13.331003865890963,bangalore
Honda WR-V,Honda,WR-V,8,49538.0,1,Petrol,Manual,17.5,1199.0,88.7,5,13.450228680410094,bangalore
Chevrolet Cruze,Chevrolet,Cruze,14,87000.0,4,Diesel,Manual,17.3,1949.5,163.7,5,12.899222326086994,bangalore
Mahindra Bolero,Mahindra,Bolero,10,80000.0,1,Diesel,Manual,15.96,1949.5,63.0,9,13.384729180332174,bangalore
Datsun RediGO,Datsun,RediGO,8,50000.0,2,Petrol,Manual,22.5,999.0,67.0,5,12.611541086966115,bangalore
Maruti Swift,Maruti,Swift,14,120000.0,1,Diesel,Manual,22.9,1248.0,74.0,5,12.899222326086994,bangalore
Maruti Swift,Maruti,Swift,8,30000.0,1,Petrol,Manual,22.0,1197.0,81.8,5,13.38318953651709,bangalore
Volkswagen Polo,Volkswagen,Polo,16,100000.0,2,Diesel,Manual,22.07,1199.0,73.9,5,12.793862088206213,bangalore
Volkswagen Polo,Volkswagen,Polo,16,100000.0,2,Diesel,Manual,22.07,1199.0,73.9,5,12.793862088206213,bangalore
Hyundai Santro Xing,Hyundai,Santro Xing,16,120000.0,3,Petrol,Manual,17.92,1086.0,62.1,5,12.388398368982115,bangalore
Hyundai Grand i10 Nios,Hyundai,Grand i10 Nios,5,30000.0,1,Petrol,Automatic,20.7,1197.0,81.86,5,13.592368256649284,bangalore
Maruti Celerio,Maruti,Celerio,10,41268.0,2,Petrol,Manual,25.24,998.0,65.71,5,12.936036208848487,bangalore
Maruti Swift,Maruti,Swift,15,60020.0,1,Petrol,Manual,22.38,1197.0,88.5,5,12.85840043573314,bangalore
Mahindra XUV500,Mahindra,XUV500,11,120000.0,1,Diesel,Manual,16.0,1949.5,140.0,7,13.710151153416941,bangalore
Hyundai i20,Hyundai,i20,10,32148.0,1,Diesel,Manual,22.54,1396.0,88.73,5,13.569611298299009,bangalore
Maruti Celerio,Maruti,Celerio,10,69565.0,1,Petrol,Automatic,26.0,998.0,65.71,5,13.045484492893253,bangalore
Honda Jazz,Honda,Jazz,9,60000.0,1,Diesel,Manual,27.3,1498.0,98.6,5,13.399996629152975,bangalore
Maruti Swift,Maruti,Swift,8,26007.0,1,Petrol,Automatic,22.56,1197.0,88.5,5,13.404531777462488,bangalore
Ford Ecosport,Ford,Ecosport,8,30000.0,2,Petrol,Manual,18.88,999.0,123.24,5,13.710151153416941,bangalore
Maruti Swift,Maruti,Swift,16,134850.0,2,Petrol,Manual,22.38,1197.0,88.5,5,12.663500657121004,bangalore
Maruti Celerio,Maruti,Celerio,11,44385.0,1,Petrol,Manual,25.24,998.0,65.71,5,12.985399815906522,bangalore
Tata New Safari,Tata,New Safari,17,120000.0,2,Diesel,Manual,13.93,1949.5,138.0,7,12.54254845357358,bangalore
Hyundai Creta,Hyundai,Creta,8,30000.0,1,Diesel,Manual,19.67,1582.0,126.2,5,14.115615891155079,bangalore
BMW 3 Series,BMW,3 Series,15,87000.0,3,Diesel,Automatic,13.2,1949.5,170.0,5,13.790193775620484,bangalore
Honda City,Honda,City,12,102662.0,1,Petrol,Automatic,18.0,1497.0,117.3,5,13.161586013632684,bangalore
Skoda Kushaq,Skoda,Kushaq,4,13802.0,1,Petrol,Automatic,17.2,999.0,113.98,5,14.383661248349535,bangalore
Ford Figo,Ford,Figo,15,90000.0,4,Diesel,Manual,20.0,1399.0,68.0,5,12.07254696717504,bangalore
Hyundai i20,Hyundai,i20,15,40000.0,2,Petrol,Manual,17.0,1197.0,180.02499999999998,5,12.899222326086994,bangalore
Mercedes-Benz C-Class,Mercedes-Benz,C-Class,15,65000.0,2,Petrol,Automatic,14.74,1949.5,180.02499999999998,5,13.76421831620775,bangalore
Kia Seltos,Kia,Seltos,6,42000.0,1,Petrol,Manual,16.1,1353.0,138.0,5,14.282384921160133,bangalore
Hyundai Grand i10,Hyundai,Grand i10,9,13444.0,2,Petrol,Automatic,18.9,1197.0,81.86,5,13.292951364319082,bangalore
Mahindra XUV300,Mahindra,XUV300,7,56226.0,1,Diesel,Manual,20.0,1497.0,115.0,5,13.870946210925721,bangalore
Renault KWID,Renault,KWID,6,8733.0,1,Petrol,Automatic,22.0,999.0,67.0,5,13.235693848424024,bangalore
Honda City,Honda,City,6,57963.0,1,Petrol,Automatic,18.3,1498.0,119.35,5,14.049792644827868,bangalore
Honda City,Honda,City,4,19508.0,1,Petrol,Automatic,16.4,1497.0,78.0,5,14.32593670194884,bangalore
Honda City,Honda,City,8,49423.0,1,Petrol,Manual,17.4,1497.0,117.6,5,13.578522867254332,bangalore
Maruti Swift,Maruti,Swift,14,78622.0,2,Petrol,Manual,22.38,1197.0,88.5,5,13.036807667689546,bangalore
Honda City,Honda,City,16,68220.0,1,Petrol,Manual,17.0,1497.0,180.02499999999998,5,12.834683971615659,bangalore
Mahindra Thar,Mahindra,Thar,8,59889.0,1,Diesel,Manual,16.55,1949.5,105.0,6,13.800397935382136,bangalore
Jaguar XE,Jaguar,XE,7,11000.0,2,Diesel,Automatic,13.5,1949.5,177.0,5,15.143911205565889,bangalore
Hyundai i20,Hyundai,i20,7,38500.0,1,Petrol,Manual,18.6,1197.0,81.86,5,13.623139877437296,bangalore
Toyota Fortuner,Toyota,Fortuner,13,120000.0,2,Diesel,Automatic,12.55,1949.5,168.5,7,14.301018989130402,bangalore
BMW 3 Series,BMW,3 Series,10,39157.0,2,Diesel,Automatic,22.69,1949.5,180.02499999999998,5,14.603058868904654,bangalore
Toyota Innova,Toyota,Innova,18,152115.125,1,Diesel,Manual,12.8,1949.5,102.0,7,13.623139877437296,bangalore
BMW 1 Series,BMW,1 Series,13,89900.0,2,Petrol,Automatic,16.28,1598.0,136.0,5,13.976779556623864,bangalore
Maruti Baleno,Maruti,Baleno,9,58666.0,1,Petrol,Automatic,21.4,1197.0,83.1,5,13.393917592315308,bangalore
Maruti Swift Dzire,Maruti,Swift Dzire,8,54137.0,1,Petrol,Automatic,21.21,1197.0,81.8,5,13.324489195480057,bangalore
Toyota Fortuner,Toyota,Fortuner,15,152115.125,2,Diesel,Manual,11.5,1949.5,171.0,7,13.993657580167481,bangalore
Renault KWID,Renault,KWID,7,21997.0,1,Petrol,Manual,23.01,999.0,67.0,5,12.985399815906522,bangalore
Maruti Swift Dzire,Maruti,Swift Dzire,6,40394.0,2,Petrol,Automatic,21.21,1197.0,81.8,5,13.488395803228677,bangalore
BMW X1,BMW,X1,11,49000.0,2,Diesel,Automatic,17.05,1949.5,180.02499999999998,5,14.375126917328105,bangalore
Ford Ecosport,Ford,Ecosport,9,80390.0,1,Petrol,Manual,15.85,1499.0,110.4,5,13.3374763699232,bangalore
Mercedes-Benz C-Class,Mercedes-Benz,C-Class,8,52721.0,1,Diesel,Automatic,12.6,1949.5,180.02499999999998,5,15.009130253332831,bangalore
Maruti Baleno,Maruti,Baleno,9,55127.0,1,Petrol,Automatic,21.4,1197.0,83.1,5,13.3739015584285,bangalore
Ford Ecosport,Ford,Ecosport,8,35922.0,2,Diesel,Manual,23.0,1498.0,98.96,5,13.619496890582589,bangalore
Honda Amaze,Honda,Amaze,7,16883.0,1,Petrol,Automatic,19.0,1199.0,88.76,5,13.63877457278093,bangalore
Renault Duster,Renault,Duster,13,86000.0,2,Diesel,Manual,19.6,1461.0,108.45,5,13.345508528717259,bangalore
Skoda Octavia,Skoda,Octavia,10,88000.0,1,Petrol,Automatic,15.1,1798.0,178.0,5,13.933294482509151,bangalore
Jeep Compass,Jeep,Compass,6,34000.0,1,Diesel,Automatic,17.1,1949.5,173.0,5,14.749641600893991,bangalore
Skoda Fabia,Skoda,Fabia,13,110000.0,1,Diesel,Manual,20.86,1199.0,75.0,5,12.75130259456002,bangalore
Renault Duster,Renault,Duster,6,55398.0,1,Diesel,Manual,19.87,1461.0,180.02499999999998,5,13.81451105863119,bangalore
Ford Ecosport,Ford,Ecosport,11,54000.0,2,Petrol,Automatic,14.7,1496.0,120.69,5,13.42246945133505,bangalore
Volkswagen Polo,Volkswagen,Polo,7,25829.0,1,Petrol,Manual,18.78,999.0,75.0,5,13.681980308196241,bangalore
Maruti Celerio,Maruti,Celerio,10,36913.0,1,Petrol,Manual,23.1,998.0,67.04,5,13.091904169919621,bangalore
Hyundai i20,Hyundai,i20,8,34000.0,1,Diesel,Manual,22.54,1396.0,88.73,5,13.560619598657233,bangalore
Maruti Swift,Maruti,Swift,8,42162.0,2,Petrol,Automatic,22.56,1197.0,88.5,5,13.39239204133378,bangalore
Maruti Celerio,Maruti,Celerio,10,48041.0,2,Petrol,Automatic,23.1,998.0,67.04,5,13.171155446333852,bangalore
Renault KWID,Renault,KWID,6,43285.0,3,Petrol,Manual,23.01,999.0,67.0,5,12.999067423500716,bangalore
Hyundai i20,Hyundai,i20,14,44326.0,1,Petrol,Manual,18.5,1197.0,82.85,5,13.073175234051686,bangalore
Volkswagen Polo,Volkswagen,Polo,9,62984.0,2,Petrol,Automatic,17.21,1197.0,103.5,5,13.670485941982712,bangalore
Maruti Swift,Maruti,Swift,16,99276.0,2,Petrol,Manual,22.38,1197.0,88.5,5,12.73080413304066,bangalore
Hyundai Creta,Hyundai,Creta,8,42812.0,2,Petrol,Automatic,13.0,1591.0,121.3,5,14.07710606547538,bangalore
Maruti Swift,Maruti,Swift,13,57770.0,1,Petrol,Manual,22.38,1197.0,88.5,5,13.106236027992704,bangalore
Hyundai Grand i10,Hyundai,Grand i10,9,42220.0,3,Petrol,Automatic,18.9,1197.0,81.86,5,13.206706364071684,bangalore
Mahindra XUV500,Mahindra,XUV500,10,66977.0,1,Diesel,Automatic,16.0,1949.5,140.0,7,14.126665719201661,bangalore
Hyundai Venue,Hyundai,Venue,5,29916.0,1,Petrol,Manual,18.0,998.0,118.35,5,13.897091466615258,bangalore
Skoda Slavia,Skoda,Slavia,4,10066.0,1,Petrol,Automatic,18.07,999.0,113.98,5,14.212944166417959,bangalore
Skoda Rapid,Skoda,Rapid,7,39243.0,2,Petrol,Automatic,14.84,1598.0,103.2,5,13.752571823152559,bangalore
Skoda Rapid,Skoda,Rapid,9,36309.0,2,Petrol,Automatic,14.84,1598.0,103.2,5,13.6967281480998,bangalore
Maruti Celerio,Maruti,Celerio,12,69408.0,1,Petrol,Automatic,23.1,998.0,67.04,5,12.959846800844963,bangalore
Honda Amaze,Honda,Amaze,7,12064.0,2,Petrol,Automatic,19.0,1199.0,88.76,5,13.614618838078025,bangalore
Mercedes-Benz E-Class,Mercedes-Benz,E-Class,13,74000.0,1,Diesel,Automatic,14.21,1949.5,180.02499999999998,5,14.48025877840568,bangalore
Maruti Swift,Maruti,Swift,8,18000.0,1,Petrol,Automatic,22.0,1197.0,81.8,5,13.451668563394815,bangalore
Volkswagen Vento,Volkswagen,Vento,16,59000.0,1,Petrol,Automatic,14.4,1598.0,103.6,5,13.07107218827772,bangalore
Hyundai Grand i10,Hyundai,Grand i10,8,17190.0,1,Petrol,Manual,18.9,1197.0,81.86,5,13.219491903015438,bangalore
Maruti Wagon R,Maruti,Wagon R,13,58323.0,1,Petrol,Manual,18.9,998.0,67.1,5,12.77138929548529,bangalore
Honda City,Honda,City,11,40765.0,1,Petrol,Manual,17.8,1497.0,117.3,5,13.304686600863562,bangalore
Maruti Celerio,Maruti,Celerio,10,58198.0,2,Petrol,Automatic,26.0,998.0,65.71,5,13.079457964073546,bangalore
Hyundai Grand i10,Hyundai,Grand i10,7,42976.0,1,Petrol,Manual,18.9,1197.0,81.86,5,13.233906541044401,bangalore
Maruti Swift Dzire,Maruti,Swift Dzire,14,44074.0,1,Petrol,Manual,22.41,1197.0,88.5,5,12.921472880009725,bangalore
Maruti Wagon R,Maruti,Wagon R,9,21000.0,1,Petrol,Automatic,21.79,998.0,67.05,5,13.197472705176983,bangalore
Maruti Swift,Maruti,Swift,5,14089.0,1,Petrol,Manual,22.38,1197.0,88.5,5,13.510344528022657,bangalore
Honda City,Honda,City,12,94378.0,2,Diesel,Manual,26.0,1498.0,98.6,5,13.173058392858724,bangalore
Mahindra XUV500,Mahindra,XUV500,10,71000.0,1,Diesel,Automatic,16.0,1949.5,140.0,7,14.115615891155079,bangalore
Toyota Fortuner,Toyota,Fortuner,8,152115.125,1,Diesel,Manual,14.24,1949.5,174.5,7,14.976784920844084,bangalore
Hyundai Grand i10,Hyundai,Grand i10,10,58000.0,2,Petrol,Automatic,18.9,1197.0,82.0,5,13.279368835614243,bangalore
Audi Q3,Audi,Q3,12,113000.0,2,Diesel,Automatic,15.73,1949.5,174.33,5,14.217637433703022,bangalore
Volvo XC 90,Volvo,XC 90,16,152115.125,2,Diesel,Automatic,11.1,1949.5,180.02499999999998,7,13.901689171636098,bangalore
Audi A4,Audi,A4,10,30000.0,2,Diesel,Automatic,18.25,1949.5,180.02499999999998,5,14.557448378884015,bangalore
Maruti Swift Dzire,Maruti,Swift Dzire,12,59000.0,1,Petrol,Manual,19.1,1197.0,85.8,5,13.28787951079572,bangalore
Mahindra XUV500,Mahindra,XUV500,5,25883.0,1,Diesel,Manual,15.1,1949.5,152.87,7,14.456837989794423,bangalore
Volkswagen Taigun,Volkswagen,Taigun,5,32746.0,1,Petrol,Manual,20.08,999.0,113.98,5,14.250535115562965,bangalore
Skoda Octavia,Skoda,Octavia,9,35038.0,1,Petrol,Automatic,14.7,1798.0,177.5,5,14.45472992420301,bangalore
Ford Freestyle,Ford,Freestyle,8,38995.0,3,Petrol,Manual,19.0,1194.0,94.68,5,13.199326270390594,bangalore
Maruti Swift,Maruti,Swift,13,61102.0,1,Petrol,Manual,22.38,1197.0,88.5,5,13.104201443434462,bangalore
Skoda Yeti,Skoda,Yeti,14,132000.0,2,Diesel,Manual,17.67,1949.5,138.08,5,13.345508528717259,bangalore
Maruti S-Presso,Maruti,S-Presso,5,52288.0,1,Petrol,Manual,21.7,998.0,65.71,5,12.985399815906522,bangalore
Honda Jazz,Honda,Jazz,9,69054.0,1,Petrol,Automatic,19.0,1199.0,88.7,5,13.331003865890963,bangalore
Renault Duster,Renault,Duster,11,67000.0,1,Petrol,Manual,13.24,1598.0,102.57,5,13.42246945133505,bangalore
Maruti Swift Dzire,Maruti,Swift Dzire,11,51745.0,2,Diesel,Manual,26.59,1248.0,74.0,5,13.186278579318829,bangalore
Audi A3 cabriolet,Audi,A3 cabriolet,11,22000.0,1,Petrol,Automatic,16.6,1798.0,177.0,4,15.06684421977304,bangalore
Hyundai Grand i10,Hyundai,Grand i10,9,11268.0,2,Petrol,Manual,18.9,1197.0,81.86,5,13.347107247525049,bangalore
Tata Tiago,Tata,Tiago,6,24357.0,1,Petrol,Manual,20.09,1199.0,84.82,5,13.356646255406224,bangalore
Toyota Innova Crysta,Toyota,Innova Crysta,10,152115.125,2,Diesel,Manual,13.68,1949.5,147.51,8,14.389311544271775,bangalore
Honda City,Honda,City,8,9982.0,1,Petrol,Manual,17.0,1497.0,180.02499999999998,5,13.815511557963774,bangalore
Audi A3,Audi,A3,6,22000.0,1,Diesel,Automatic,20.38,1949.5,143.0,5,14.871563580039615,bangalore
Hyundai Venue,Hyundai,Venue,6,27000.0,1,Petrol,Manual,18.0,998.0,118.35,5,13.897091466615258,bangalore
BMW 3 Series,BMW,3 Series,9,68000.0,2,Diesel,Automatic,22.69,1949.5,180.02499999999998,5,14.637491049927531,bangalore
Hyundai Venue,Hyundai,Venue,4,19000.0,1,Petrol,Automatic,18.15,998.0,118.35,5,14.126665719201661,bangalore
BMW X1,BMW,X1,14,41000.0,2,Diesel,Automatic,17.05,1949.5,180.02499999999998,5,14.253766134056512,bangalore
BMW X1,BMW,X1,8,49000.0,1,Diesel,Automatic,20.68,1949.5,180.02499999999998,5,14.922421980025536,bangalore
BMW 5 Series,BMW,5 Series,8,45000.0,2,Diesel,Automatic,20.37,1949.5,180.02499999999998,5,15.268294894271099,bangalore
BMW X5,BMW,X5,10,75000.0,2,Diesel,Automatic,11.7,1949.5,180.02499999999998,5,15.308414878861498,bangalore
Maruti Celerio,Maruti,Celerio,11,39613.0,1,Petrol,Manual,25.24,998.0,65.71,5,13.087774003025942,bangalore
Honda City,Honda,City,8,68906.0,2,Petrol,Automatic,18.0,1497.0,117.6,5,13.822487164748866,bangalore
Renault Duster,Renault,Duster,7,33000.0,1,Petrol,Automatic,13.9,1498.0,105.0,5,13.81049801614073,bangalore
Maruti Swift Dzire,Maruti,Swift Dzire,10,71423.0,1,Petrol,Manual,22.41,1197.0,88.5,5,13.258642740896052,bangalore
Maruti Swift Dzire,Maruti,Swift Dzire,11,17811.0,1,Petrol,Manual,22.41,1197.0,88.5,5,13.396961730063138,bangalore
Hyundai Creta,Hyundai,Creta,9,79000.0,1,Diesel,Automatic,17.6,1582.0,126.2,5,14.034646891093473,bangalore
Maruti Baleno,Maruti,Baleno,6,9724.0,1,Petrol,Automatic,21.4,1197.0,83.1,5,13.716795688777268,bangalore
Hyundai Creta,Hyundai,Creta,7,75000.0,1,Petrol,Manual,15.8,1591.0,121.3,5,13.993657580167481,bangalore
Toyota Yaris,Toyota,Yaris,5,20754.0,1,Petrol,Manual,17.1,1496.0,105.94,5,13.846040732930732,bangalore
Hyundai Grand i10,Hyundai,Grand i10,11,50510.0,3,Petrol,Manual,18.9,1197.0,82.0,5,12.931205293247745,bangalore
Hyundai Grand i10,Hyundai,Grand i10,7,35000.0,1,Petrol,Manual,18.9,1197.0,81.86,5,13.343907249914384,bangalore
Hyundai Verna,Hyundai,Verna,15,85000.0,3,Diesel,Manual,22.32,1582.0,126.32,5,13.049794835104816,bangalore
Honda City,Honda,City,8,48979.0,1,Petrol,Automatic,18.0,1497.0,117.3,5,13.864301674514206,bangalore
Tata Nexon,Tata,Nexon,9,46000.0,2,Petrol,Manual,17.0,1198.0,108.5,5,13.493928313146206,bangalore
Ford Aspire,Ford,Aspire,8,70000.0,2,Diesel,Manual,26.1,1498.0,99.23,5,13.384729180332174,bangalore
Volvo S60,Volvo,S60,12,78000.0,2,Diesel,Automatic,27.03,1949.5,180.02499999999998,5,14.148405690083225,bangalore
Honda Amaze,Honda,Amaze,5,1500.0,1,Diesel,Manual,24.7,1498.0,98.63,5,13.670485941982712,bangalore
BMW 5 Series,BMW,5 Series,15,70000.0,2,Diesel,Automatic,18.48,1949.5,177.0,5,14.168278579812432,bangalore
MG Gloster,MG,Gloster,3,8187.0,1,Diesel,Automatic,13.92,1949.5,158.79,6,15.296888027655223,bangalore
Maruti Swift Dzire,Maruti,Swift Dzire,12,81777.0,3,Petrol,Manual,22.41,1197.0,88.5,5,13.07107218827772,bangalore
Honda City,Honda,City,10,48698.0,2,Petrol,Automatic,18.0,1497.0,117.3,5,13.523821802802145,bangalore
Kia Seltos,Kia,Seltos,6,21000.0,1,Petrol,Automatic,16.5,1353.0,138.08,5,14.279245203127035,bangalore
Hyundai Grand i10,Hyundai,Grand i10,10,67771.0,2,Petrol,Automatic,18.9,1197.0,82.0,5,13.161586013632684,bangalore
Maruti Swift Dzire,Maruti,Swift Dzire,11,60386.0,1,Petrol,Manual,22.41,1197.0,88.5,5,13.180634172318978,bangalore
Tata Tiago,Tata,Tiago,8,48928.0,1,Petrol,Automatic,23.84,1199.0,83.83,5,13.296318365198623,bangalore
Hyundai i20,Hyundai,i20,16,111374.0,1,Petrol,Manual,18.5,1197.0,82.85,5,12.650761671914688,bangalore
Hyundai Creta,Hyundai,Creta,9,33000.0,2,Petrol,Manual,15.8,1591.0,121.3,5,13.732128949025222,bangalore
Maruti Alto 800,Maruti,Alto 800,5,40561.0,1,Petrol,Manual,22.05,796.0,47.33,5,12.90669432231532,bangalore
Maruti Swift,Maruti,Swift,13,92529.0,1,Petrol,Manual,22.38,1197.0,88.5,5,12.936036208848487,bangalore
Honda Amaze,Honda,Amaze,7,42000.0,1,Petrol,Automatic,18.1,1199.0,88.7,5,13.652992804936396,bangalore
Kia Carnival,Kia,Carnival,6,55342.0,1,Diesel,Automatic,14.11,1949.5,180.02499999999998,7,14.80876270134486,bangalore
Ford Ecosport,Ford,Ecosport,5,51000.0,1,Diesel,Manual,21.7,1498.0,98.96,5,13.95091606833254,bangalore
Mahindra XUV500,Mahindra,XUV500,8,37000.0,2,Diesel,Manual,15.1,1949.5,152.87,7,14.058457520888082,bangalore
Honda Jazz,Honda,Jazz,9,36468.0,1,Petrol,Manual,18.7,1199.0,88.7,5,13.377007146164305,bangalore
Mahindra XUV300,Mahindra,XUV300,4,11250.0,1,Petrol,Manual,16.82,1197.0,108.62,5,14.180154365996387,bangalore
Maruti Ertiga,Maruti,Ertiga,7,36000.0,1,Petrol,Manual,19.01,1462.0,103.26,7,13.95091606833254,bangalore
Hyundai Venue,Hyundai,Venue,7,36368.0,1,Petrol,Automatic,18.15,998.0,118.35,5,14.018452218287162,bangalore
Mercedes-Benz S-Class,Mercedes-Benz,S-Class,10,36000.0,2,Diesel,Automatic,13.5,1949.5,180.02499999999998,5,15.478489426899847,bangalore
BMW X3,BMW,X3,9,62000.0,3,Diesel,Automatic,18.56,1949.5,180.02499999999998,5,15.150511887854474,bangalore
Honda City,Honda,City,8,39466.0,1,Petrol,Manual,17.4,1497.0,117.6,5,13.6967281480998,bangalore
Maruti Swift,Maruti,Swift,12,49570.0,1,Petrol,Manual,22.38,1197.0,88.5,5,13.136268254957963,bangalore
Volkswagen Vento,Volkswagen,Vento,8,23382.0,2,Petrol,Automatic,18.19,1197.0,103.2,5,13.835313185260453,bangalore
Maruti S-Presso,Maruti,S-Presso,5,42954.0,1,Petrol,Manual,21.7,998.0,67.05,5,13.064736383209516,bangalore
Maruti Swift,Maruti,Swift,12,68306.0,1,Petrol,Manual,22.38,1197.0,88.5,5,13.062615496138552,bangalore
Hyundai i20,Hyundai,i20,8,54961.0,1,Diesel,Manual,22.54,1396.0,88.76,5,13.61827960646062,bangalore
Maruti Swift,Maruti,Swift,11,91087.0,1,Petrol,Manual,22.38,1197.0,88.5,5,13.142166004700508,bangalore
Renault KWID,Renault,KWID,4,16691.0,1,Petrol,Manual,21.74,999.0,67.0,5,13.303018546545275,bangalore
Maruti Wagon R,Maruti,Wagon R,10,80190.0,1,Petrol,Manual,20.51,998.0,67.04,5,12.904207367601158,bangalore
Hyundai Creta,Hyundai,Creta,9,54639.0,1,Petrol,Manual,15.29,1591.0,121.3,5,13.81750955863044,bangalore
Maruti SX4 S Cross,Maruti,SX4 S Cross,6,50225.0,1,Petrol,Manual,18.55,1462.0,103.25,5,13.790193775620484,bangalore
Hyundai i20,Hyundai,i20,8,68017.0,1,Diesel,Manual,22.54,1396.0,88.76,5,13.586098651497313,bangalore
Volkswagen Polo,Volkswagen,Polo,10,87912.0,1,Petrol,Manual,16.2,1199.0,74.0,5,13.217675375388819,bangalore
Tata Nexon,Tata,Nexon,5,2045.0,1,Petrol,Manual,17.57,1199.0,118.36,5,14.0763359466619,bangalore
Maruti SX4 S Cross,Maruti,SX4 S Cross,5,24305.0,1,Petrol,Manual,18.55,1462.0,103.25,5,13.897091466615258,bangalore
Tata Nano,Tata,Nano,11,2500.0,1,Petrol,Automatic,25.4,745.5,37.5,4,12.721888795877375,bangalore
Tata Nexon,Tata,Nexon,6,31489.0,1,Petrol,Automatic,17.05,1199.0,118.35,5,13.918970168045353,bangalore
Fiat Linea,Fiat,Linea,12,82268.0,2,Petrol,Manual,14.6,1368.0,112.0,5,12.765691290604371,bangalore
Ford Ecosport,Ford,Ecosport,7,73834.0,1,Diesel,Manual,23.0,1498.0,98.96,5,13.704578997256993,bangalore
Toyota Fortuner,Toyota,Fortuner,12,73000.0,2,Diesel,Manual,13.0,1949.5,168.5,7,14.389311544271775,bangalore
Maruti Celerio,Maruti,Celerio,9,41436.0,1,Petrol,Manual,23.1,998.0,67.04,5,13.051943059028227,bangalore
Honda City,Honda,City,7,19024.0,2,Petrol,Manual,17.4,1497.0,117.6,5,13.736468432874318,bangalore
Mahindra Xylo,Mahindra,Xylo,10,73000.0,1,Diesel,Manual,14.02,1949.5,118.3,8,13.560619598657233,bangalore
Maruti Alto 800,Maruti,Alto 800,6,73140.0,2,Petrol,Manual,22.05,796.0,47.33,5,12.84265212010087,bangalore
Maruti Swift,Maruti,Swift,11,29289.0,1,Petrol,Manual,22.38,1197.0,88.5,5,13.22672519452875,bangalore
Honda City,Honda,City,10,39116.0,1,Petrol,Automatic,18.0,1497.0,117.3,5,13.70903942580019,bangalore
Maruti Alto 800,Maruti,Alto 800,7,41958.0,1,Petrol,Manual,24.7,796.0,47.3,5,12.821260987319457,bangalore
Honda WR-V,Honda,WR-V,8,26626.0,1,Petrol,Manual,17.5,1199.0,88.7,5,13.60479076121576,bangalore
Honda Jazz,Honda,Jazz,7,63460.0,1,Petrol,Automatic,18.2,1199.0,88.7,5,13.559328444560693,bangalore
Hyundai Santro,Hyundai,Santro,7,35711.0,1,Petrol,Manual,20.3,1086.0,68.0,5,13.180634172318978,bangalore
Honda WR-V,Honda,WR-V,6,20057.0,1,Petrol,Manual,16.5,1199.0,88.5,5,13.758940206475879,bangalore
Tata Altroz,Tata,Altroz,6,25396.0,1,Petrol,Manual,19.33,1199.0,86.83,5,13.68767832281738,bangalore
Hyundai i20,Hyundai,i20,13,88000.0,1,Diesel,Manual,21.27,1396.0,88.76,5,13.171155446333852,bangalore
Jeep Compass,Jeep,Compass,7,62000.0,1,Petrol,Automatic,14.1,1368.0,160.77,5,14.288634937599019,bangalore
Honda City,Honda,City,6,35993.0,1,Petrol,Manual,18.6,1498.0,119.35,5,13.972515161474428,bangalore
Hyundai Grand i10,Hyundai,Grand i10,9,34000.0,1,Petrol,Automatic,18.9,1197.0,81.86,5,13.384729180332174,bangalore
Honda WR-V,Honda,WR-V,7,51338.0,1,Petrol,Manual,17.5,1199.0,88.7,5,13.681980308196241,bangalore
Hyundai Grand i10,Hyundai,Grand i10,11,74280.0,1,Petrol,Manual,18.9,1197.0,82.0,5,13.122365377402328,bangalore
Land Rover Range Rover Sport,Land,Rover Range Rover Sport,7,82000.0,1,Diesel,Automatic,12.65,1949.5,180.02499999999998,5,16.066802461833923,bangalore
Audi A6,Audi,A6,11,63773.0,1,Diesel,Automatic,17.68,1949.5,174.33,5,14.60169306007217,bangalore
Hyundai Grand i10,Hyundai,Grand i10,11,101356.0,2,Petrol,Manual,18.9,1197.0,82.0,5,12.886643575525625,bangalore
Maruti Alto 800,Maruti,Alto 800,6,75591.0,1,Cng,Manual,28.25,796.0,40.36,4,12.95039048795861,bangalore
Hyundai Creta,Hyundai,Creta,9,72208.0,1,Petrol,Automatic,13.0,1591.0,121.3,5,14.077875591662238,bangalore
Maruti Swift,Maruti,Swift,12,51489.0,1,Petrol,Manual,22.38,1197.0,88.5,5,13.102162710901053,bangalore
Maruti Ignis,Maruti,Ignis,9,74643.0,1,Petrol,Automatic,20.89,1197.0,81.8,5,13.161586013632684,bangalore
BMW X5,BMW,X5,18,44000.0,2,Diesel,Automatic,15.3,1949.5,180.02499999999998,5,14.187074804051692,bangalore
Honda Jazz,Honda,Jazz,9,79575.0,1,Petrol,Automatic,19.0,1199.0,88.7,5,13.331003865890963,bangalore
Honda WR-V,Honda,WR-V,8,54097.0,1,Petrol,Manual,17.5,1199.0,88.7,5,13.623139877437296,bangalore
Honda City,Honda,City,8,35288.0,2,Petrol,Manual,17.4,1497.0,117.6,5,13.63877457278093,bangalore
Maruti Swift,Maruti,Swift,7,70314.0,1,Petrol,Automatic,22.56,1197.0,88.5,5,13.334245354561496,bangalore
Renault Duster,Renault,Duster,9,96939.0,2,Diesel,Manual,19.72,1461.0,108.45,5,13.681980308196241,bangalore
Nissan Micra,Nissan,Micra,16,44824.0,2,Petrol,Manual,18.06,1198.0,75.0,5,12.873904582205107,bangalore
Toyota Innova,Toyota,Innova,12,152115.125,2,Diesel,Manual,12.99,1949.5,100.6,7,14.114874876479462,bangalore
Honda City,Honda,City,14,92673.0,2,Petrol,Manual,16.8,1497.0,116.3,5,13.122365377402328,bangalore
Mercedes-Benz GL-Class,Mercedes-Benz,GL-Class,12,79000.0,2,Diesel,Automatic,11.3,1949.5,180.02499999999998,7,15.226497775576945,bangalore
Jeep Compass,Jeep,Compass,6,20183.0,1,Diesel,Automatic,17.1,1949.5,173.0,5,14.599412558413583,bangalore
Toyota Yaris,Toyota,Yaris,8,77130.0,1,Petrol,Automatic,17.8,1496.0,105.5,5,13.586098651497313,bangalore
Ford Ecosport,Ford,Ecosport,9,45000.0,1,Petrol,Automatic,14.7,1496.0,120.69,5,13.560619598657233,bangalore
Maruti Baleno,Maruti,Baleno,9,27025.0,2,Petrol,Automatic,19.56,1197.0,81.8,5,13.521140839642674,bangalore
Kia Seltos,Kia,Seltos,7,105153.0,1,Petrol,Manual,16.1,1353.0,138.0,5,13.933294482509151,bangalore
Mahindra XUV500,Mahindra,XUV500,10,70509.0,1,Diesel,Manual,16.0,1949.5,140.0,7,13.845070331079134,bangalore
Renault KWID,Renault,KWID,6,11662.0,2,Petrol,Automatic,22.0,999.0,67.0,5,13.274227444925158,bangalore
Hyundai Grand i10,Hyundai,Grand i10,8,36176.0,1,Petrol,Manual,18.9,1197.0,81.86,5,13.329379172803593,bangalore
Honda Jazz,Honda,Jazz,11,74342.0,2,Petrol,Automatic,19.0,1199.0,88.7,5,13.235693848424024,bangalore
Maruti Baleno,Maruti,Baleno,10,89837.0,1,Diesel,Manual,27.39,1248.0,74.0,5,13.47302165746721,bangalore
Maruti Swift,Maruti,Swift,11,11912.0,2,Petrol,Manual,21.21,1197.0,81.8,5,13.190023895035274,bangalore
Maruti Swift,Maruti,Swift,14,55544.0,2,Diesel,Manual,22.9,1248.0,74.0,5,13.008076473152153,bangalore
Ford Ecosport,Ford,Ecosport,7,27027.0,1,Petrol,Automatic,14.8,1497.0,121.36,5,13.833351458410394,bangalore
Honda City,Honda,City,9,56363.0,1,Petrol,Automatic,18.0,1497.0,117.3,5,13.641158361294979,bangalore
Hyundai Verna,Hyundai,Verna,10,42094.0,2,Petrol,Manual,17.01,1591.0,121.3,5,13.390864159490155,bangalore
Kia Seltos,Kia,Seltos,7,114912.0,1,Petrol,Manual,16.1,1353.0,138.0,5,13.933294482509151,bangalore
Maruti Swift,Maruti,Swift,10,33649.0,1,Petrol,Manual,22.0,1197.0,81.8,5,13.279368835614243,bangalore
Kia Seltos,Kia,Seltos,7,54000.0,1,Petrol,Manual,16.8,1497.0,113.43,5,14.038654909278163,bangalore
Hyundai Xcent,Hyundai,Xcent,12,69798.0,2,Petrol,Manual,19.1,1197.0,82.0,5,13.07107218827772,bangalore
Hyundai i10,Hyundai,i10,16,69000.0,2,Petrol,Manual,20.36,1197.0,78.9,5,12.644330802262578,bangalore
Jeep Compass,Jeep,Compass,6,49001.0,1,Diesel,Automatic,17.1,1949.5,173.0,5,14.6888942063636,bangalore
Hyundai Verna,Hyundai,Verna,9,57527.0,2,Diesel,Automatic,22.0,1582.0,126.2,5,13.897091466615258,bangalore
Fiat Punto EVO,Fiat,Punto EVO,11,57367.0,1,Diesel,Manual,20.5,1248.0,91.7,5,13.07107218827772,bangalore
Maruti Wagon R,Maruti,Wagon R,11,50936.0,2,Petrol,Manual,20.51,998.0,67.04,5,12.91410843858387,bangalore
Hyundai i20,Hyundai,i20,4,23237.0,1,Diesel,Manual,25.0,1493.0,98.63,5,13.896169383490529,bangalore
Maruti Celerio,Maruti,Celerio,10,66596.0,1,Petrol,Automatic,23.1,998.0,67.04,5,13.005831808336863,bangalore
Mahindra XUV500,Mahindra,XUV500,10,36613.0,1,Diesel,Manual,16.0,1949.5,140.0,7,14.139043006898492,bangalore
Maruti Swift Dzire,Maruti,Swift Dzire,11,74104.0,1,Petrol,Manual,20.85,1197.0,83.14,5,13.30635187740947,bangalore
Hyundai Santro,Hyundai,Santro,4,6777.0,1,Petrol,Manual,20.3,1086.0,68.05,5,13.29463628184505,bangalore
Ford Ecosport,Ford,Ecosport,6,14560.0,1,Petrol,Manual,15.9,1496.0,120.69,5,13.774689605110144,bangalore
Maruti S-Presso,Maruti,S-Presso,5,27000.0,1,Petrol,Automatic,21.7,998.0,67.05,5,13.26212705890841,bangalore
Honda City,Honda,City,11,90333.0,2,Petrol,Automatic,18.0,1497.0,117.3,5,13.499430382731967,bangalore
Mini Cooper Countryman,Mini,Cooper Countryman,7,50114.0,1,Petrol,Automatic,16.6,1949.5,180.02499999999998,5,15.089476013830486,bangalore
Maruti Vitara Brezza,Maruti,Vitara Brezza,9,69301.0,1,Diesel,Manual,24.3,1248.0,88.5,5,13.776769729647844,bangalore
Renault KWID,Renault,KWID,5,71306.0,1,Petrol,Manual,21.74,999.0,67.0,5,13.017005083966255,bangalore
Maruti Baleno,Maruti,Baleno,7,35135.0,1,Petrol,Automatic,19.56,1197.0,81.8,5,13.651815643149092,bangalore
Maruti Ritz,Maruti,Ritz,10,40561.0,1,Diesel,Manual,23.2,1248.0,73.94,5,13.190023895035274,bangalore
Hyundai i20,Hyundai,i20,14,90000.0,1,Petrol,Manual,17.0,1197.0,180.02499999999998,5,12.983101310070822,bangalore
Honda Jazz,Honda,Jazz,9,60000.0,2,Petrol,Automatic,19.0,1199.0,88.7,5,13.437175577097312,bangalore
BMW X3,BMW,X3,7,30000.0,1,Diesel,Automatic,16.55,1949.5,180.02499999999998,5,15.564710586686562,bangalore
Renault Duster,Renault,Duster,10,60000.0,2,Diesel,Manual,19.87,1461.0,83.8,5,13.500801182986649,bangalore
Mahindra XUV500,Mahindra,XUV500,11,102000.0,1,Diesel,Manual,16.0,1949.5,140.0,7,13.95091606833254,bangalore
Maruti Wagon R,Maruti,Wagon R,11,41659.0,2,Petrol,Manual,18.9,998.0,67.1,5,12.92391243868049,bangalore
Audi A4,Audi,A4,17,85300.0,2,Petrol,Automatic,12.3,1781.0,163.2,5,13.887832149776026,bangalore
Hyundai Verna,Hyundai,Verna,9,32483.0,2,Petrol,Automatic,17.01,1591.0,121.3,5,13.651815643149092,bangalore
Hyundai i20,Hyundai,i20,8,34376.0,1,Petrol,Manual,18.6,1197.0,81.83,5,13.52649559761195,bangalore
Hyundai Creta,Hyundai,Creta,9,36540.0,1,Petrol,Manual,15.29,1591.0,121.3,5,13.67854584967945,bangalore
Hyundai i20,Hyundai,i20,15,148625.0,2,Petrol,Manual,17.0,1197.0,180.02499999999998,5,12.631343648903034,bangalore
Audi A6,Audi,A6,13,81000.0,4,Diesel,Automatic,14.57,1949.5,180.02499999999998,5,13.81049801614073,bangalore
Hyundai i10,Hyundai,i10,13,5609.0,2,Petrol,Manual,19.81,1086.0,68.05,5,12.759960632315702,bangalore
Audi A3,Audi,A3,7,37000.0,1,Petrol,Automatic,19.2,1395.0,150.0,5,14.70134249472477,bangalore
Hyundai Alcazar,Hyundai,Alcazar,5,6000.0,1,Petrol,Manual,14.5,1949.5,156.9,6,14.360738188157574,bangalore
Renault Fluence,Renault,Fluence,13,61000.0,1,Diesel,Manual,21.8,1461.0,78.0,5,13.122365377402328,bangalore
Renault KWID,Renault,KWID,8,30285.0,2,Petrol,Automatic,24.04,999.0,67.0,5,12.940843898859598,bangalore
Volkswagen Vento,Volkswagen,Vento,15,80153.0,2,Diesel,Manual,20.54,1598.0,103.6,5,12.896719202134523,bangalore
Hyundai Grand i10,Hyundai,Grand i10,10,49641.0,1,Petrol,Automatic,18.9,1197.0,82.0,5,13.201176406255746,bangalore
Maruti Baleno,Maruti,Baleno,10,83075.0,2,Petrol,Automatic,21.4,1197.0,83.1,5,13.249878458265119,bangalore
Maruti Baleno,Maruti,Baleno,8,45677.0,1,Petrol,Manual,21.4,1197.0,83.1,5,13.500801182986649,bangalore
Maruti Celerio,Maruti,Celerio,9,81849.0,1,Petrol,Manual,23.1,998.0,67.04,5,13.008076473152153,bangalore
Maruti Swift,Maruti,Swift,11,67791.0,2,Diesel,Manual,25.2,1248.0,74.0,5,13.366095129723817,bangalore
Volvo XC40,Volvo,XC40,8,38100.0,1,Diesel,Automatic,18.0,1949.5,180.02499999999998,5,15.137266664613225,bangalore
Hyundai i20,Hyundai,i20,8,65015.0,1,Petrol,Manual,18.6,1197.0,81.83,5,13.450228680410094,bangalore
Mercedes-Benz GLC,Mercedes-Benz,GLC,8,47000.0,2,Diesel,Automatic,17.9,1949.5,170.0,5,15.363073279446223,bangalore
Maruti Swift,Maruti,Swift,12,62029.0,1,Petrol,Manual,22.38,1197.0,88.5,5,13.108266481420335,bangalore
Maruti Swift,Maruti,Swift,9,94926.0,1,Diesel,Manual,25.2,1248.0,74.0,5,13.364526504411781,bangalore
Hyundai i20,Hyundai,i20,14,119487.0,1,Petrol,Manual,17.0,1197.0,180.02499999999998,5,12.807655372286902,bangalore
Mahindra Bolero,Mahindra,Bolero,7,126000.0,1,Diesel,Manual,15.96,1949.5,62.1,7,13.623139877437296,bangalore
Volkswagen Ameo,Volkswagen,Ameo,9,70332.0,1,Diesel,Manual,21.66,1498.0,108.62,5,13.377007146164305,bangalore
Maruti Ignis,Maruti,Ignis,9,37950.0,1,Petrol,Manual,20.89,1197.0,81.8,5,13.279368835614243,bangalore
Hyundai i20,Hyundai,i20,7,38100.0,1,Petrol,Manual,18.6,1197.0,81.86,5,13.635188201437066,bangalore
Toyota Fortuner,Toyota,Fortuner,14,152115.125,2,Diesel,Manual,12.55,1949.5,168.5,7,14.315679601541737,bangalore
Maruti SX4,Maruti,SX4,18,56000.0,2,Petrol,Manual,15.0,1586.0,104.68,5,12.706850963741102,bangalore
Honda Brio,Honda,Brio,12,42000.0,2,Petrol,Manual,19.4,1198.0,86.8,5,12.959846800844963,bangalore
Hyundai i20,Hyundai,i20,8,93003.0,1,Diesel,Manual,22.54,1396.0,88.73,5,13.527829818844937,bangalore
Hyundai Grand i10,Hyundai,Grand i10,9,36000.0,2,Petrol,Automatic,18.9,1197.0,82.0,5,13.42246945133505,bangalore
Maruti Eeco,Maruti,Eeco,11,20687.0,1,Petrol,Manual,15.37,1196.0,73.0,7,12.936036208848487,chennai
Nissan Magnite,Nissan,Magnite,5,30000.0,1,Petrol,Manual,20.0,999.0,98.63,5,13.527829818844937,chennai
Hyundai i10,Hyundai,i10,11,59247.0,1,Petrol,Manual,19.81,1086.0,68.05,5,12.894209796826232,chennai
Honda Jazz,Honda,Jazz,11,50000.0,1,Petrol,Manual,18.7,1199.0,88.7,5,13.217675375388819,chennai
Mercedes-Benz E-Class,Mercedes-Benz,E-Class,10,20000.0,1,Diesel,Automatic,13.0,1949.5,180.02499999999998,5,15.009433329466965,chennai
Maruti Celerio,Maruti,Celerio,10,29403.0,1,Petrol,Automatic,23.1,998.0,67.04,5,13.023649611968253,chennai
Maruti A-Star,Maruti,A-Star,16,42700.0,1,Petrol,Manual,19.0,998.0,66.1,5,12.560247968016562,chennai
BMW X3,BMW,X3,8,23001.0,1,Diesel,Automatic,16.55,1949.5,180.02499999999998,5,15.424948670398354,chennai
Ford Ecosport,Ford,Ecosport,8,25925.0,2,Petrol,Automatic,14.8,1497.0,121.36,5,13.61827960646062,chennai
Hyundai i20,Hyundai,i20,5,20000.0,1,Petrol,Manual,21.0,1197.0,81.8,5,13.670485941982712,chennai
Honda Jazz,Honda,Jazz,7,17711.0,1,Petrol,Automatic,18.2,1199.0,88.7,5,13.58231793342203,chennai
BMW 3 Series,BMW,3 Series,6,50000.0,1,Diesel,Automatic,20.37,1949.5,180.02499999999998,5,15.214227685996272,chennai
Maruti Swift,Maruti,Swift,8,50000.0,1,Petrol,Manual,22.0,1197.0,81.8,5,13.321215875492413,chennai
Hyundai Grand i10,Hyundai,Grand i10,8,51125.0,2,Petrol,Manual,18.9,1197.0,81.86,5,13.144126826131089,chennai
Tata Nexon,Tata,Nexon,7,69233.0,1,Diesel,Manual,21.5,1497.0,108.5,5,13.47302165746721,chennai
Jeep Compass,Jeep,Compass,9,65000.0,1,Diesel,Manual,17.1,1949.5,167.67,5,14.018452218287162,chennai
Honda City,Honda,City,12,93281.0,1,Petrol,Manual,17.4,1497.0,117.3,5,13.25339339419516,chennai
Honda Amaze,Honda,Amaze,12,99225.0,2,Petrol,Manual,18.0,1198.0,86.7,5,12.834683971615659,chennai
Hyundai EON,Hyundai,EON,10,30000.0,1,Petrol,Manual,20.3,998.0,68.05,5,12.524530013005734,chennai
Honda Amaze,Honda,Amaze,12,30602.0,1,Petrol,Manual,18.0,1198.0,86.7,5,12.969214528909768,chennai
Maruti Swift,Maruti,Swift,8,64500.0,1,Diesel,Manual,25.2,1248.0,74.0,5,13.42246945133505,chennai
Honda City,Honda,City,9,46809.0,2,Petrol,Manual,17.8,1497.0,117.3,5,13.583579761650238,chennai
Hyundai Creta,Hyundai,Creta,7,20000.0,1,Diesel,Automatic,17.01,1582.0,126.2,5,14.169683073439028,chennai
Hyundai Venue,Hyundai,Venue,6,21725.0,1,Petrol,Automatic,18.15,998.0,118.35,5,13.850878667052065,chennai
Honda City,Honda,City,10,80000.0,1,Petrol,Manual,17.8,1497.0,117.3,5,13.592368256649284,chennai
Audi A6,Audi,A6,13,88000.0,2,Petrol,Automatic,13.53,1949.5,177.01,5,14.151983508870947,chennai
Honda City,Honda,City,7,30360.0,2,Petrol,Automatic,17.4,1497.0,117.6,5,13.89985262551525,chennai
Maruti Baleno,Maruti,Baleno,9,70000.0,2,Petrol,Automatic,21.4,1197.0,83.1,5,13.28787951079572,chennai
Hyundai Grand i10,Hyundai,Grand i10,10,16246.0,1,Petrol,Manual,18.9,1197.0,82.0,5,13.249878458265119,chennai
Maruti Celerio,Maruti,Celerio,9,55000.0,2,Petrol,Automatic,23.1,998.0,67.04,5,12.899222326086994,chennai
Toyota Innova Crysta,Toyota,Innova Crysta,4,13000.0,1,Petrol,Automatic,10.25,1949.5,163.6,7,14.841552512220423,chennai
Maruti Celerio,Maruti,Celerio,10,71638.0,2,Petrol,Automatic,23.1,998.0,67.04,5,12.952762962683588,chennai
Honda Amaze,Honda,Amaze,11,46105.0,1,Petrol,Manual,18.0,1198.0,86.7,5,13.017005083966255,chennai
Honda WR-V,Honda,WR-V,9,60000.0,1,Petrol,Manual,17.5,1199.0,88.7,5,13.384729180332174,chennai
Honda Jazz,Honda,Jazz,9,80000.0,1,Diesel,Manual,27.3,1498.0,98.6,5,13.26212705890841,chennai
Mercedes-Benz B Class,Mercedes-Benz,B Class,11,58000.0,1,Diesel,Automatic,15.0,1949.5,107.3,5,14.48334044336031,chennai
Maruti Esteem,Maruti,Esteem,18,70000.0,2,Petrol,Manual,15.9,1298.0,85.0,5,11.918397239722838,chennai
Maruti Baleno,Maruti,Baleno,9,61764.0,1,Petrol,Automatic,21.4,1197.0,83.1,5,13.461690107508359,chennai
Mahindra KUV 100,Mahindra,KUV 100,10,36018.0,2,Petrol,Manual,18.15,1198.0,82.0,6,13.012550743537489,chennai
Renault Duster,Renault,Duster,10,150000.0,1,Diesel,Automatic,19.6,1461.0,108.45,5,13.384729180332174,chennai
Hyundai Grand i10 Nios,Hyundai,Grand i10 Nios,4,17197.0,1,Petrol,Manual,20.7,998.0,98.63,5,13.593617474489168,chennai
Honda City,Honda,City,10,62931.0,2,Petrol,Automatic,18.0,1497.0,117.3,5,13.556741124342862,chennai
Toyota Corolla Altis,Toyota,Corolla Altis,13,90000.0,2,Petrol,Manual,14.53,1798.0,138.1,5,13.122365377402328,chennai
Mahindra XUV300,Mahindra,XUV300,5,21023.0,1,Petrol,Manual,16.82,1197.0,108.62,5,13.913545204853543,chennai
Toyota Corolla Altis,Toyota,Corolla Altis,8,43000.0,1,Diesel,Manual,21.43,1364.0,86.79,5,14.214287349062356,chennai
Maruti Swift Dzire,Maruti,Swift Dzire,9,110505.0,1,Diesel,Automatic,28.25,1248.0,74.02,5,13.348703414510117,chennai
Hyundai Verna,Hyundai,Verna,8,78892.0,1,Petrol,Manual,17.0,1591.0,121.3,5,13.635188201437066,chennai
Audi A6,Audi,A6,11,59000.0,1,Diesel,Automatic,18.53,1949.5,180.02499999999998,5,14.552674623940995,chennai
Chevrolet Sail,Chevrolet,Sail,12,90058.0,1,Petrol,Manual,18.2,1199.0,82.4,5,12.765691290604371,chennai
Audi Q5,Audi,Q5,11,69000.0,1,Diesel,Automatic,13.22,1949.5,180.02499999999998,5,14.557448378884015,chennai
Honda WR-V,Honda,WR-V,7,67000.0,1,Diesel,Manual,25.5,1498.0,98.6,5,13.73755009757506,chennai
Maruti Ciaz,Maruti,Ciaz,9,80000.0,1,Diesel,Manual,28.09,1248.0,88.5,5,13.652992804936396,chennai
Maruti Ciaz,Maruti,Ciaz,9,80000.0,1,Diesel,Manual,28.09,1248.0,88.5,5,13.652992804936396,chennai
Audi Q7,Audi,Q7,6,57000.0,1,Diesel,Automatic,14.75,1949.5,180.02499999999998,7,15.702580358511794,chennai
Toyota Innova Crysta,Toyota,Innova Crysta,8,152115.125,1,Diesel,Manual,13.68,1949.5,147.8,8,14.580978865220017,chennai
Mercedes-Benz C-Class,Mercedes-Benz,C-Class,8,152115.125,1,Diesel,Automatic,19.27,1949.5,167.62,5,15.096444681204078,chennai
BMW 7 Series,BMW,7 Series,9,27000.0,1,Diesel,Automatic,16.46,1949.5,180.02499999999998,5,15.732433317205148,chennai
Tata Nexon,Tata,Nexon,8,38334.0,1,Petrol,Manual,17.0,1198.0,108.5,5,13.468787359304866,chennai
Volkswagen Polo,Volkswagen,Polo,7,36992.0,1,Petrol,Manual,17.74,999.0,75.1,5,13.429849547739444,chennai
BMW X3,BMW,X3,10,50000.0,2,Diesel,Automatic,16.55,1949.5,180.02499999999998,5,15.137266664613225,chennai
Tata New Safari,Tata,New Safari,5,34596.0,1,Diesel,Automatic,14.08,1949.5,167.67,6,14.52797053999296,chennai
Datsun GO,Datsun,GO,7,84564.0,1,Petrol,Manual,19.02,1198.0,67.05,5,12.901719200051183,chennai
Mercedes-Benz E-Class,Mercedes-Benz,E-Class,13,60001.0,2,Diesel,Automatic,13.0,1949.5,180.02499999999998,5,14.580978865220017,chennai
Hyundai Santro,Hyundai,Santro,8,23462.0,1,Petrol,Manual,20.3,1086.0,68.0,5,13.132315688453556,chennai
Volkswagen Taigun,Volkswagen,Taigun,4,13000.0,1,Petrol,Automatic,18.41,999.0,113.98,5,14.284889617206765,chennai
Honda Amaze,Honda,Amaze,7,54658.0,1,Diesel,Automatic,23.8,1498.0,78.9,5,13.629182184591333,chennai
Mahindra XUV300,Mahindra,XUV300,6,34164.0,1,Petrol,Manual,16.82,1197.0,108.62,5,13.850878667052065,chennai
Kia Seltos,Kia,Seltos,4,10000.0,1,Petrol,Manual,16.8,1497.0,113.43,5,14.282384921160133,chennai
Fiat Punto,Fiat,Punto,16,70000.0,3,Petrol,Manual,14.6,1368.0,88.7,5,11.51293546492023,chennai
Hyundai Venue,Hyundai,Venue,6,37000.0,1,Petrol,Manual,17.52,1197.0,81.86,5,13.623139877437296,chennai
Maruti Baleno,Maruti,Baleno,10,53967.0,1,Petrol,Manual,21.4,1197.0,83.1,5,13.217675375388819,chennai
Hyundai i10,Hyundai,i10,15,52700.0,1,Petrol,Manual,20.36,1197.0,78.9,5,12.608202196848836,chennai
Tata Nexon,Tata,Nexon,8,60000.0,1,Petrol,Automatic,17.0,1198.0,108.5,5,13.527829818844937,chennai
Maruti Baleno,Maruti,Baleno,10,53967.0,1,Petrol,Manual,21.4,1197.0,83.1,5,13.217675375388819,chennai
Honda Amaze,Honda,Amaze,12,99225.0,2,Petrol,Manual,18.6,1199.0,88.76,5,12.834683971615659,chennai
Fiat Linea,Fiat,Linea,15,60000.0,2,Petrol,Manual,16.0,1368.0,90.0,5,12.487488878546145,chennai
Honda Jazz,Honda,Jazz,6,48220.0,1,Petrol,Automatic,17.1,1199.0,88.5,5,13.60231857512623,chennai
Honda Jazz,Honda,Jazz,10,72024.0,1,Petrol,Manual,18.7,1199.0,88.7,5,13.20302312543853,chennai
Honda Amaze,Honda,Amaze,10,80000.0,1,Petrol,Automatic,15.5,1198.0,86.7,5,13.178745601197818,chennai
Volkswagen Polo,Volkswagen,Polo,9,78735.0,1,Petrol,Manual,16.2,1199.0,74.0,5,13.435714658591923,chennai
Ford Ecosport,Ford,Ecosport,8,72955.0,2,Diesel,Manual,23.0,1498.0,98.96,5,13.608487618541492,chennai
Maruti Ciaz,Maruti,Ciaz,11,40000.0,1,Petrol,Automatic,19.12,1373.0,91.1,5,13.384729180332174,chennai
Jeep Compass,Jeep,Compass,5,14037.0,1,Petrol,Manual,14.3,1368.0,160.77,5,14.404408272089222,chennai
Hyundai i20,Hyundai,i20,7,29000.0,1,Petrol,Manual,18.6,1197.0,81.86,5,13.521140839642674,chennai
Maruti Baleno,Maruti,Baleno,9,69864.0,1,Petrol,Manual,21.4,1197.0,83.1,5,13.335862167174314,chennai
Hyundai Xcent,Hyundai,Xcent,7,35739.0,1,Petrol,Manual,20.14,1197.0,81.86,5,13.384729180332174,chennai
Honda Jazz,Honda,Jazz,10,120000.0,2,Petrol,Automatic,19.0,1199.0,88.7,5,13.122365377402328,chennai
Maruti Ertiga,Maruti,Ertiga,7,18000.0,1,Diesel,Manual,24.52,1248.0,88.5,7,13.95091606833254,chennai
Tata Harrier,Tata,Harrier,7,21000.0,1,Diesel,Manual,16.35,1949.5,167.67,5,14.285514812209815,chennai
Maruti Baleno,Maruti,Baleno,10,70404.0,1,Petrol,Manual,21.4,1197.0,83.1,5,13.199326270390594,chennai
Volkswagen Vento,Volkswagen,Vento,11,63000.0,1,Petrol,Manual,16.09,1598.0,103.2,5,13.42246945133505,chennai
Volkswagen Ameo,Volkswagen,Ameo,9,88000.0,2,Petrol,Manual,17.0,1198.0,73.75,5,13.142166004700508,chennai
Honda City,Honda,City,9,65000.0,1,Petrol,Manual,17.4,1497.0,117.6,5,13.629182184591333,chennai
Land Rover Discovery Sport,Land,Rover Discovery Sport,9,30000.0,2,Diesel,Automatic,12.51,1949.5,180.02499999999998,7,15.176487367510099,chennai
Honda City,Honda,City,14,71423.0,1,Petrol,Automatic,15.6,1497.0,116.3,5,13.142166004700508,chennai
Maruti XL6,Maruti,XL6,7,80000.0,1,Petrol,Automatic,17.99,1462.0,103.2,6,13.997832948091215,chennai
Honda City,Honda,City,9,85759.0,1,Petrol,Manual,17.8,1497.0,117.3,5,13.548938754204904,chennai
Hyundai Santro,Hyundai,Santro,7,24422.0,1,Petrol,Manual,20.3,1086.0,68.0,5,13.014780393893403,chennai
Hyundai Verna,Hyundai,Verna,9,90000.0,4,Petrol,Manual,17.0,1591.0,121.3,5,13.527829818844937,chennai
Honda Brio,Honda,Brio,14,67091.0,2,Petrol,Manual,19.4,1198.0,86.8,5,12.666660207428574,chennai
MG Hector,MG,Hector,6,72787.0,1,Petrol,Manual,15.81,1451.0,141.0,5,14.260197020251155,chennai
Ford Endeavour,Ford,Endeavour,9,120000.0,2,Diesel,Manual,13.5,1949.5,157.7,7,14.45736497045232,chennai
Hyundai Grand i10,Hyundai,Grand i10,9,90142.0,1,Petrol,Manual,18.9,1197.0,81.86,5,13.165424782571753,chennai
Hyundai i20,Hyundai,i20,11,150000.0,1,Petrol,Manual,18.6,1197.0,81.83,5,13.122365377402328,chennai
Ford Freestyle,Ford,Freestyle,8,33256.0,1,Petrol,Manual,19.0,1194.0,94.68,5,13.348703414510117,chennai
Maruti Baleno,Maruti,Baleno,8,70027.0,1,Petrol,Automatic,21.4,1197.0,83.1,5,13.440091026807503,chennai
Hyundai Sonata,Hyundai,Sonata,19,120000.0,3,Diesel,Manual,13.6,1949.5,142.0,5,12.230765258120545,chennai
Volkswagen Polo,Volkswagen,Polo,11,60000.0,2,Petrol,Manual,16.2,1199.0,74.0,5,13.171155446333852,chennai
Maruti Swift,Maruti,Swift,9,73686.0,1,Diesel,Manual,25.2,1248.0,74.0,5,13.3374763699232,chennai
Mahindra TUV 300,Mahindra,TUV 300,8,44000.0,2,Diesel,Manual,18.49,1493.0,100.0,7,13.623139877437296,chennai
Maruti Swift,Maruti,Swift,11,75581.0,1,Petrol,Manual,21.21,1197.0,81.8,5,13.180634172318978,chennai
Mercedes-Benz M-Class,Mercedes-Benz,M-Class,11,58000.0,1,Diesel,Automatic,15.26,1949.5,180.02499999999998,5,15.096444681204078,chennai
Audi A3,Audi,A3,11,50000.0,2,Diesel,Automatic,20.38,1949.5,143.0,5,14.48334044336031,chennai
Mahindra TUV 300,Mahindra,TUV 300,11,100000.0,1,Diesel,Manual,18.49,1493.0,100.0,7,13.384729180332174,chennai
Maruti Ciaz,Maruti,Ciaz,9,108902.0,1,Diesel,Manual,28.09,1248.0,88.5,5,13.384729180332174,chennai
Volkswagen Ameo,Volkswagen,Ameo,10,100425.0,1,Diesel,Manual,21.66,1498.0,108.62,5,13.25339339419516,chennai
Hyundai Xcent,Hyundai,Xcent,10,70887.0,2,Petrol,Manual,19.1,1197.0,82.0,5,13.034626646500051,chennai
Honda City,Honda,City,10,114981.0,2,Petrol,Manual,17.8,1497.0,117.3,5,13.265599278590988,chennai
Honda WR-V,Honda,WR-V,8,45000.0,1,Petrol,Manual,17.5,1199.0,88.7,5,13.710151153416941,chennai
Hyundai Grand i10 Nios,Hyundai,Grand i10 Nios,5,45416.0,1,Petrol,Manual,20.7,1197.0,81.86,5,13.38318953651709,chennai
Hyundai i20,Hyundai,i20,10,119468.0,1,Petrol,Manual,18.6,1197.0,81.83,5,13.215855541983634,chennai
Volkswagen Vento,Volkswagen,Vento,11,100000.0,3,Diesel,Automatic,21.21,1498.0,103.2,5,13.384729180332174,chennai
Maruti Swift Dzire,Maruti,Swift Dzire,9,119975.0,1,Petrol,Manual,22.41,1197.0,88.5,5,13.149978544437301,chennai
BMW 3 Series,BMW,3 Series,9,19000.0,1,Petrol,Automatic,15.34,1949.5,180.02499999999998,5,15.176487367510099,chennai
Hyundai Grand i10,Hyundai,Grand i10,10,64906.0,2,Petrol,Manual,18.9,1197.0,82.0,5,13.030248088496522,chennai
Maruti Baleno,Maruti,Baleno,10,81484.0,2,Petrol,Manual,21.4,1197.0,83.1,5,13.126355398673866,chennai
Maruti Swift Dzire,Maruti,Swift Dzire,8,45067.0,1,Petrol,Manual,21.21,1197.0,81.8,5,13.437175577097312,chennai
Mercedes-Benz S-Class,Mercedes-Benz,S-Class,8,68000.0,1,Petrol,Automatic,10.25,1949.5,180.02499999999998,4,16.213405921671733,chennai
Honda Jazz,Honda,Jazz,10,65768.0,1,Petrol,Manual,18.7,1199.0,88.7,5,13.270785106659046,chennai
Honda Jazz,Honda,Jazz,10,61000.0,2,Petrol,Manual,18.7,1199.0,88.7,5,13.180634172318978,chennai
Mercedes-Benz S-Class,Mercedes-Benz,S-Class,17,50000.0,3,Diesel,Automatic,13.0,1949.5,180.02499999999998,5,14.346139397261565,chennai
BMW 5 Series,BMW,5 Series,8,23000.0,1,Diesel,Automatic,18.12,1949.5,180.02499999999998,5,15.291417306345254,chennai
BMW 7 Series,BMW,7 Series,8,17000.0,1,Diesel,Automatic,16.46,1949.5,180.02499999999998,5,15.919644834185693,chennai
Maruti Celerio,Maruti,Celerio,9,102958.0,1,Petrol,Automatic,23.1,998.0,67.04,5,12.948012371209098,chennai
Toyota Corolla Altis,Toyota,Corolla Altis,13,62900.0,1,Diesel,Manual,21.43,1364.0,87.2,5,13.560619598657233,chennai
Maruti Wagon R,Maruti,Wagon R,11,65076.0,2,Petrol,Manual,20.51,998.0,67.04,5,12.886643575525625,chennai
Maruti Baleno,Maruti,Baleno,10,75876.0,1,Petrol,Manual,21.4,1197.0,83.1,5,13.186278579318829,chennai
Hyundai i20,Hyundai,i20,11,98911.0,1,Petrol,Manual,18.6,1197.0,81.83,5,13.212205909556012,chennai
Maruti Celerio,Maruti,Celerio,11,45000.0,1,Petrol,Manual,23.1,998.0,67.04,5,12.886643575525625,chennai
Hyundai Verna,Hyundai,Verna,9,76089.0,1,Diesel,Automatic,19.08,1582.0,126.2,5,13.719000758904409,chennai
Hyundai Grand i10,Hyundai,Grand i10,9,54505.0,2,Petrol,Manual,18.9,1197.0,81.86,5,13.163507240119458,chennai
Audi A3,Audi,A3,7,24000.0,1,Diesel,Automatic,20.38,1949.5,143.0,5,14.64406281221155,chennai
Maruti Swift Dzire,Maruti,Swift Dzire,10,96573.0,1,Petrol,Manual,22.41,1197.0,88.5,5,13.136268254957963,chennai
Hyundai Grand i10,Hyundai,Grand i10,10,63720.0,2,Petrol,Manual,18.9,1197.0,82.0,5,13.176853456625999,chennai
Maruti Alto 800,Maruti,Alto 800,5,14411.0,1,Petrol,Manual,22.05,796.0,47.33,5,12.983101310070822,chennai
Volkswagen Taigun,Volkswagen,Taigun,4,11000.0,1,Petrol,Automatic,18.41,999.0,113.98,5,14.214287349062356,chennai
Skoda Kushaq,Skoda,Kushaq,4,21000.0,1,Petrol,Automatic,18.86,1498.0,147.51,5,14.397726177816939,chennai
Honda WR-V,Honda,WR-V,9,34392.0,1,Petrol,Manual,17.5,1199.0,88.7,5,13.345508528717259,chennai
Hyundai Grand i10 Nios,Hyundai,Grand i10 Nios,4,20000.0,1,Petrol,Manual,20.7,1197.0,81.86,5,13.444448325847754,chennai
Kia Sonet,Kia,Sonet,4,10000.0,1,Petrol,Manual,18.2,998.0,118.36,5,14.115615891155079,chennai
MG Astor,MG,Astor,4,20000.0,1,Petrol,Automatic,14.82,1498.0,108.49,5,14.253766134056512,chennai
Toyota Glanza,Toyota,Glanza,7,47000.0,1,Petrol,Automatic,19.56,1197.0,81.8,5,13.579789490265188,chennai
Maruti Alto K10,Maruti,Alto K10,12,60333.0,2,Petrol,Manual,23.95,998.0,67.05,5,12.506180941677357,chennai
Hyundai Grand i10,Hyundai,Grand i10,12,81058.0,1,Diesel,Manual,24.0,1186.0,73.97,5,12.807655372286902,chennai
Honda Civic,Honda,Civic,16,51800.0,2,Petrol,Manual,13.5,1799.0,130.0,5,12.959846800844963,chennai
Hyundai Grand i10,Hyundai,Grand i10,10,32797.0,2,Petrol,Manual,18.9,1197.0,82.0,5,13.176853456625999,chennai
Hyundai Grand i10,Hyundai,Grand i10,10,69731.0,1,Petrol,Manual,18.9,1197.0,82.0,5,13.144126826131089,chennai
Honda City,Honda,City,10,54000.0,2,Petrol,Manual,17.8,1497.0,117.3,5,13.345508528717259,chennai
Nissan Micra Active,Nissan,Micra Active,10,110267.0,2,Petrol,Manual,19.49,1198.0,67.04,5,12.69771850797869,chennai
Mahindra KUV 100,Mahindra,KUV 100,8,31767.0,1,Petrol,Manual,18.15,1198.0,82.0,6,13.132315688453556,chennai
Honda WR-V,Honda,WR-V,8,45677.0,2,Petrol,Manual,17.5,1199.0,88.7,5,13.369225017834633,chennai
Maruti Celerio,Maruti,Celerio,9,66656.0,1,Petrol,Manual,25.24,998.0,65.71,5,13.014780393893403,chennai
Honda Amaze,Honda,Amaze,7,27000.0,1,Diesel,Manual,24.7,1498.0,98.63,5,13.493928313146206,chennai
Renault KWID,Renault,KWID,5,37004.0,1,Petrol,Manual,21.74,999.0,67.0,5,13.112315061750808,chennai
Hyundai i10,Hyundai,i10,15,85274.0,2,Petrol,Manual,20.36,1197.0,78.9,5,12.509877789891931,chennai
Hyundai Creta,Hyundai,Creta,9,60000.0,2,Diesel,Manual,19.67,1582.0,126.2,5,13.753636218075409,chennai
Honda City,Honda,City,9,42000.0,1,Petrol,Manual,17.4,1497.0,117.6,5,13.591117476312084,chennai
Mercedes-Benz E-Class,Mercedes-Benz,E-Class,9,25000.0,1,Diesel,Automatic,16.1,1949.5,180.02499999999998,5,15.319588176962746,chennai
Mahindra XUV500,Mahindra,XUV500,12,80000.0,3,Diesel,Manual,15.1,1949.5,140.0,7,13.45883704259595,chennai
Hyundai Verna,Hyundai,Verna,11,60000.0,2,Petrol,Manual,17.1,1591.0,121.3,5,13.279368835614243,chennai
Tata Harrier,Tata,Harrier,4,20000.0,1,Diesel,Manual,16.35,1949.5,167.67,5,14.53335083891935,chennai
Hyundai Santro,Hyundai,Santro,8,65607.0,1,Petrol,Manual,20.3,1086.0,68.0,5,13.019224835777257,chennai
Hyundai i20,Hyundai,i20,10,74777.0,1,Petrol,Manual,18.6,1197.0,81.83,5,13.355062726308148,chennai
Toyota Etios,Toyota,Etios,14,102392.0,2,Petrol,Manual,17.6,1496.0,88.73,5,12.926350926565435,chennai
Skoda Rapid,Skoda,Rapid,11,90210.0,1,Diesel,Manual,21.14,1498.0,103.6,5,13.122365377402328,chennai
Maruti Swift Dzire,Maruti,Swift Dzire,12,62373.0,1,Petrol,Manual,22.41,1197.0,88.5,5,13.098072734013513,chennai
Tata Zest,Tata,Zest,11,80000.0,1,Diesel,Manual,22.95,1248.0,74.0,5,13.038981768465277,chennai
Maruti Celerio,Maruti,Celerio,8,25219.0,2,Petrol,Automatic,26.0,998.0,65.71,5,13.149978544437301,chennai
Maruti Swift,Maruti,Swift,12,64409.0,3,Diesel,Manual,25.2,1248.0,74.0,5,13.138238695062618,chennai
Tata Nexon,Tata,Nexon,8,52000.0,1,Diesel,Manual,21.5,1497.0,108.5,5,13.670485941982712,chennai
Maruti Ciaz,Maruti,Ciaz,8,30000.0,2,Petrol,Automatic,20.28,1462.0,103.25,5,13.658857917508856,chennai
Mercedes-Benz S-Class,Mercedes-Benz,S-Class,6,14000.0,1,Diesel,Automatic,13.5,1949.5,180.02499999999998,5,16.283610174181653,chennai
Hyundai Venue,Hyundai,Venue,7,48574.0,1,Diesel,Manual,23.7,1396.0,88.76,5,13.73755009757506,chennai
Honda City,Honda,City,14,71423.0,1,Petrol,Automatic,16.8,1497.0,180.02499999999998,5,13.142166004700508,chennai
Mercedes-Benz E-Class,Mercedes-Benz,E-Class,6,30000.0,1,Diesel,Automatic,16.1,1949.5,180.02499999999998,5,15.555976908243359,chennai
Maruti Wagon R,Maruti,Wagon R,13,75498.0,1,Petrol,Manual,18.9,998.0,67.1,5,12.765691290604371,chennai
Honda City,Honda,City,9,95963.0,1,Petrol,Manual,17.8,1497.0,117.3,5,13.353476685668044,chennai
Maruti Wagon R,Maruti,Wagon R,11,46613.0,1,Petrol,Manual,20.51,998.0,67.04,5,12.92391243868049,chennai
Honda WR-V,Honda,WR-V,9,30000.0,1,Petrol,Manual,17.5,1199.0,88.7,5,13.493928313146206,chennai
Honda Amaze,Honda,Amaze,11,18722.0,1,Petrol,Manual,18.0,1198.0,86.7,5,13.051943059028227,chennai
Kia Seltos,Kia,Seltos,3,5593.0,1,Petrol,Automatic,16.5,1353.0,138.08,5,14.438235810708216,chennai
Audi Q3,Audi,Q3,9,40000.0,1,Diesel,Automatic,15.73,1949.5,174.33,5,14.80876270134486,chennai
Maruti Celerio,Maruti,Celerio,5,20875.0,1,Petrol,Manual,25.24,998.0,65.71,5,13.12834743715147,chennai
Renault KWID,Renault,KWID,8,46436.0,2,Petrol,Manual,25.17,799.0,53.3,5,12.6410997921206,chennai
Honda City,Honda,City,10,127672.0,1,Petrol,Automatic,18.0,1497.0,117.3,5,13.369225017834633,chennai
Hyundai Venue,Hyundai,Venue,5,12814.0,1,Petrol,Manual,17.52,1197.0,81.86,5,13.642348128015021,chennai
Tata New Safari,Tata,New Safari,4,26000.0,1,Diesel,Manual,16.14,1949.5,167.67,7,14.452087387035824,chennai
Hyundai i10,Hyundai,i10,15,45851.0,1,Petrol,Manual,20.36,1197.0,78.9,5,12.570719231334277,chennai
Hyundai Venue,Hyundai,Venue,5,36349.0,1,Petrol,Manual,18.0,998.0,118.35,5,13.753636218075409,chennai
Volkswagen Polo,Volkswagen,Polo,8,35000.0,1,Petrol,Automatic,17.21,1197.0,103.5,5,13.64709190633931,chennai
Tata New Safari,Tata,New Safari,5,17059.0,1,Diesel,Automatic,14.08,1949.5,167.67,7,14.536272905557192,chennai
BMW X5,BMW,X5,7,37000.0,1,Diesel,Automatic,13.38,1949.5,180.02499999999998,5,15.856731016694035,chennai
Maruti Wagon R,Maruti,Wagon R,10,48163.0,2,Petrol,Manual,20.51,998.0,67.04,5,12.899222326086994,chennai
Maruti Swift Dzire,Maruti,Swift Dzire,13,40000.0,3,Petrol,Manual,19.1,1197.0,85.8,5,12.959846800844963,chennai
Tata Indigo,Tata,Indigo,18,150000.0,2,Diesel,Manual,17.0,1405.0,70.0,5,12.206077645517674,chennai
Volkswagen Polo,Volkswagen,Polo,6,20000.0,1,Petrol,Manual,17.74,999.0,75.1,5,13.527829818844937,chennai
Hyundai Creta,Hyundai,Creta,7,47000.0,1,Diesel,Automatic,17.6,1582.0,126.2,5,14.340239086899256,chennai
Hyundai i10,Hyundai,i10,13,112711.0,1,Petrol,Manual,20.36,1197.0,78.9,5,12.644330802262578,chennai
Toyota Fortuner,Toyota,Fortuner,6,53000.0,1,Diesel,Automatic,15.04,1949.5,174.5,7,15.176487367510099,chennai
Maruti Celerio,Maruti,Celerio,10,65895.0,2,Petrol,Automatic,26.68,998.0,65.71,5,12.987690762404629,chennai
Mahindra XUV300,Mahindra,XUV300,4,15625.0,1,Petrol,Automatic,17.0,1197.0,108.6,5,13.841179279371246,chennai
Maruti Swift,Maruti,Swift,11,107595.0,1,Diesel,Manual,25.2,1248.0,74.0,5,13.235693848424024,chennai
Maruti Ignis,Maruti,Ignis,9,23838.0,1,Petrol,Manual,20.89,1197.0,81.8,5,13.184400648021263,chennai
Maruti Alto K10,Maruti,Alto K10,11,28975.0,1,Petrol,Manual,24.39,998.0,65.71,5,12.685410698175234,chennai
Honda WR-V,Honda,WR-V,8,30742.0,1,Petrol,Manual,17.5,1199.0,88.7,5,13.554147092530322,chennai
Maruti S-Presso,Maruti,S-Presso,4,10363.0,1,Petrol,Manual,21.7,998.0,65.71,5,13.106236027992704,chennai
Honda City,Honda,City,11,100000.0,1,Petrol,Manual,17.4,1497.0,117.3,5,13.384729180332174,chennai
Honda City,Honda,City,10,75555.0,1,Petrol,Manual,17.8,1497.0,117.3,5,13.358227280903897,chennai
Hyundai Creta,Hyundai,Creta,8,60929.0,2,Petrol,Manual,15.8,1591.0,121.3,5,13.797347605666022,chennai
BMW X5,BMW,X5,17,78000.0,2,Diesel,Automatic,11.7,1949.5,180.02499999999998,5,14.115615891155079,chennai
Maruti Vitara Brezza,Maruti,Vitara Brezza,9,120000.0,1,Diesel,Manual,24.3,1248.0,88.5,5,13.710151153416941,chennai
Honda Amaze,Honda,Amaze,12,143185.0,1,Diesel,Manual,25.8,1498.0,98.6,5,12.821260987319457,chennai
Maruti Ciaz,Maruti,Ciaz,9,115434.0,1,Petrol,Manual,20.73,1373.0,91.1,5,13.3374763699232,chennai
Maruti Ignis,Maruti,Ignis,8,43000.0,1,Petrol,Manual,20.89,1197.0,81.8,5,13.081543466215237,chennai
Honda Brio,Honda,Brio,11,63309.0,1,Petrol,Manual,18.5,1198.0,86.8,5,12.971542813248437,chennai
Maruti Swift,Maruti,Swift,11,150000.0,1,Diesel,Manual,25.2,1248.0,74.0,5,13.122365377402328,chennai
BMW 7 Series,BMW,7 Series,7,53000.0,1,Diesel,Automatic,16.46,1949.5,180.02499999999998,5,15.843658936835498,chennai
Maruti Baleno,Maruti,Baleno,7,39386.0,1,Petrol,Manual,21.01,1197.0,81.8,5,13.579789490265188,chennai
BMW 6 Series,BMW,6 Series,8,42000.0,1,Diesel,Automatic,17.09,1949.5,180.02499999999998,4,15.46416937585933,chennai
Renault Triber,Renault,Triber,5,29257.0,1,Petrol,Automatic,18.2,999.0,71.01,7,13.561909087824318,chennai
Maruti Baleno,Maruti,Baleno,9,61829.0,1,Petrol,Automatic,21.4,1197.0,83.1,5,13.461690107508359,chennai
Maruti Alto K10,Maruti,Alto K10,12,83901.0,1,Petrol,Manual,23.95,998.0,67.05,5,12.577639650232573,chennai
Maruti Celerio,Maruti,Celerio,12,33295.0,1,Petrol,Manual,25.24,998.0,65.71,5,12.855792879125431,chennai
Maruti Celerio,Maruti,Celerio,11,33610.0,1,Petrol,Manual,25.24,998.0,65.71,5,12.926350926565435,chennai
Maruti Ciaz,Maruti,Ciaz,12,95600.0,1,Diesel,Manual,26.21,1248.0,88.5,5,13.329379172803593,chennai
Tata Tiago,Tata,Tiago,8,20960.0,1,Petrol,Manual,23.84,1199.0,84.0,5,13.151924121391561,chennai
BMW 3 Series,BMW,3 Series,10,66000.0,1,Diesel,Automatic,20.37,1949.5,180.02499999999998,5,14.761360480429413,chennai
Hyundai i20,Hyundai,i20,11,85105.0,2,Petrol,Manual,18.6,1197.0,81.83,5,13.136268254957963,chennai
Hyundai EON,Hyundai,EON,10,44519.0,2,Petrol,Manual,21.1,814.0,55.2,5,12.682309930111785,chennai
Maruti Baleno,Maruti,Baleno,9,54024.0,1,Petrol,Manual,21.4,1197.0,83.1,5,13.26212705890841,chennai
Maruti Baleno,Maruti,Baleno,6,20027.0,1,Petrol,Manual,21.01,1197.0,81.8,5,13.652992804936396,chennai
Audi A6,Audi,A6,7,44000.0,1,Diesel,Automatic,18.53,1949.5,180.02499999999998,5,15.123843647884687,chennai
Audi Q3,Audi,Q3,12,58000.0,1,Diesel,Automatic,15.73,1949.5,174.33,5,14.403297778421795,chennai
Honda Amaze,Honda,Amaze,13,67905.0,1,Diesel,Manual,25.8,1498.0,98.6,5,12.959846800844963,chennai
Maruti Baleno,Maruti,Baleno,9,62604.0,1,Petrol,Manual,21.01,1197.0,81.8,5,13.384729180332174,chennai
Toyota Innova,Toyota,Innova,17,120000.0,1,Diesel,Manual,12.8,1949.5,102.0,7,13.527829818844937,chennai
Honda Amaze,Honda,Amaze,12,105781.0,1,Diesel,Manual,25.8,1498.0,98.6,5,13.017005083966255,chennai
Maruti Ciaz,Maruti,Ciaz,9,68724.0,1,Petrol,Manual,20.73,1373.0,91.1,5,13.487007879880162,chennai
Maruti Celerio,Maruti,Celerio,12,67000.0,1,Petrol,Automatic,23.1,998.0,67.04,5,12.959846800844963,chennai
Hyundai i10,Hyundai,i10,16,110273.0,2,Petrol,Manual,20.36,1197.0,78.9,5,12.367345048436391,chennai
Maruti Celerio,Maruti,Celerio,10,65628.0,2,Petrol,Automatic,23.1,998.0,67.04,5,12.987690762404629,chennai
Volkswagen Polo,Volkswagen,Polo,12,106075.0,1,Petrol,Manual,16.47,1198.0,74.0,5,12.92391243868049,chennai
Maruti Ignis,Maruti,Ignis,4,6023.0,1,Petrol,Manual,20.89,1197.0,81.8,5,13.502170106720037,chennai
Tata Tiago,Tata,Tiago,8,38999.0,2,Petrol,Manual,23.84,1199.0,84.0,5,13.126355398673866,chennai
Toyota Innova Crysta,Toyota,Innova Crysta,8,105000.0,1,Diesel,Manual,13.68,1949.5,147.51,7,14.53335083891935,chennai
Tata New Safari,Tata,New Safari,4,7811.0,1,Diesel,Automatic,14.08,1949.5,167.67,7,14.489984982682818,chennai
Maruti Alto K10,Maruti,Alto K10,15,58747.0,2,Petrol,Manual,20.92,998.0,67.1,5,12.310437165348775,chennai
Tata Harrier,Tata,Harrier,7,34965.0,1,Diesel,Manual,17.0,1949.5,138.1,5,14.218974331404214,chennai
Ford Ecosport,Ford,Ecosport,11,106360.0,2,Diesel,Manual,22.7,1498.0,89.84,5,13.178745601197818,chennai
Maruti Ritz,Maruti,Ritz,16,152115.125,2,Petrol,Manual,18.5,1197.0,85.8,5,12.25486757159303,chennai
Toyota Urban cruiser,Toyota,Urban cruiser,5,26000.0,1,Petrol,Manual,17.03,1462.0,103.26,5,13.790193775620484,chennai
Maruti Swift,Maruti,Swift,6,57000.0,1,Petrol,Manual,21.21,1197.0,81.8,5,13.296318365198623,chennai
Hyundai Creta,Hyundai,Creta,9,49000.0,1,Petrol,Manual,15.29,1591.0,121.3,5,13.550243384129509,chennai
Hyundai i20,Hyundai,i20,4,30000.0,1,Petrol,Manual,21.0,1197.0,81.8,5,13.623139877437296,chennai
Hyundai i10,Hyundai,i10,12,40000.0,3,Petrol,Automatic,16.95,1197.0,78.9,5,12.721888795877375,chennai
Honda Jazz,Honda,Jazz,11,53250.0,1,Petrol,Automatic,19.0,1199.0,88.7,5,13.232116033476537,chennai
Tata Tiago,Tata,Tiago,4,8848.0,1,Petrol,Manual,19.01,1199.0,84.82,5,13.38318953651709,chennai
Tata Harrier,Tata,Harrier,4,3000.0,1,Diesel,Automatic,14.6,1949.5,167.67,5,14.626441218624949,chennai
Skoda Rapid,Skoda,Rapid,5,34628.0,1,Petrol,Manual,18.97,999.0,108.62,5,13.919871474189012,chennai
Maruti Ignis,Maruti,Ignis,4,8579.0,1,Petrol,Manual,20.89,1197.0,81.8,5,13.418015107599418,chennai
Renault Triber,Renault,Triber,4,17000.0,1,Petrol,Manual,20.0,999.0,71.01,7,13.42246945133505,chennai
Honda City,Honda,City,9,40021.0,1,Petrol,Manual,17.8,1497.0,117.3,5,13.586098651497313,chennai
Hyundai i20,Hyundai,i20,9,46946.0,2,Petrol,Manual,18.6,1197.0,81.83,5,13.282781802386296,chennai
Honda Jazz,Honda,Jazz,7,30772.0,1,Petrol,Automatic,18.2,1199.0,88.7,5,13.60108018640869,chennai
Ford Figo,Ford,Figo,14,74008.0,1,Diesel,Manual,20.0,1399.0,68.0,5,12.468440756144114,chennai
Maruti Swift Dzire,Maruti,Swift Dzire,9,31000.0,1,Diesel,Manual,28.25,1248.0,74.02,5,13.541075028051122,chennai
Mahindra Bolero,Mahindra,Bolero,4,20000.0,1,Diesel,Manual,16.0,1493.0,74.96,7,13.883170141017091,chennai
Maruti Baleno,Maruti,Baleno,6,20000.0,2,Petrol,Manual,21.01,1197.0,81.8,5,13.384729180332174,chennai
Maruti S-Presso,Maruti,S-Presso,6,31137.0,1,Petrol,Automatic,21.7,998.0,67.05,5,13.161586013632684,chennai
Maruti Swift Dzire,Maruti,Swift Dzire,15,90000.0,1,Diesel,Manual,19.3,1248.0,73.9,5,12.765691290604371,chennai
Hyundai Creta,Hyundai,Creta,11,77000.0,1,Petrol,Manual,15.8,1591.0,121.3,5,13.681980308196241,chennai
BMW 3 Series GT,BMW,3 Series GT,7,16000.0,1,Diesel,Automatic,21.76,1949.5,180.02499999999998,5,15.285686632949897,chennai
Mahindra XUV500,Mahindra,XUV500,8,23000.0,1,Diesel,Automatic,16.0,1949.5,140.0,7,14.187074804051692,chennai
Mahindra Thar,Mahindra,Thar,4,9000.0,1,Petrol,Manual,15.2,1949.5,150.0,4,14.360738188157574,chennai
Datsun RediGO,Datsun,RediGO,8,28733.0,1,Petrol,Manual,22.7,799.0,53.64,5,12.618185607609803,chennai
Hyundai Verna,Hyundai,Verna,8,61828.0,1,Diesel,Automatic,22.0,1582.0,126.2,5,13.87378040948403,chennai
Toyota Innova,Toyota,Innova,19,150000.0,2,Diesel,Manual,12.8,1949.5,102.0,8,13.304686600863562,chennai
Tata Tigor,Tata,Tigor,4,60431.0,1,Petrol,Manual,19.28,1199.0,84.82,5,13.489781802915555,chennai
Maruti Celerio X,Maruti,Celerio X,8,53269.0,1,Petrol,Manual,21.63,998.0,67.0,5,13.045484492893253,chennai
Honda Amaze,Honda,Amaze,7,37778.0,2,Petrol,Manual,19.5,1199.0,88.76,5,13.348703414510117,chennai
Maruti Baleno,Maruti,Baleno,9,54024.0,1,Petrol,Manual,21.4,1197.0,83.1,5,13.26212705890841,chennai
Tata Nexon,Tata,Nexon,8,85941.0,2,Petrol,Manual,17.0,1198.0,108.5,5,13.396961730063138,chennai
Maruti Celerio X,Maruti,Celerio X,8,89329.0,1,Petrol,Automatic,21.63,998.0,67.0,5,13.075271769870477,chennai
Tata Tiago,Tata,Tiago,7,40000.0,2,Petrol,Manual,23.84,1199.0,84.0,5,13.122365377402328,chennai
Maruti Swift,Maruti,Swift,9,17000.0,1,Petrol,Manual,21.21,1197.0,81.8,5,13.384729180332174,chennai
Maruti Ignis,Maruti,Ignis,9,83887.0,1,Petrol,Manual,20.89,1197.0,81.8,5,13.02805489573287,chennai
Hyundai i20 Active,Hyundai,i20 Active,11,150000.0,1,Diesel,Manual,21.19,1396.0,88.73,5,13.07107218827772,chennai
Toyota Innova Crysta,Toyota,Innova Crysta,5,39000.0,1,Diesel,Automatic,12.0,1949.5,148.0,7,14.845130332288226,chennai
Hyundai Verna,Hyundai,Verna,8,23000.0,1,Petrol,Automatic,17.0,1591.0,121.3,5,13.790193775620484,chennai
Hyundai Verna,Hyundai,Verna,9,80000.0,1,Petrol,Manual,17.0,1591.0,121.3,5,13.527829818844937,chennai
Maruti Celerio,Maruti,Celerio,10,34000.0,1,Petrol,Automatic,23.1,998.0,67.04,5,13.091904169919621,chennai
Maruti Celerio,Maruti,Celerio,9,29973.0,1,Petrol,Manual,23.1,998.0,67.04,5,13.038981768465277,chennai
Honda City,Honda,City,5,30000.0,1,Petrol,Manual,18.6,1498.0,119.35,5,14.05058347065728,chennai
Hyundai i20 Active,Hyundai,i20 Active,10,80805.0,2,Diesel,Manual,21.19,1396.0,88.73,5,13.248116346376765,chennai
Tata Tiago,Tata,Tiago,6,26235.0,1,Petrol,Manual,23.84,1199.0,83.83,5,13.335862167174314,chennai
Honda City,Honda,City,9,95963.0,0,Petrol,Manual,17.8,1497.0,117.3,5,13.353476685668044,chennai
Hyundai Creta,Hyundai,Creta,8,83294.0,1,Petrol,Manual,15.8,1591.0,121.3,5,13.635188201437066,chennai
MG Hector,MG,Hector,5,17963.0,2,Diesel,Manual,17.41,1949.5,167.68,5,14.347902546843713,chennai
Maruti Baleno,Maruti,Baleno,7,102696.0,1,Petrol,Manual,21.4,1197.0,83.1,5,13.361381852676738,chennai
Hyundai i20,Hyundai,i20,7,57206.0,2,Diesel,Manual,22.54,1396.0,88.76,5,13.361381852676738,chennai
Ford Figo,Ford,Figo,13,120000.0,2,Diesel,Manual,20.0,1399.0,68.05,5,12.611541086966115,chennai
Hyundai i20,Hyundai,i20,9,81829.0,1,Petrol,Manual,18.6,1197.0,81.83,5,13.395440819535605,chennai
Maruti Celerio,Maruti,Celerio,12,54395.0,2,Petrol,Manual,25.24,998.0,65.71,5,12.873904582205107,chennai
Tata Tigor,Tata,Tigor,7,50000.0,1,Diesel,Manual,24.7,1047.0,69.0,5,13.3374763699232,chennai
Volkswagen Ameo,Volkswagen,Ameo,9,70000.0,2,Petrol,Manual,17.0,1198.0,73.75,5,13.049794835104816,chennai
Hyundai i20,Hyundai,i20,11,36000.0,1,Petrol,Manual,18.6,1197.0,81.83,5,13.28787951079572,chennai
Isuzu MU 7,Isuzu,MU 7,10,125000.0,2,Diesel,Manual,12.08,1949.5,161.0,7,13.76421831620775,chennai
Mercedes-Benz CLA,Mercedes-Benz,CLA,8,75000.0,2,Diesel,Automatic,17.9,1949.5,136.0,5,14.580978865220017,chennai
Mercedes-Benz E-Class,Mercedes-Benz,E-Class,8,45007.0,1,Diesel,Automatic,16.1,1949.5,180.02499999999998,5,15.341567078850604,chennai
Honda Amaze,Honda,Amaze,10,49617.0,1,Petrol,Manual,19.5,1199.0,88.76,5,13.102162710901053,chennai
Toyota Etios,Toyota,Etios,10,57782.0,1,Petrol,Manual,16.78,1496.0,88.73,5,13.3374763699232,chennai
Skoda Superb,Skoda,Superb,11,38000.0,1,Diesel,Automatic,17.2,1949.5,138.03,5,14.48334044336031,chennai
BMW 5 Series,BMW,5 Series,18,110000.0,3,Diesel,Automatic,11.5,1949.5,180.02499999999998,5,13.429849547739444,chennai
Honda Jazz,Honda,Jazz,8,22066.0,2,Petrol,Manual,18.7,1199.0,88.7,5,13.29463628184505,chennai
Hyundai i20,Hyundai,i20,10,65707.0,1,Petrol,Manual,18.6,1197.0,81.83,5,13.19189130572284,chennai
Maruti Celerio,Maruti,Celerio,11,89488.0,1,Petrol,Manual,23.1,998.0,67.04,5,12.807655372286902,chennai
Maruti Ignis,Maruti,Ignis,9,88663.0,2,Petrol,Automatic,20.89,1197.0,81.8,5,13.206706364071684,chennai
Tata Tiago,Tata,Tiago,6,31679.0,1,Petrol,Manual,23.84,1199.0,83.83,5,13.246351123968212,chennai
Hyundai Grand i10,Hyundai,Grand i10,13,68178.0,1,Petrol,Manual,18.9,1197.0,82.0,5,12.948012371209098,chennai
Honda City,Honda,City,9,61279.0,2,Petrol,Manual,17.8,1497.0,117.3,5,13.525159593854116,chennai
Honda Amaze,Honda,Amaze,5,8963.0,1,Petrol,Manual,18.6,1199.0,88.76,5,13.68767832281738,chennai
Maruti Swift Dzire,Maruti,Swift Dzire,9,80281.0,1,Petrol,Manual,21.21,1197.0,81.8,5,13.331003865890963,chennai
MG Hector,MG,Hector,6,50580.0,1,Petrol,Manual,14.16,1451.0,141.0,5,14.256343453410166,chennai
Mini Cooper,Mini,Cooper,12,21000.0,1,Petrol,Automatic,19.23,1598.0,98.0,5,14.557448378884015,chennai
Audi Q3,Audi,Q3,10,55000.0,1,Diesel,Automatic,15.73,1949.5,174.33,5,14.59253968227493,chennai
Mercedes-Benz GLE,Mercedes-Benz,GLE,8,70000.0,2,Diesel,Automatic,17.9,1949.5,180.02499999999998,5,15.250595321348806,chennai
Audi Q5,Audi,Q5,7,58000.0,1,Petrol,Automatic,10.25,1949.5,180.02499999999998,5,15.274125813221904,chennai
Volkswagen Vento,Volkswagen,Vento,8,65224.0,1,Petrol,Manual,16.09,1598.0,103.2,5,13.493928313146206,chennai
Maruti Ritz,Maruti,Ritz,16,120000.0,1,Petrol,Manual,21.1,1197.0,85.8,5,12.524530013005734,chennai
BMW X5,BMW,X5,8,42001.0,1,Diesel,Automatic,15.97,1949.5,180.02499999999998,5,15.564710586686562,chennai
Maruti Swift Dzire,Maruti,Swift Dzire,9,30316.0,1,Petrol,Manual,19.0,1197.0,85.8,5,13.361381852676738,chennai
Mercedes-Benz E-Class,Mercedes-Benz,E-Class,13,64000.0,3,Diesel,Automatic,13.0,1949.5,180.02499999999998,5,14.403297778421795,chennai
Volvo S60,Volvo,S60,11,40000.0,1,Diesel,Automatic,10.25,1949.5,180.02499999999998,5,14.45736497045232,chennai
Maruti Swift,Maruti,Swift,9,100526.0,1,Petrol,Manual,22.38,1197.0,88.5,5,13.142166004700508,chennai
Maruti Swift,Maruti,Swift,5,17273.0,1,Petrol,Manual,22.38,1197.0,88.5,5,13.613395597831598,chennai
Maruti SX4 S Cross,Maruti,SX4 S Cross,8,107737.0,1,Diesel,Manual,23.65,1248.0,88.5,5,13.652992804936396,chennai
Ford Ecosport,Ford,Ecosport,10,111586.0,2,Petrol,Manual,15.85,1499.0,110.4,5,13.197472705176983,chennai
Maruti Baleno,Maruti,Baleno,9,73369.0,2,Petrol,Automatic,21.4,1197.0,83.1,5,13.195615697878253,chennai
Maruti Alto,Maruti,Alto,14,63697.0,1,Petrol,Manual,19.7,796.0,46.3,5,12.367345048436391,chennai
Hyundai i20,Hyundai,i20,8,45224.0,1,Petrol,Manual,18.6,1197.0,81.83,5,13.4090464510229,chennai
Ford Figo,Ford,Figo,16,110701.0,2,Diesel,Manual,20.0,1399.0,68.0,5,12.25486757159303,chennai
Maruti Wagon R,Maruti,Wagon R,10,49124.0,2,Petrol,Manual,20.51,998.0,67.04,5,12.931205293247745,chennai
Maruti Swift Dzire,Maruti,Swift Dzire,10,96861.0,1,Petrol,Manual,22.41,1197.0,88.5,5,13.132315688453556,chennai
Hyundai i10,Hyundai,i10,17,64636.0,2,Petrol,Manual,20.36,1197.0,78.9,5,12.611541086966115,chennai
Audi A6,Audi,A6,12,134000.0,1,Diesel,Automatic,17.68,1949.5,174.33,5,13.698977865303197,chennai
Maruti 800,Maruti,800,24,20000.0,1,Petrol,Manual,16.1,796.0,37.0,4,11.849404844423074,chennai
Renault Kiger,Renault,Kiger,4,14118.0,1,Petrol,Automatic,19.03,999.0,71.01,5,13.60479076121576,chennai
Ford Ecosport,Ford,Ecosport,8,36000.0,2,Petrol,Automatic,14.8,1497.0,121.36,5,13.493928313146206,chennai
Skoda Kushaq,Skoda,Kushaq,4,10000.0,1,Petrol,Automatic,17.2,999.0,113.98,5,14.377979984682511,chennai
Kia Seltos,Kia,Seltos,7,50000.0,1,Petrol,Manual,16.8,1497.0,113.43,5,13.864301674514206,chennai
Toyota Urban cruiser,Toyota,Urban cruiser,5,30000.0,1,Petrol,Manual,17.03,1462.0,103.26,5,13.815511557963774,chennai
Skoda Rapid,Skoda,Rapid,8,29000.0,1,Petrol,Automatic,14.84,1598.0,103.2,5,13.652992804936396,chennai
Hyundai i20,Hyundai,i20,12,55940.0,2,Petrol,Manual,18.6,1197.0,81.83,5,13.138238695062618,chennai
Honda City,Honda,City,8,115915.0,2,Diesel,Manual,25.6,1498.0,97.9,5,13.654168582642953,chennai
Renault KWID,Renault,KWID,4,1000.0,1,Petrol,Automatic,22.3,999.0,67.06,5,13.345508528717259,chennai
Honda Jazz,Honda,Jazz,10,96184.0,2,Petrol,Automatic,19.0,1199.0,88.7,5,13.235693848424024,chennai
Hyundai i10,Hyundai,i10,12,87780.0,1,Petrol,Manual,19.81,1086.0,68.05,5,12.721888795877375,chennai
Hyundai i20,Hyundai,i20,11,118921.0,1,Petrol,Manual,18.6,1197.0,81.83,5,13.005831808336863,chennai
Ford Ecosport,Ford,Ecosport,7,73834.0,2,Diesel,Manual,23.0,1498.0,98.96,5,13.629182184591333,chennai
Maruti Baleno,Maruti,Baleno,10,38514.0,1,Petrol,Manual,21.4,1197.0,83.1,5,13.353476685668044,chennai
Maruti Swift Dzire,Maruti,Swift Dzire,10,74401.0,2,Petrol,Manual,22.41,1197.0,88.5,5,13.174957725054906,chennai
Hyundai Creta,Hyundai,Creta,6,40000.0,1,Petrol,Automatic,16.8,1353.0,138.12,5,14.093143052138025,chennai
Maruti Swift,Maruti,Swift,4,9000.0,1,Petrol,Manual,22.38,1197.0,88.5,5,13.664688831019712,chennai
Hyundai Creta,Hyundai,Creta,9,50000.0,1,Petrol,Manual,15.29,1591.0,121.3,5,13.548938754204904,chennai
Maruti Swift Dzire,Maruti,Swift Dzire,6,40000.0,1,Petrol,Manual,22.41,1197.0,88.5,5,13.321215875492413,chennai
Skoda Rapid,Skoda,Rapid,11,80000.0,3,Diesel,Automatic,21.66,1498.0,103.52,5,13.07107218827772,chennai
Hyundai Grand i10,Hyundai,Grand i10,12,82000.0,2,Petrol,Manual,18.9,1197.0,82.0,5,12.873904582205107,chennai
Hyundai Aura,Hyundai,Aura,6,32947.0,1,Petrol,Automatic,20.1,1197.0,81.86,5,13.429849547739444,chennai
Hyundai Verna,Hyundai,Verna,8,25000.0,1,Petrol,Manual,17.0,1591.0,121.3,5,13.658857917508856,chennai
Maruti XL6,Maruti,XL6,4,10000.0,1,Petrol,Manual,19.01,1462.0,103.2,6,13.997832948091215,chennai
Skoda Slavia,Skoda,Slavia,4,8413.0,1,Petrol,Manual,18.72,1498.0,147.52,5,14.395489600328839,chennai
Hyundai i20,Hyundai,i20,10,34460.0,1,Petrol,Manual,18.6,1197.0,81.83,5,13.327751835792448,chennai
Maruti Swift Dzire,Maruti,Swift Dzire,16,33886.0,1,Petrol,Manual,17.5,1298.0,85.8,5,12.73670383776449,chennai
Hyundai i20 Active,Hyundai,i20 Active,10,57910.0,2,Petrol,Manual,17.19,1197.0,81.86,5,13.232116033476537,chennai
Renault Triber,Renault,Triber,6,46233.0,2,Petrol,Manual,20.0,999.0,71.01,7,13.384729180332174,chennai
Honda City,Honda,City,9,60000.0,1,Petrol,Automatic,18.3,1498.0,119.35,5,13.76421831620775,chennai
Maruti Swift,Maruti,Swift,5,48979.0,1,Petrol,Manual,22.38,1197.0,88.5,5,13.47302165746721,chennai
MG Hector,MG,Hector,7,42000.0,1,Petrol,Automatic,13.96,1451.0,141.0,5,14.346139397261565,chennai
Ford Ecosport,Ford,Ecosport,10,106165.0,1,Diesel,Manual,22.77,1498.0,98.59,5,13.435714658591923,chennai
Datsun RediGO,Datsun,RediGO,8,91261.0,1,Petrol,Manual,22.7,799.0,53.64,5,12.6410997921206,chennai
Maruti Celerio,Maruti,Celerio,8,36711.0,1,Petrol,Manual,21.63,998.0,67.05,5,13.122365377402328,chennai
BMW 3 Series Gran Limousine,BMW,3 Series Gran Limousine,5,9000.0,1,Petrol,Automatic,15.3,1949.5,180.02499999999998,5,15.520258832020865,chennai
Maruti Baleno,Maruti,Baleno,8,30428.0,0,Petrol,Manual,21.4,1197.0,83.1,5,13.384729180332174,chennai
Renault KWID,Renault,KWID,8,49791.0,1,Petrol,Manual,23.01,999.0,67.0,5,12.793862088206213,chennai
MG Hector Plus,MG,Hector Plus,5,40000.0,1,Diesel,Manual,16.65,1949.5,167.67,6,14.444119750719839,chennai
Hyundai Xcent,Hyundai,Xcent,12,40000.0,2,Petrol,Manual,19.1,1197.0,82.0,5,13.017005083966255,chennai
Maruti Baleno,Maruti,Baleno,8,50000.0,2,Petrol,Automatic,21.4,1197.0,83.1,5,13.399996629152975,chennai
Maruti Vitara Brezza,Maruti,Vitara Brezza,7,60000.0,1,Diesel,Manual,24.3,1248.0,88.5,5,13.76421831620775,chennai
Volkswagen Ameo,Volkswagen,Ameo,9,60000.0,1,Petrol,Manual,17.0,1198.0,74.0,5,13.122365377402328,chennai
Ford Endeavour,Ford,Endeavour,9,70000.0,1,Diesel,Automatic,12.62,1949.5,158.0,7,14.686804342317648,chennai
Maruti Wagon R,Maruti,Wagon R,12,107158.0,2,Petrol,Manual,20.51,998.0,67.04,5,12.796636007394284,chennai
Hyundai Grand i10,Hyundai,Grand i10,7,90811.0,1,Petrol,Manual,18.9,1197.0,81.86,5,13.215855541983634,chennai
Ford Figo,Ford,Figo,14,76454.0,3,Petrol,Manual,15.6,1196.0,70.0,5,12.25486757159303,chennai
Maruti Swift,Maruti,Swift,5,57464.0,1,Petrol,Manual,22.38,1197.0,88.5,5,13.464535055593716,chennai
Honda Amaze,Honda,Amaze,7,95072.0,1,Petrol,Manual,19.5,1199.0,88.76,5,13.499430382731967,chennai
Honda City,Honda,City,12,51789.0,1,Petrol,Automatic,18.0,1497.0,117.3,5,13.45883704259595,chennai
Hyundai i20,Hyundai,i20,8,56028.0,2,Petrol,Manual,18.6,1197.0,81.83,5,13.335862167174314,chennai
Honda City,Honda,City,9,60000.0,1,Petrol,Manual,17.8,1497.0,117.3,5,13.493928313146206,chennai
Hyundai Grand i10 Nios,Hyundai,Grand i10 Nios,6,36460.0,1,Petrol,Manual,20.7,1197.0,81.86,5,13.339087971220277,chennai
Honda Amaze,Honda,Amaze,6,103249.0,1,Petrol,Manual,19.5,1199.0,88.76,5,13.437175577097312,chennai
Honda City,Honda,City,5,45568.0,1,Petrol,Manual,18.6,1498.0,119.35,5,13.76421831620775,chennai
Ford Endeavour,Ford,Endeavour,9,130000.0,1,Diesel,Automatic,12.62,1949.5,158.0,7,14.430696737594902,chennai
MG Hector Plus,MG,Hector Plus,5,60000.0,1,Diesel,Manual,16.65,1949.5,167.67,6,14.430696737594902,chennai
Skoda Rapid,Skoda,Rapid,13,100521.0,1,Diesel,Manual,20.5,1598.0,103.5,5,12.92391243868049,chennai
Volkswagen Ameo,Volkswagen,Ameo,7,42709.0,1,Petrol,Manual,19.44,999.0,75.0,5,13.25339339419516,chennai
Mahindra TUV 300,Mahindra,TUV 300,10,150000.0,2,Diesel,Manual,18.49,1493.0,100.0,7,13.217675375388819,chennai
Honda City,Honda,City,11,100000.0,1,Petrol,Manual,17.4,1497.0,117.3,5,13.304686600863562,chennai
Volkswagen Jetta,Volkswagen,Jetta,17,120000.0,3,Diesel,Manual,15.0,1896.0,105.0,5,12.328290278254423,chennai
Hyundai Elantra,Hyundai,Elantra,8,30000.0,1,Petrol,Automatic,14.62,1949.5,149.92,5,14.115615891155079,chennai
BMW 3 Series,BMW,3 Series,10,70000.0,1,Diesel,Automatic,22.69,1949.5,180.02499999999998,5,14.77102238760702,chennai
Hyundai Grand i10,Hyundai,Grand i10,12,104279.0,1,Petrol,Manual,18.9,1197.0,82.0,5,12.807655372286902,chennai
Hyundai i20 Active,Hyundai,i20 Active,8,73321.0,1,Petrol,Manual,17.19,1197.0,81.86,5,13.468787359304866,chennai
Hyundai Verna,Hyundai,Verna,9,50000.0,1,Petrol,Manual,17.0,1591.0,121.3,5,13.592368256649284,chennai
Hyundai Santro,Hyundai,Santro,8,34279.0,1,Petrol,Manual,20.3,1086.0,68.0,5,13.161586013632684,chennai
Hyundai i20,Hyundai,i20,10,55040.0,2,Petrol,Manual,18.6,1197.0,81.83,5,13.308014385419147,chennai
Hyundai Verna,Hyundai,Verna,8,39000.0,2,Diesel,Automatic,22.0,1582.0,126.2,5,13.864301674514206,chennai
Hyundai i20,Hyundai,i20,12,104336.0,2,Diesel,Manual,22.54,1396.0,88.73,5,13.210376086227196,chennai
Volvo S90,Volvo,S90,7,45000.0,3,Diesel,Automatic,18.0,1949.5,180.02499999999998,5,15.061105324750772,chennai
Honda City,Honda,City,6,69617.0,1,Petrol,Manual,18.6,1498.0,119.35,5,13.987782620655215,chennai
Hyundai i20,Hyundai,i20,10,47429.0,1,Petrol,Manual,18.6,1197.0,81.83,5,13.339087971220277,chennai
Maruti Swift,Maruti,Swift,11,67000.0,1,Petrol,Manual,21.21,1197.0,81.8,5,13.151924121391561,chennai
Volkswagen Polo,Volkswagen,Polo,10,80000.0,1,Petrol,Manual,16.2,1199.0,74.0,5,13.304686600863562,chennai
Volkswagen Polo,Volkswagen,Polo,8,27000.0,1,Petrol,Manual,18.78,999.0,75.0,5,13.560619598657233,chennai
Ford Ecosport,Ford,Ecosport,10,56000.0,2,Diesel,Manual,22.77,1498.0,98.59,5,13.377007146164305,chennai
Honda Amaze,Honda,Amaze,8,33379.0,1,Petrol,Manual,18.6,1199.0,88.76,5,13.384729180332174,chennai
Maruti Ciaz,Maruti,Ciaz,9,80000.0,1,Diesel,Manual,28.09,1248.0,88.5,5,13.45883704259595,chennai
Hyundai Xcent,Hyundai,Xcent,10,90000.0,1,Petrol,Manual,19.1,1197.0,82.0,5,12.987690762404629,chennai
Hyundai Xcent,Hyundai,Xcent,11,50197.0,1,Petrol,Manual,19.1,1197.0,82.0,5,13.038981768465277,chennai
Hyundai Accent,Hyundai,Accent,14,80000.0,2,Petrol,Manual,16.36,1495.0,93.7,5,12.429220196836383,chennai
Honda Jazz,Honda,Jazz,10,60611.0,0,Petrol,Manual,18.7,1199.0,88.7,5,13.161586013632684,chennai
Ford Ecosport,Ford,Ecosport,9,61120.0,3,Petrol,Manual,15.85,1499.0,110.4,5,13.246351123968212,chennai
Renault KWID,Renault,KWID,7,55415.0,1,Petrol,Manual,23.01,999.0,67.0,5,12.90669432231532,chennai
Jaguar F-Pace,Jaguar,F-Pace,8,52000.0,1,Diesel,Automatic,16.38,1949.5,177.0,5,15.414898336565054,chennai
Honda Jazz,Honda,Jazz,11,48579.0,1,Petrol,Manual,18.7,1199.0,88.7,5,13.155800087724673,chennai
Hyundai Xcent,Hyundai,Xcent,10,59532.0,2,Petrol,Manual,19.1,1197.0,82.0,5,13.014780393893403,chennai
Honda City,Honda,City,12,152115.125,2,Petrol,Manual,17.0,1497.0,180.02499999999998,5,13.02805489573287,chennai
Volkswagen Jetta,Volkswagen,Jetta,12,113231.0,1,Petrol,Manual,14.69,1390.0,120.3,5,13.3739015584285,chennai
Mahindra TUV 300,Mahindra,TUV 300,8,106338.0,2,Diesel,Manual,18.49,1493.0,100.0,7,13.465954500233115,chennai
Tata Altroz,Tata,Altroz,5,40629.0,1,Diesel,Manual,23.64,1497.0,88.77,5,13.697853639354802,chennai
Maruti Swift Dzire,Maruti,Swift Dzire,10,73341.0,2,Diesel,Automatic,26.59,1248.0,74.0,5,13.339087971220277,chennai
BMW 3 Series,BMW,3 Series,15,39001.0,2,Diesel,Automatic,22.69,1949.5,180.02499999999998,5,14.151983508870947,chennai
Honda City,Honda,City,12,81532.0,1,Petrol,Manual,17.4,1497.0,117.6,5,13.353476685668044,chennai
Honda City,Honda,City,11,108818.0,1,Petrol,Manual,17.4,1497.0,117.6,5,13.180634172318978,chennai
Maruti Baleno,Maruti,Baleno,9,35419.0,1,Petrol,Manual,21.01,1197.0,81.8,5,13.426904041847699,chennai
Mercedes-Benz C-Class,Mercedes-Benz,C-Class,15,80000.0,2,Diesel,Automatic,19.71,1949.5,180.02499999999998,5,13.997832948091215,chennai
Renault Fluence,Renault,Fluence,12,100000.0,2,Diesel,Manual,20.4,1461.0,108.45,5,13.169248871698304,chennai
Audi A4,Audi,A4,12,12000.0,1,Diesel,Automatic,17.11,1949.5,174.33,5,14.580978865220017,chennai
Hyundai Verna,Hyundai,Verna,15,70001.0,1,Diesel,Manual,22.32,1582.0,126.32,5,13.42246945133505,chennai
Hyundai Xcent,Hyundai,Xcent,12,61331.0,1,Diesel,Manual,24.4,1120.0,71.01,5,13.060490101343552,chennai
Honda Amaze,Honda,Amaze,12,51438.0,1,Diesel,Manual,25.8,1498.0,98.6,5,13.180634172318978,chennai
Hyundai Santro,Hyundai,Santro,7,67988.0,1,Petrol,Manual,20.3,1086.0,68.0,5,13.045484492893253,chennai
Honda Jazz,Honda,Jazz,7,36032.0,2,Petrol,Automatic,18.2,1199.0,88.7,5,13.49668313203053,chennai
Honda City,Honda,City,11,114883.0,1,Petrol,Manual,17.4,1497.0,117.6,5,13.151924121391561,chennai
Maruti Swift Dzire,Maruti,Swift Dzire,10,88584.0,1,Petrol,Manual,22.41,1197.0,88.5,5,13.212205909556012,chennai
Maruti Ritz,Maruti,Ritz,14,97419.0,2,Diesel,Manual,23.2,1248.0,73.94,5,12.634606283893019,chennai
BMW X3,BMW,X3,7,70000.0,1,Petrol,Automatic,13.17,1949.5,180.02499999999998,5,15.38412668421143,chennai
Ford Ecosport,Ford,Ecosport,11,106498.0,2,Diesel,Manual,22.7,1498.0,89.84,5,13.178745601197818,chennai
BMW X3,BMW,X3,7,70000.0,1,Petrol,Automatic,13.17,1949.5,180.02499999999998,5,15.38412668421143,chennai
Maruti Swift,Maruti,Swift,10,68177.0,2,Diesel,Manual,25.2,1248.0,74.0,5,13.343907249914384,chennai
Skoda Slavia,Skoda,Slavia,4,27524.0,1,Petrol,Manual,18.72,1498.0,147.52,5,14.412147388804017,chennai
Maruti SX4 S Cross,Maruti,SX4 S Cross,9,75471.0,1,Diesel,Manual,23.65,1248.0,88.5,5,13.652992804936396,chennai
Honda Amaze,Honda,Amaze,5,8000.0,1,Petrol,Manual,18.6,1199.0,88.5,5,13.521140839642674,chennai
Citroen C5 Aircross,Citroen,C5 Aircross,4,20000.0,1,Diesel,Automatic,18.6,1949.5,174.33,5,14.914123179965662,chennai
Maruti Alto K10,Maruti,Alto K10,9,60730.0,1,Petrol,Manual,23.95,998.0,67.05,5,12.644330802262578,chennai
Maruti Swift Dzire,Maruti,Swift Dzire,10,44494.0,2,Petrol,Manual,20.85,1197.0,83.14,5,13.112315061750808,chennai
Maruti Ertiga,Maruti,Ertiga,9,20000.0,1,Petrol,Manual,17.5,1373.0,91.1,7,13.592368256649284,chennai
Tata Nexon,Tata,Nexon,7,45673.0,1,Diesel,Automatic,21.5,1497.0,108.5,5,13.623139877437296,chennai
Toyota Fortuner,Toyota,Fortuner,6,26000.0,1,Diesel,Manual,14.24,1949.5,174.5,7,15.089476013830486,chennai
Hyundai Verna,Hyundai,Verna,9,51878.0,1,Petrol,Manual,17.01,1591.0,121.3,5,13.559328444560693,chennai
Nissan Micra,Nissan,Micra,9,56747.0,1,Petrol,Automatic,19.15,1198.0,75.94,5,13.171155446333852,chennai
Maruti Swift,Maruti,Swift,8,38000.0,1,Petrol,Manual,20.4,1197.0,81.8,5,13.304686600863562,chennai
Hyundai i20,Hyundai,i20,10,76457.0,2,Petrol,Manual,18.6,1197.0,81.83,5,13.274227444925158,chennai
Honda Jazz,Honda,Jazz,9,78880.0,2,Petrol,Manual,18.7,1199.0,88.7,5,13.219491903015438,chennai
Maruti Swift Dzire,Maruti,Swift Dzire,11,19593.0,1,Petrol,Manual,20.85,1197.0,83.14,5,13.171155446333852,chennai
Hyundai i20,Hyundai,i20,10,84429.0,1,Petrol,Manual,18.6,1197.0,81.83,5,13.275944180597024,chennai
Hyundai i20,Hyundai,i20,5,27599.0,1,Diesel,Manual,25.0,1493.0,98.63,5,13.623139877437296,chennai
Renault Triber,Renault,Triber,6,76898.0,1,Petrol,Manual,20.0,999.0,71.01,7,13.415034483903348,chennai
Volkswagen Polo,Volkswagen,Polo,13,119070.0,2,Petrol,Manual,16.47,1198.0,73.9,5,12.889172015485954,chennai
Maruti Swift Dzire,Maruti,Swift Dzire,9,32199.0,1,Petrol,Manual,20.85,1197.0,83.14,5,13.28787951079572,chennai
Tata Tiago,Tata,Tiago,10,85607.0,1,Petrol,Manual,23.84,1199.0,84.0,5,12.899222326086994,chennai
Maruti Baleno,Maruti,Baleno,7,30000.0,1,Petrol,Manual,21.4,1197.0,83.1,5,13.45883704259595,chennai
Mahindra TUV 300,Mahindra,TUV 300,9,80000.0,1,Diesel,Manual,18.49,1493.0,100.0,7,13.45883704259595,chennai
Honda Jazz,Honda,Jazz,10,45429.0,1,Petrol,Automatic,19.0,1199.0,88.7,5,13.296318365198623,chennai
Renault KWID,Renault,KWID,7,9000.0,1,Petrol,Manual,22.25,799.0,53.26,5,13.038981768465277,chennai
Maruti Alto 800,Maruti,Alto 800,7,31000.0,1,Petrol,Manual,24.7,796.0,47.3,5,12.886643575525625,chennai
Volkswagen Polo,Volkswagen,Polo,13,81488.0,1,Diesel,Manual,20.14,1498.0,88.8,5,12.983101310070822,chennai
Volkswagen Polo,Volkswagen,Polo,7,94439.0,1,Petrol,Manual,18.78,999.0,75.0,5,13.4090464510229,chennai
Maruti Swift,Maruti,Swift,13,98481.0,3,Petrol,Manual,22.38,1197.0,88.5,5,12.847929163278053,chennai
Maruti Baleno,Maruti,Baleno,8,20000.0,1,Petrol,Manual,21.4,1197.0,83.1,5,13.45883704259595,chennai
Volkswagen Vento,Volkswagen,Vento,10,100894.0,2,Diesel,Automatic,22.15,1498.0,108.6,5,13.447342679685468,chennai
Maruti Swift,Maruti,Swift,10,86215.0,1,Diesel,Manual,25.2,1248.0,74.0,5,13.28787951079572,chennai
Volkswagen Polo,Volkswagen,Polo,9,98115.0,2,Petrol,Manual,16.2,1199.0,74.0,5,13.161586013632684,chennai
Maruti Swift Dzire,Maruti,Swift Dzire,7,47125.0,1,Petrol,Manual,17.5,1298.0,85.8,5,13.451668563394815,chennai
Maruti Wagon R,Maruti,Wagon R,4,4453.0,1,Petrol,Manual,23.56,1197.0,88.5,5,13.316285717486736,chennai
Tata Punch,Tata,Punch,4,9991.0,1,Petrol,Manual,20.09,1199.0,86.63,5,13.441545570402797,chennai
Maruti Wagon R,Maruti,Wagon R,5,4564.0,1,Petrol,Manual,18.9,998.0,67.1,5,13.399996629152975,chennai
Ford Figo,Ford,Figo,14,108713.0,1,Diesel,Manual,20.0,1399.0,68.0,5,12.429220196836383,chennai
Honda City,Honda,City,5,13000.0,1,Petrol,Manual,18.6,1498.0,119.35,5,14.034646891093473,chennai
Honda WR-V,Honda,WR-V,9,55450.0,2,Petrol,Manual,17.5,1199.0,88.7,5,13.26212705890841,chennai
Hyundai Creta,Hyundai,Creta,10,49000.0,1,Petrol,Manual,13.0,1591.0,121.3,5,13.64709190633931,chennai
Hyundai Xcent,Hyundai,Xcent,11,86694.0,1,Petrol,Manual,20.14,1197.0,81.86,5,12.91164481522143,chennai
Maruti Swift Dzire,Maruti,Swift Dzire,13,150000.0,2,Diesel,Manual,23.4,1248.0,74.0,5,12.611541086966115,chennai
Honda City,Honda,City,7,25284.0,0,Petrol,Manual,17.4,1497.0,117.6,5,13.73755009757506,chennai
Toyota Glanza,Toyota,Glanza,5,30000.0,1,Petrol,Manual,21.01,1197.0,81.8,5,13.527829818844937,chennai
BMW 3 Series,BMW,3 Series,11,109000.0,2,Diesel,Automatic,18.88,1949.5,180.02499999999998,5,14.077875591662238,chennai
Kia Carens,Kia,Carens,4,4605.0,1,Petrol,Manual,16.2,1353.0,138.05,6,14.354340961570264,chennai
Kia Sonet,Kia,Sonet,6,49218.0,1,Petrol,Manual,18.2,998.0,118.36,5,13.740787011768338,chennai
Honda City,Honda,City,5,45568.0,1,Petrol,Manual,18.6,1498.0,119.35,5,13.76421831620775,chennai
Tata Punch,Tata,Punch,4,36035.0,1,Petrol,Manual,20.09,1199.0,86.63,5,13.461690107508359,chennai
Mahindra XUV300,Mahindra,XUV300,6,45242.0,1,Diesel,Manual,20.1,1497.0,115.05,5,13.64709190633931,chennai
Land Rover Discovery Sport,Land,Rover Discovery Sport,8,38000.0,2,Diesel,Automatic,12.51,1949.5,180.02499999999998,7,15.061105324750772,chennai
Tata Tiago,Tata,Tiago,7,52979.0,1,Petrol,Automatic,23.84,1199.0,83.83,5,13.148033073468746,chennai
Honda Amaze,Honda,Amaze,11,67130.0,2,Diesel,Manual,24.7,1498.0,98.63,5,13.25339339419516,chennai
Honda BR-V,Honda,BR-V,8,19595.0,1,Petrol,Manual,15.4,1497.0,117.3,7,13.654168582642953,chennai
BMW 3 Series Gran Limousine,BMW,3 Series Gran Limousine,4,15000.0,1,Diesel,Automatic,19.62,1949.5,180.02499999999998,5,15.571643022260735,chennai
Maruti Celerio,Maruti,Celerio,12,67558.0,1,Petrol,Manual,23.1,998.0,67.04,5,12.821260987319457,chennai
Hyundai Alcazar,Hyundai,Alcazar,5,40000.0,1,Petrol,Manual,14.5,1949.5,156.9,6,14.45736497045232,chennai
Volkswagen Polo,Volkswagen,Polo,12,55664.0,1,Petrol,Manual,16.47,1198.0,74.0,5,13.038981768465277,chennai
Volkswagen Polo,Volkswagen,Polo,12,55664.0,1,Petrol,Manual,16.47,1198.0,74.0,5,13.038981768465277,chennai
Hyundai i20,Hyundai,i20,13,109324.0,1,Diesel,Manual,21.9,1396.0,180.02499999999998,5,12.807655372286902,chennai
Skoda Kodiaq,Skoda,Kodiaq,8,118008.0,1,Diesel,Automatic,16.25,1949.5,148.0,7,14.77102238760702,chennai
Renault Duster,Renault,Duster,10,72000.0,1,Diesel,Manual,19.72,1461.0,108.45,5,13.579789490265188,chennai
Maruti Swift,Maruti,Swift,13,86630.0,1,Diesel,Manual,22.9,1248.0,74.0,5,13.017005083966255,chennai
Maruti Wagon R,Maruti,Wagon R,12,82476.0,1,Petrol,Manual,20.51,998.0,67.04,5,12.821260987319457,chennai
Hyundai Grand i10 Nios,Hyundai,Grand i10 Nios,7,27749.0,2,Petrol,Automatic,20.7,1197.0,81.86,5,13.407543823396258,chennai
Hyundai Venue,Hyundai,Venue,6,21609.0,1,Petrol,Automatic,18.15,998.0,118.35,5,13.850878667052065,chennai
Honda City,Honda,City,7,89609.0,1,Petrol,Manual,16.0,1493.0,106.0,5,13.681980308196241,chennai
Ford Freestyle,Ford,Freestyle,7,83556.0,2,Diesel,Manual,24.4,1498.0,98.63,5,13.197472705176983,chennai
Tata Punch,Tata,Punch,4,31513.0,1,Petrol,Manual,20.09,1199.0,86.63,5,13.649457154271039,chennai
Honda City,Honda,City,10,45939.0,1,Petrol,Manual,17.4,1497.0,117.6,5,13.534474352733596,chennai
Tata Tiago,Tata,Tiago,6,40531.0,1,Petrol,Manual,19.01,1199.0,84.82,5,13.114333221834064,chennai
Mahindra Bolero,Mahindra,Bolero,17,120000.0,3,Diesel,Manual,13.6,1949.5,180.02499999999998,7,12.834683971615659,chennai
Maruti Vitara Brezza,Maruti,Vitara Brezza,6,17663.0,1,Petrol,Automatic,18.76,1462.0,103.26,5,13.824471290415532,chennai
Hyundai Grand i10,Hyundai,Grand i10,13,77706.0,3,Petrol,Manual,18.9,1197.0,82.0,5,12.733758336210744,chennai
Audi Q7,Audi,Q7,10,49000.0,1,Diesel,Automatic,14.75,1949.5,180.02499999999998,7,15.404745967162468,chennai
Volvo XC 90,Volvo,XC 90,7,60000.0,1,Diesel,Automatic,17.2,1949.5,180.02499999999998,7,15.732433317205148,chennai
BMW 3 Series,BMW,3 Series,8,35000.0,1,Diesel,Automatic,20.37,1949.5,180.02499999999998,5,15.039286283703994,chennai
Jaguar F-Pace,Jaguar,F-Pace,8,54000.0,1,Diesel,Automatic,16.38,1949.5,177.0,5,15.424948670398354,chennai
Honda New Accord,Honda,New Accord,16,110000.0,1,Petrol,Manual,12.8,1949.5,177.6,5,13.159661088928443,chennai
Audi Q7,Audi,Q7,13,135000.0,2,Diesel,Automatic,12.07,1949.5,180.02499999999998,7,14.580978865220017,chennai
Audi A4,Audi,A4,14,80000.0,1,Diesel,Automatic,17.11,1949.5,174.33,5,14.187074804051692,chennai
Maruti SX4 S Cross,Maruti,SX4 S Cross,8,72020.0,1,Diesel,Manual,23.65,1248.0,88.5,5,13.623139877437296,chennai
Toyota Innova Crysta,Toyota,Innova Crysta,9,98000.0,1,Diesel,Manual,13.68,1949.5,147.8,7,14.430696737594902,chennai
Maruti Alto,Maruti,Alto,19,36385.0,0,Petrol,Manual,19.7,796.0,46.3,5,12.013706813470414,chennai
Hyundai Alcazar,Hyundai,Alcazar,4,4259.0,1,Diesel,Manual,20.4,1493.0,113.98,7,14.504148085306378,chennai
Tata Harrier,Tata,Harrier,5,12925.0,1,Diesel,Automatic,14.6,1949.5,167.67,5,14.505653731008309,chennai
Volkswagen Taigun,Volkswagen,Taigun,4,27000.0,1,Petrol,Automatic,17.88,1498.0,147.51,5,14.31325155008416,chennai
Tata Nexon,Tata,Nexon,7,27425.0,2,Petrol,Manual,17.0,1198.0,108.5,5,13.4856180275228,chennai
Maruti Celerio,Maruti,Celerio,5,13126.0,1,Petrol,Automatic,26.0,998.0,65.71,5,13.358227280903897,chennai
Maruti Ertiga,Maruti,Ertiga,8,57000.0,1,Petrol,Manual,19.34,1462.0,103.0,7,13.591117476312084,chennai
Maruti Baleno,Maruti,Baleno,6,24500.0,2,Petrol,Automatic,21.4,1197.0,83.1,5,13.66585094484938,chennai
Maruti Swift Dzire,Maruti,Swift Dzire,6,40000.0,1,Petrol,Manual,22.41,1197.0,88.5,5,13.321215875492413,chennai
Renault Triber,Renault,Triber,5,27216.0,1,Petrol,Manual,20.0,999.0,71.01,7,13.52649559761195,chennai
Tata Tiago,Tata,Tiago,5,12060.0,1,Petrol,Manual,19.01,1199.0,84.82,5,13.381647518543097,chennai
Maruti Swift Dzire,Maruti,Swift Dzire,17,150000.0,1,Diesel,Manual,19.3,1248.0,73.9,5,12.429220196836383,chennai
Hyundai EON,Hyundai,EON,14,46931.0,2,Petrol,Manual,21.1,814.0,55.2,5,12.487488878546145,chennai
Volkswagen Polo,Volkswagen,Polo,12,60000.0,1,Petrol,Manual,16.47,1198.0,73.9,5,13.102162710901053,chennai
Kia Seltos,Kia,Seltos,6,45787.0,1,Petrol,Manual,16.5,1353.0,138.08,5,14.279245203127035,chennai
Tata Indigo,Tata,Indigo,17,80000.0,2,Petrol,Manual,14.4,1396.0,65.0,5,11.643953727376633,chennai
Honda Amaze,Honda,Amaze,12,44000.0,1,Diesel,Manual,25.8,1498.0,98.6,5,13.07107218827772,chennai
Honda Amaze,Honda,Amaze,6,4786.0,1,Petrol,Automatic,18.3,1199.0,88.76,5,13.788140388916844,chennai
Hyundai i20,Hyundai,i20,8,39024.0,1,Petrol,Manual,18.6,1197.0,81.83,5,13.353476685668044,chennai
BMW 3 Series Gran Limousine,BMW,3 Series Gran Limousine,4,6000.0,1,Petrol,Automatic,15.3,1949.5,180.02499999999998,5,15.581952390148196,chennai
Tata Nano,Tata,Nano,12,40000.0,1,Petrol,Manual,25.4,745.5,37.5,4,11.918397239722838,chennai
Hyundai Creta,Hyundai,Creta,8,114386.0,1,Petrol,Manual,15.8,1591.0,121.3,5,13.62556118319494,chennai
Renault Triber,Renault,Triber,4,27369.0,1,Petrol,Manual,20.0,999.0,71.01,7,13.480039220276565,chennai
Toyota Innova Crysta,Toyota,Innova Crysta,7,58000.0,1,Diesel,Manual,13.68,1949.5,147.51,7,14.557448378884015,chennai
Hyundai Grand i10,Hyundai,Grand i10,7,16561.0,2,Petrol,Manual,18.9,1197.0,81.86,5,13.251637470576167,chennai
Renault KWID,Renault,KWID,5,23328.0,1,Petrol,Manual,21.74,999.0,67.0,5,13.102162710901053,chennai
Maruti S-Presso,Maruti,S-Presso,6,16473.0,1,Petrol,Manual,21.7,998.0,65.71,5,13.091904169919621,chennai
Honda Brio,Honda,Brio,9,46375.0,2,Petrol,Manual,18.5,1198.0,86.8,5,13.021437458814368,chennai
Maruti S-Presso,Maruti,S-Presso,6,16473.0,1,Petrol,Manual,21.7,998.0,65.71,5,13.091904169919621,chennai
Maruti Baleno,Maruti,Baleno,9,91799.0,1,Petrol,Automatic,21.4,1197.0,83.1,5,13.340696979437066,chennai
Hyundai i20,Hyundai,i20,10,38919.0,3,Petrol,Manual,18.6,1197.0,81.83,5,13.224921770781943,chennai
Maruti Wagon R,Maruti,Wagon R,10,70235.0,1,Petrol,Manual,18.9,998.0,67.1,5,12.834683971615659,chennai
Honda Amaze,Honda,Amaze,6,3989.0,1,Petrol,Automatic,18.3,1199.0,88.76,5,13.78195480856106,chennai
Honda Amaze,Honda,Amaze,11,91773.0,1,Diesel,Manual,24.7,1498.0,98.63,5,13.07107218827772,chennai
Maruti Alto 800,Maruti,Alto 800,7,60000.0,2,Petrol,Manual,22.05,796.0,47.33,5,12.676079399771027,chennai
Honda Amaze,Honda,Amaze,8,28906.0,1,Petrol,Manual,18.6,1199.0,88.76,5,13.451668563394815,chennai
Maruti Celerio,Maruti,Celerio,10,150000.0,1,Diesel,Manual,27.62,793.0,47.0,5,12.765691290604371,chennai
Hyundai i20,Hyundai,i20,17,70000.0,3,Petrol,Manual,17.0,1197.0,180.02499999999998,5,12.429220196836383,chennai
Mahindra XUV500,Mahindra,XUV500,9,70000.0,1,Diesel,Manual,16.0,1949.5,140.0,7,14.038654909278163,chennai
Maruti Alto 800,Maruti,Alto 800,12,43428.0,1,Petrol,Manual,22.74,796.0,47.3,5,12.468440756144114,chennai
Chevrolet Beat,Chevrolet,Beat,13,67000.0,1,Diesel,Manual,25.44,936.0,57.6,5,12.560247968016562,chennai
Maruti Baleno,Maruti,Baleno,9,70528.0,1,Petrol,Automatic,21.4,1197.0,83.1,5,13.331003865890963,chennai
Hyundai i20,Hyundai,i20,10,35413.0,1,Petrol,Manual,18.6,1197.0,81.83,5,13.29463628184505,chennai
Maruti Alto 800,Maruti,Alto 800,8,40000.0,2,Petrol,Manual,24.7,796.0,47.3,5,12.676079399771027,chennai
Honda Jazz,Honda,Jazz,9,66285.0,1,Petrol,Automatic,19.0,1199.0,88.7,5,13.380103119076898,chennai
Kia Seltos,Kia,Seltos,7,83129.0,1,Petrol,Automatic,16.5,1353.0,138.08,5,14.151983508870947,chennai
Honda City,Honda,City,10,87055.0,1,Petrol,Manual,17.4,1497.0,117.6,5,13.304686600863562,chennai
Hyundai Grand i10,Hyundai,Grand i10,7,37218.0,2,Petrol,Manual,18.9,1197.0,81.86,5,13.132315688453556,chennai
Hyundai Venue,Hyundai,Venue,7,60000.0,1,Petrol,Manual,18.27,998.0,118.35,5,13.710151153416941,chennai
Hyundai i20,Hyundai,i20,7,33640.0,1,Petrol,Manual,18.6,1197.0,81.86,5,13.500801182986649,chennai
Ford Freestyle,Ford,Freestyle,6,23608.0,1,Petrol,Manual,18.5,1194.0,94.93,5,13.381647518543097,chennai
Hyundai i20,Hyundai,i20,13,22353.0,1,Petrol,Manual,18.5,1197.0,82.85,5,12.983101310070822,chennai
Skoda Rapid,Skoda,Rapid,9,120000.0,1,Diesel,Automatic,21.72,1498.0,108.6,5,13.710151153416941,chennai
Honda City,Honda,City,8,54241.0,1,Petrol,Manual,17.4,1497.0,117.3,5,13.51440681653079,chennai
Maruti Wagon R,Maruti,Wagon R,14,86173.0,1,Petrol,Manual,21.79,998.0,67.05,5,12.676079399771027,chennai
Hyundai i10,Hyundai,i10,15,91143.0,1,Petrol,Manual,20.36,1197.0,78.9,5,12.59473402514672,chennai
Mahindra TUV 300,Mahindra,TUV 300,10,36000.0,1,Diesel,Manual,18.49,1493.0,100.0,7,13.579789490265188,chennai
Honda City,Honda,City,11,108818.0,1,Petrol,Manual,17.4,1497.0,117.3,5,13.180634172318978,chennai
Volkswagen Polo,Volkswagen,Polo,15,120000.0,2,Diesel,Manual,22.07,1199.0,73.9,5,12.660331092405906,chennai
Mercedes-Benz C-Class,Mercedes-Benz,C-Class,18,107000.0,2,Diesel,Automatic,14.84,1949.5,170.0,5,13.652992804936396,chennai
Honda City,Honda,City,12,90530.0,1,Petrol,Manual,17.0,1497.0,180.02499999999998,5,13.25339339419516,chennai
Hyundai i20,Hyundai,i20,10,77957.0,1,Petrol,Manual,18.6,1197.0,81.83,5,13.263864675787632,chennai
Hyundai Creta,Hyundai,Creta,9,81394.0,2,Petrol,Manual,13.0,1591.0,121.3,5,13.643536480872214,chennai
Maruti Ciaz,Maruti,Ciaz,9,64341.0,1,Petrol,Manual,20.73,1373.0,91.1,5,13.42246945133505,chennai
Hyundai Grand i10,Hyundai,Grand i10,9,33407.0,1,Petrol,Manual,18.9,1197.0,81.86,5,13.157732451741687,chennai
Datsun RediGO,Datsun,RediGO,5,14811.0,1,Petrol,Manual,20.71,799.0,53.64,5,12.891694078557842,chennai
Skoda Rapid,Skoda,Rapid,9,37000.0,1,Petrol,Manual,14.3,1598.0,103.2,5,13.560619598657233,chennai
Jeep Compass,Jeep,Compass,9,49326.0,2,Diesel,Manual,17.1,1949.5,170.0,5,13.96909050352514,chennai
Honda New Accord,Honda,New Accord,17,120000.0,3,Petrol,Manual,10.25,1949.5,180.0,5,13.017005083966255,chennai
Tata Tiago NRG,Tata,Tiago NRG,4,4939.0,1,Petrol,Automatic,20.09,1199.0,84.48,5,13.503537159062734,chennai
Ford Ecosport,Ford,Ecosport,12,82620.0,1,Petrol,Automatic,16.5,1499.0,110.0,5,13.265599278590988,chennai
Skoda Superb,Skoda,Superb,17,60000.0,2,Petrol,Manual,13.14,1798.0,160.0,5,13.304686600863562,chennai
Volkswagen Polo,Volkswagen,Polo,11,86857.0,1,Diesel,Manual,20.14,1498.0,88.8,5,13.142166004700508,chennai
Mercedes-Benz C-Class,Mercedes-Benz,C-Class,16,70000.0,3,Diesel,Automatic,14.84,1949.5,170.0,5,13.710151153416941,chennai
Audi Q7,Audi,Q7,14,120000.0,2,Diesel,Automatic,11.33,1949.5,180.02499999999998,7,14.220976332738882,chennai
Maruti Wagon R,Maruti,Wagon R,4,14483.0,1,Petrol,Automatic,25.19,998.0,65.71,5,13.345508528717259,chennai
Ford Figo,Ford,Figo,10,36202.0,1,Petrol,Manual,18.16,1196.0,86.8,5,12.886643575525625,chennai
Datsun GO Plus,Datsun,GO Plus,9,30000.0,1,Petrol,Manual,19.44,1198.0,67.0,7,12.676079399771027,chennai
Ford Figo,Ford,Figo,9,70000.0,1,Diesel,Manual,24.29,1498.0,99.0,5,13.017005083966255,chennai
Datsun RediGO,Datsun,RediGO,5,24077.0,1,Petrol,Manual,20.71,799.0,53.64,5,12.899222326086994,chennai
Maruti Swift Dzire,Maruti,Swift Dzire,14,81985.0,1,Diesel,Manual,19.3,1248.0,73.9,5,13.091904169919621,chennai
Maruti Ertiga,Maruti,Ertiga,6,30000.0,2,Petrol,Automatic,17.99,1462.0,103.26,7,13.800397935382136,chennai
Honda City,Honda,City,9,91841.0,1,Petrol,Manual,17.8,1497.0,117.3,5,13.431319053559353,chennai
Ford Ecosport,Ford,Ecosport,10,64961.0,3,Petrol,Automatic,15.63,1499.0,110.4,5,13.339087971220277,chennai
Maruti Alto K10,Maruti,Alto K10,8,20950.0,1,Petrol,Automatic,23.95,998.0,67.05,5,12.92391243868049,chennai
Hyundai i20,Hyundai,i20,10,94348.0,2,Petrol,Manual,18.6,1197.0,81.83,5,13.132315688453556,chennai
Hyundai i20,Hyundai,i20,7,51744.0,1,Petrol,Manual,18.6,1197.0,81.86,5,13.470200785104238,chennai
Mahindra XUV500,Mahindra,XUV500,6,81152.0,2,Diesel,Automatic,15.1,1949.5,152.87,7,14.365942013023727,chennai
Honda Amaze,Honda,Amaze,8,19516.0,1,Petrol,Manual,18.6,1199.0,88.76,5,13.384729180332174,chennai
Maruti Swift,Maruti,Swift,5,29093.0,1,Petrol,Manual,18.6,1197.0,85.8,5,13.541075028051122,chennai
Honda Amaze,Honda,Amaze,8,54408.0,1,Diesel,Automatic,23.8,1498.0,78.9,5,13.573440270649085,chennai
Maruti Baleno,Maruti,Baleno,7,16000.0,1,Petrol,Manual,21.01,1197.0,81.8,5,13.521140839642674,chennai
Ford Endeavour,Ford,Endeavour,8,100000.0,1,Diesel,Automatic,12.62,1949.5,158.0,7,14.508658238524095,chennai
Datsun RediGO,Datsun,RediGO,10,56876.0,1,Petrol,Manual,22.7,799.0,53.64,5,12.506180941677357,chennai
Volkswagen Polo,Volkswagen,Polo,12,50000.0,1,Diesel,Manual,22.07,1199.0,73.9,5,13.017005083966255,chennai
Honda Amaze,Honda,Amaze,11,84505.0,2,Petrol,Manual,18.6,1199.0,88.76,5,12.948012371209098,chennai
Toyota Innova Crysta,Toyota,Innova Crysta,5,34000.0,1,Diesel,Automatic,12.0,1949.5,148.0,7,14.841552512220423,chennai
Maruti Wagon R,Maruti,Wagon R,6,22305.0,1,Petrol,Manual,21.79,998.0,67.05,5,13.217675375388819,chennai
Renault KWID,Renault,KWID,7,33573.0,1,Petrol,Manual,23.01,999.0,67.0,5,12.95039048795861,chennai
Datsun RediGO,Datsun,RediGO,7,33615.0,1,Petrol,Manual,22.7,799.0,53.64,5,12.621491384816093,chennai
Honda Jazz,Honda,Jazz,8,30000.0,2,Petrol,Automatic,18.2,1199.0,88.7,5,13.567050480716235,chennai
Tata Tigor,Tata,Tigor,6,34935.0,1,Petrol,Manual,20.3,1199.0,83.81,5,13.3739015584285,chennai
Maruti Celerio,Maruti,Celerio,8,66511.0,2,Petrol,Automatic,23.1,998.0,67.04,5,13.06896471037963,chennai
Toyota Camry,Toyota,Camry,5,24000.0,1,Petrol,Automatic,19.16,1949.5,157.7,5,15.250595321348806,chennai
Maruti Swift Dzire,Maruti,Swift Dzire,9,68979.0,1,Petrol,Manual,21.21,1197.0,81.8,5,13.375455557880317,chennai
Maruti Ertiga,Maruti,Ertiga,5,50000.0,1,Petrol,Manual,19.01,1462.0,103.26,7,13.997832948091215,chennai
Maruti Wagon R,Maruti,Wagon R,7,45161.0,2,Petrol,Automatic,20.51,998.0,67.0,5,13.159661088928443,chennai
Ford Ecosport,Ford,Ecosport,8,42917.0,1,Diesel,Manual,23.0,1498.0,98.96,5,13.606024566142413,chennai
Maruti Baleno,Maruti,Baleno,7,20000.0,1,Petrol,Manual,21.01,1197.0,81.8,5,13.493928313146206,chennai
Maruti Baleno,Maruti,Baleno,8,32000.0,1,Petrol,Automatic,19.56,1197.0,81.8,5,13.493928313146206,chennai
Hyundai i20,Hyundai,i20,7,40000.0,1,Diesel,Manual,22.54,1396.0,88.76,5,13.527829818844937,chennai
Honda City,Honda,City,6,29911.0,1,Petrol,Manual,17.4,1497.0,117.6,5,13.76421831620775,chennai
Hyundai Verna,Hyundai,Verna,8,23000.0,1,Petrol,Automatic,17.0,1591.0,121.3,5,13.73755009757506,chennai
Tata Zest,Tata,Zest,8,100000.0,2,Diesel,Manual,22.95,1248.0,74.0,5,13.171155446333852,chennai
Toyota Innova Crysta,Toyota,Innova Crysta,10,42000.0,1,Diesel,Manual,13.68,1949.5,147.8,7,14.444119750719839,chennai
Mercedes-Benz C-Class,Mercedes-Benz,C-Class,10,58000.0,1,Diesel,Automatic,19.27,1949.5,170.0,5,14.790070575320824,chennai
Maruti Swift,Maruti,Swift,11,53764.0,1,Diesel,Manual,25.2,1248.0,74.0,5,13.217675375388819,chennai
Hyundai Grand i10,Hyundai,Grand i10,11,61455.0,1,Petrol,Manual,18.9,1197.0,81.86,5,13.122365377402328,chennai
Jeep Compass,Jeep,Compass,8,52732.0,2,Petrol,Automatic,16.0,1368.0,160.0,5,14.005304956726446,chennai
Honda Jazz,Honda,Jazz,9,61159.0,2,Petrol,Automatic,19.0,1199.0,88.7,5,13.393917592315308,chennai
Hyundai i20,Hyundai,i20,16,90000.0,2,Petrol,Manual,17.0,1197.0,180.02499999999998,5,12.59473402514672,chennai
Honda Amaze,Honda,Amaze,11,95296.0,1,Petrol,Manual,18.0,1198.0,86.7,5,12.973863369085885,chennai
Hyundai Creta,Hyundai,Creta,8,106506.0,1,Petrol,Manual,15.8,1591.0,121.3,5,13.704578997256993,chennai
BMW 5 Series,BMW,5 Series,14,70000.0,2,Diesel,Automatic,16.73,1949.5,180.02499999999998,5,14.220976332738882,chennai
Hyundai Grand i10,Hyundai,Grand i10,11,108551.0,2,Petrol,Manual,18.9,1197.0,82.0,5,12.879019669789754,chennai
Honda Amaze,Honda,Amaze,12,54186.0,1,Diesel,Manual,25.8,1498.0,98.6,5,13.060490101343552,chennai
Honda Amaze,Honda,Amaze,8,106848.0,1,Petrol,Automatic,19.0,1199.0,88.76,5,13.495306671216452,chennai
Volkswagen Vento,Volkswagen,Vento,6,38464.0,2,Petrol,Automatic,16.35,999.0,108.62,5,13.838251022450393,chennai
Maruti Ignis,Maruti,Ignis,9,59841.0,1,Petrol,Manual,20.89,1197.0,81.8,5,13.122365377402328,chennai
BMW 3 Series Gran Limousine,BMW,3 Series Gran Limousine,5,3300.0,1,Diesel,Automatic,19.62,1949.5,180.02499999999998,5,15.53827733427679,chennai
Hyundai Alcazar,Hyundai,Alcazar,5,40000.0,1,Petrol,Automatic,14.2,1949.5,156.9,6,14.45736497045232,chennai
Maruti Alto K10,Maruti,Alto K10,8,20950.0,1,Petrol,Automatic,23.95,998.0,67.05,5,12.92391243868049,chennai
Jeep Compass,Jeep,Compass,8,50000.0,1,Diesel,Manual,17.1,1949.5,170.0,5,14.038654909278163,chennai
Tata Nano,Tata,Nano,12,39000.0,1,Petrol,Manual,25.4,745.5,37.5,4,11.736077016252437,chennai
Hyundai Creta,Hyundai,Creta,9,55927.0,1,Petrol,Manual,15.29,1591.0,121.3,5,13.713477832399123,chennai
Hyundai i20,Hyundai,i20,12,35325.0,2,Petrol,Manual,18.6,1197.0,81.83,5,13.098072734013513,chennai
Maruti Baleno,Maruti,Baleno,6,20000.0,2,Petrol,Manual,21.01,1197.0,81.8,5,13.399996629152975,chennai
Hyundai i20,Hyundai,i20,9,41248.0,1,Petrol,Manual,18.6,1197.0,81.83,5,13.311331132544721,chennai
Tata Tiago,Tata,Tiago,10,70076.0,1,Petrol,Manual,23.84,1199.0,84.0,5,12.940843898859598,chennai
Mahindra XUV300,Mahindra,XUV300,10,128398.0,1,Petrol,Manual,16.82,1197.0,108.62,5,12.91164481522143,chennai
Maruti Wagon R,Maruti,Wagon R,9,20973.0,3,Petrol,Automatic,20.51,998.0,67.0,5,13.003582093664077,chennai
Maruti Swift,Maruti,Swift,19,90000.0,2,Petrol,Manual,16.1,1298.0,88.2,5,12.301387370778713,chennai
Hyundai Aura,Hyundai,Aura,6,98807.0,1,Petrol,Manual,20.5,1197.0,81.86,5,13.329379172803593,chennai
Honda Amaze,Honda,Amaze,11,102249.0,2,Petrol,Manual,18.0,1198.0,86.7,5,12.889172015485954,chennai
Hyundai Grand i10,Hyundai,Grand i10,8,18837.0,1,Petrol,Automatic,18.9,1197.0,81.86,5,13.384729180332174,chennai
Jeep Compass,Jeep,Compass,8,50000.0,1,Diesel,Manual,17.1,1949.5,170.0,5,14.151983508870947,chennai
Hyundai EON,Hyundai,EON,14,120000.0,1,Petrol,Manual,21.1,814.0,55.2,5,12.25486757159303,chennai
Toyota Innova Crysta,Toyota,Innova Crysta,5,19000.0,1,Diesel,Automatic,12.0,1949.5,148.0,7,14.72175135802525,chennai
Maruti Alto 800,Maruti,Alto 800,6,10000.0,1,Petrol,Manual,22.05,796.0,47.33,5,12.899222326086994,chennai
Maruti Celerio,Maruti,Celerio,11,128876.0,1,Petrol,Automatic,21.63,998.0,67.05,5,12.765691290604371,chennai
Maruti Wagon R,Maruti,Wagon R,10,37942.0,0,Petrol,Manual,20.51,998.0,67.04,5,12.971542813248437,chennai
Hyundai Grand i10,Hyundai,Grand i10,8,37300.0,1,Petrol,Manual,18.9,1197.0,81.86,5,13.151924121391561,chennai
Mercedes-Benz GLC,Mercedes-Benz,GLC,9,30000.0,2,Diesel,Automatic,17.9,1949.5,170.0,5,15.137266664613225,chennai
Maruti Zen,Maruti,Zen,24,60000.0,1,Petrol,Manual,17.3,993.0,60.0,5,11.695255355062795,chennai
Hyundai i20,Hyundai,i20,12,82784.0,1,Diesel,Manual,22.54,1396.0,88.73,5,13.106236027992704,chennai
Maruti Swift Dzire,Maruti,Swift Dzire,5,63274.0,1,Petrol,Manual,22.41,1197.0,88.5,5,13.502170106720037,chennai
Maruti Alto K10,Maruti,Alto K10,11,87521.0,1,Petrol,Automatic,23.95,998.0,67.05,5,12.75130259456002,chennai
Hyundai i20 Active,Hyundai,i20 Active,9,77388.0,2,Petrol,Manual,17.19,1197.0,81.86,5,13.167338655091122,chennai
Maruti Wagon R,Maruti,Wagon R,12,114772.0,1,Petrol,Manual,20.51,998.0,67.04,5,12.618185607609803,chennai
Toyota Innova Crysta,Toyota,Innova Crysta,7,40000.0,1,Diesel,Manual,13.68,1949.5,147.8,7,14.648420115681892,chennai
Datsun GO Plus,Datsun,GO Plus,7,62493.0,2,Petrol,Manual,19.83,1198.0,67.0,7,13.122365377402328,chennai
Honda City,Honda,City,5,20000.0,1,Petrol,Manual,18.6,1498.0,119.35,5,14.115615891155079,chennai
Hyundai Santro,Hyundai,Santro,7,59985.0,1,Petrol,Manual,20.3,1086.0,68.0,5,13.064736383209516,chennai
Maruti Ciaz,Maruti,Ciaz,9,104073.0,2,Petrol,Manual,20.73,1373.0,91.1,5,13.242811303528269,chennai
Hyundai Xcent,Hyundai,Xcent,9,100000.0,2,Diesel,Manual,25.4,1186.0,73.97,5,12.92391243868049,chennai
Tata Tiago,Tata,Tiago,9,120000.0,1,Diesel,Manual,27.28,1047.0,69.0,5,13.060490101343552,chennai
Maruti Baleno,Maruti,Baleno,9,53819.0,1,Petrol,Automatic,21.4,1197.0,83.1,5,13.353476685668044,chennai
Ford Figo,Ford,Figo,10,98914.0,1,Diesel,Manual,25.83,1498.0,99.0,5,12.834683971615659,chennai
Volkswagen Ameo,Volkswagen,Ameo,9,110000.0,1,Diesel,Manual,21.66,1498.0,108.62,5,13.161586013632684,chennai
Mahindra XUV500,Mahindra,XUV500,11,110000.0,3,Diesel,Manual,16.0,1949.5,140.0,7,13.815511557963774,chennai
Honda City,Honda,City,4,4135.0,1,Petrol,Manual,17.4,1497.0,117.6,5,14.28363805337103,chennai
Hyundai i20,Hyundai,i20,7,35000.0,1,Petrol,Automatic,17.4,1197.0,81.86,5,13.592368256649284,chennai
Honda Jazz,Honda,Jazz,9,35983.0,1,Petrol,Manual,18.7,1199.0,88.7,5,13.26212705890841,chennai
Jeep Compass,Jeep,Compass,6,45000.0,1,Diesel,Manual,16.3,1949.5,170.63,5,14.53335083891935,chennai
Tata Harrier,Tata,Harrier,7,91109.0,1,Diesel,Manual,17.0,1949.5,138.1,5,14.167575592579956,chennai
Hyundai Xcent,Hyundai,Xcent,8,23325.0,1,Petrol,Manual,20.14,1197.0,81.86,5,13.239258908233676,chennai
Honda Jazz,Honda,Jazz,8,51690.0,1,Petrol,Automatic,18.2,1199.0,88.7,5,13.444448325847754,chennai
Hyundai i20 Active,Hyundai,i20 Active,9,69786.0,2,Petrol,Manual,17.19,1197.0,81.86,5,13.258642740896052,chennai
Tata Tigor,Tata,Tigor,8,53612.0,2,Petrol,Automatic,20.3,1199.0,83.81,5,13.232116033476537,chennai
Maruti Swift,Maruti,Swift,8,41502.0,1,Petrol,Manual,21.21,1197.0,81.8,5,13.270785106659046,chennai
Honda WR-V,Honda,WR-V,9,43841.0,2,Petrol,Manual,17.5,1199.0,88.7,5,13.435714658591923,chennai
Hyundai i20,Hyundai,i20,16,110000.0,2,Petrol,Manual,17.0,1197.0,180.02499999999998,5,12.577639650232573,chennai
Ford Ecosport,Ford,Ecosport,8,77380.0,1,Petrol,Automatic,14.8,1497.0,121.36,5,13.54370314700388,chennai
Maruti Baleno RS,Maruti,Baleno RS,8,69269.0,1,Petrol,Manual,21.1,998.0,100.5,5,13.404531777462488,chennai
Maruti SX4 S Cross,Maruti,SX4 S Cross,8,53060.0,1,Diesel,Manual,23.65,1248.0,88.5,5,13.676248490630767,chennai
Mitsubishi Cedia,Mitsubishi,Cedia,15,70000.0,2,Petrol,Manual,13.17,1949.5,114.0,5,12.676079399771027,chennai
Honda City,Honda,City,9,58071.0,1,Petrol,Manual,17.0,1497.0,180.02499999999998,5,13.527829818844937,chennai
BMW 2 Series,BMW,2 Series,3,500.0,1,Petrol,Automatic,14.82,1949.5,180.02499999999998,5,15.373655386537118,chennai
Ford Ecosport,Ford,Ecosport,5,40000.0,1,Diesel,Manual,21.7,1498.0,98.96,5,13.76421831620775,chennai
Maruti Ertiga,Maruti,Ertiga,6,20000.0,2,Petrol,Automatic,17.99,1462.0,103.26,7,13.840204146163925,chennai
Maruti Swift Dzire,Maruti,Swift Dzire,18,68283.0,2,Petrol,Manual,17.5,1298.0,85.8,5,12.409017571151187,chennai
Honda Amaze,Honda,Amaze,12,73045.0,0,Petrol,Manual,18.0,1198.0,86.7,5,12.886643575525625,chennai
Hyundai Creta,Hyundai,Creta,8,49000.0,1,Diesel,Manual,22.1,1396.0,88.7,5,13.8924725250259,chennai
Chevrolet Tavera,Chevrolet,Tavera,17,150000.0,1,Diesel,Manual,12.2,1949.5,80.0,10,12.206077645517674,chennai
Hyundai i20,Hyundai,i20,10,47547.0,2,Petrol,Manual,18.6,1197.0,81.83,5,13.317931805683793,chennai
Hyundai i20 Active,Hyundai,i20 Active,9,100844.0,2,Diesel,Manual,21.19,1396.0,88.73,5,13.455975814408239,chennai
Honda Amaze,Honda,Amaze,13,152115.125,1,Diesel,Manual,24.7,1498.0,98.63,5,12.721888795877375,chennai
Hyundai i20,Hyundai,i20,12,111275.0,1,Diesel,Manual,22.54,1396.0,88.73,5,13.126355398673866,chennai
Hyundai Creta,Hyundai,Creta,8,71770.0,2,Petrol,Automatic,14.8,1591.0,121.3,5,13.842153462620056,chennai
Hyundai Verna,Hyundai,Verna,7,40000.0,1,Petrol,Manual,17.0,1591.0,121.3,5,13.710151153416941,chennai
Honda WR-V,Honda,WR-V,9,55435.0,1,Petrol,Manual,17.5,1199.0,88.7,5,13.552847548877052,chennai
Maruti Swift Dzire,Maruti,Swift Dzire,10,51396.0,1,Petrol,Automatic,18.5,1197.0,83.14,5,13.296318365198623,chennai
Maruti Wagon R Stingray,Maruti,Wagon R Stingray,11,79063.0,2,Petrol,Manual,20.51,998.0,67.04,5,12.834683971615659,chennai
Maruti Ciaz,Maruti,Ciaz,11,89570.0,1,Petrol,Manual,20.73,1373.0,91.1,5,13.279368835614243,chennai
Hyundai Verna,Hyundai,Verna,14,50000.0,2,Petrol,Manual,17.01,1591.0,121.3,5,13.017005083966255,chennai
Tata New Safari,Tata,New Safari,4,30000.0,1,Diesel,Manual,16.14,1949.5,167.67,7,14.580978865220017,chennai
BMW 3 Series,BMW,3 Series,14,100000.0,2,Diesel,Automatic,18.88,1949.5,180.02499999999998,5,13.81049801614073,chennai
Honda City,Honda,City,5,18477.0,1,Petrol,Manual,17.0,1497.0,180.02499999999998,5,13.910821646859095,chennai
Volkswagen Polo,Volkswagen,Polo,12,120000.0,3,Petrol,Manual,16.47,1198.0,74.0,5,12.765691290604371,chennai
Maruti Ciaz,Maruti,Ciaz,8,77204.0,1,Petrol,Automatic,20.28,1462.0,103.25,5,13.500801182986649,chennai
BMW 5 Series,BMW,5 Series,14,70000.0,2,Diesel,Automatic,16.73,1949.5,180.02499999999998,5,13.815511557963774,chennai
Toyota Fortuner,Toyota,Fortuner,13,78000.0,1,Diesel,Manual,13.0,1949.5,168.5,7,14.398285239389985,chennai
BMW 3 Series,BMW,3 Series,14,55000.0,2,Diesel,Automatic,22.69,1949.5,180.02499999999998,5,14.115615891155079,chennai
Hyundai Grand i10,Hyundai,Grand i10,9,30272.0,1,Petrol,Manual,17.0,1197.0,81.86,5,13.142166004700508,chennai
Ford Ecosport,Ford,Ecosport,8,64285.0,1,Petrol,Manual,18.88,999.0,123.24,5,13.664688831019712,chennai
Hyundai i20,Hyundai,i20,12,76697.0,3,Diesel,Manual,22.54,1396.0,88.73,5,13.091904169919621,chennai
Mini 5 DOOR,Mini,5 DOOR,11,100000.0,1,Diesel,Automatic,20.7,1496.0,113.98,5,14.346139397261565,chennai
Maruti Swift Dzire,Maruti,Swift Dzire,9,95291.0,1,Petrol,Automatic,21.21,1197.0,81.8,5,13.362955414648066,chennai
Volkswagen Ameo,Volkswagen,Ameo,9,84005.0,1,Petrol,Manual,17.0,1198.0,73.75,5,13.255146239950099,chennai
Renault Kiger,Renault,Kiger,5,8000.0,1,Petrol,Automatic,19.03,999.0,71.01,5,13.623139877437296,chennai
Datsun RediGO,Datsun,RediGO,5,49254.0,1,Petrol,Manual,21.7,999.0,67.05,5,12.881567435377423,chennai
Kia Sonet,Kia,Sonet,5,20000.0,1,Diesel,Manual,18.4,1493.0,98.63,5,13.910821646859095,chennai
Hyundai Grand i10,Hyundai,Grand i10,10,97522.0,2,Petrol,Manual,18.9,1197.0,82.0,5,12.948012371209098,chennai
Ford Ecosport,Ford,Ecosport,9,34097.0,1,Petrol,Manual,18.88,999.0,123.24,5,13.464535055593716,chennai
Nissan Magnite,Nissan,Magnite,4,10000.0,1,Petrol,Automatic,17.4,999.0,98.63,5,13.76421831620775,chennai
Hyundai i20,Hyundai,i20,5,19252.0,0,Petrol,Manual,20.0,998.0,118.36,5,13.554147092530322,chennai
Fiat Grande Punto,Fiat,Grande Punto,16,80000.0,3,Petrol,Manual,14.6,1368.0,88.7,5,11.695255355062795,chennai
Maruti Swift Dzire,Maruti,Swift Dzire,5,25581.0,1,Petrol,Manual,20.85,1197.0,83.14,5,13.527829818844937,chennai
Skoda Kodiaq,Skoda,Kodiaq,4,34000.0,1,Petrol,Automatic,12.78,1949.5,180.02499999999998,7,15.137266664613225,chennai
BMW X1,BMW,X1,8,45000.0,1,Diesel,Automatic,20.68,1949.5,180.02499999999998,5,14.791955589305939,chennai
Renault KWID,Renault,KWID,7,20000.0,2,Petrol,Automatic,24.04,999.0,67.0,5,12.92391243868049,chennai
Nissan Magnite,Nissan,Magnite,5,20000.0,1,Petrol,Manual,20.0,999.0,98.63,5,13.864301674514206,chennai
Maruti Baleno,Maruti,Baleno,10,123394.0,1,Diesel,Manual,27.39,1248.0,74.0,5,13.340696979437066,chennai
Volkswagen Polo,Volkswagen,Polo,8,106275.0,2,Diesel,Manual,20.14,1498.0,88.0,5,13.500801182986649,chennai
Honda City,Honda,City,7,58416.0,1,Petrol,Manual,17.4,1497.0,117.6,5,13.76421831620775,chennai
Maruti Alto K10,Maruti,Alto K10,9,18704.0,2,Petrol,Manual,23.95,998.0,67.05,5,12.785493861878301,chennai
Honda City,Honda,City,11,27166.0,1,Petrol,Manual,17.4,1497.0,117.3,5,13.339087971220277,chennai
Honda City,Honda,City,6,30000.0,2,Petrol,Automatic,18.3,1498.0,119.35,5,13.933294482509151,chennai
Kia Seltos,Kia,Seltos,5,76384.0,1,Diesel,Automatic,18.0,1493.0,113.43,5,14.309597467853907,chennai
Hyundai Creta,Hyundai,Creta,9,45000.0,1,Diesel,Automatic,17.01,1582.0,126.2,5,14.010255457801716,chennai
Hyundai i20,Hyundai,i20,10,17160.0,1,Petrol,Manual,18.6,1197.0,81.83,5,13.361381852676738,chennai
Volkswagen Taigun,Volkswagen,Taigun,4,15817.0,1,Petrol,Manual,20.08,999.0,113.98,5,14.198048843556741,chennai
Renault KWID,Renault,KWID,5,10000.0,2,Petrol,Manual,21.74,999.0,67.0,5,13.122365377402328,chennai
Renault KWID,Renault,KWID,6,31268.0,0,Petrol,Manual,21.74,999.0,67.0,5,12.959846800844963,chennai
Maruti Celerio,Maruti,Celerio,7,7267.0,1,Petrol,Manual,23.1,998.0,67.04,5,13.122365377402328,chennai
Honda Jazz,Honda,Jazz,9,30000.0,2,Petrol,Manual,18.7,1199.0,88.7,5,13.217675375388819,chennai
Tata Nano,Tata,Nano,14,60000.0,2,Petrol,Manual,25.4,745.5,38.0,4,11.373674891823535,chennai
Mahindra Scorpio,Mahindra,Scorpio,13,100000.0,3,Diesel,Manual,12.05,1949.5,120.0,8,13.102162710901053,chennai
Honda Amaze,Honda,Amaze,12,152115.125,1,Petrol,Manual,18.6,1199.0,88.76,5,12.611541086966115,chennai
Honda WR-V,Honda,WR-V,8,30742.0,1,Petrol,Manual,17.5,1199.0,88.7,5,13.554147092530322,chennai
Maruti Swift,Maruti,Swift,12,110000.0,1,Diesel,Manual,25.2,1248.0,74.0,5,12.873904582205107,chennai
Ford Figo,Ford,Figo,16,132787.0,2,Diesel,Manual,20.0,1399.0,68.0,5,12.25486757159303,chennai
Tata Nexon,Tata,Nexon,5,29351.0,1,Diesel,Automatic,22.07,1497.0,108.49,5,13.915356797910956,chennai
Tata Nexon,Tata,Nexon,8,10048.0,1,Petrol,Manual,17.0,1198.0,108.5,5,13.493928313146206,chennai
Maruti Ciaz,Maruti,Ciaz,10,50000.0,2,Petrol,Manual,20.73,1373.0,91.1,5,13.270785106659046,chennai
Maruti Baleno,Maruti,Baleno,9,14696.0,1,Petrol,Automatic,21.4,1197.0,83.1,5,13.398480330934175,chennai
Renault KWID,Renault,KWID,10,27153.0,1,Petrol,Manual,25.17,799.0,53.3,5,12.782688818818986,chennai
Hyundai Grand i10,Hyundai,Grand i10,10,50000.0,1,Petrol,Manual,18.9,1197.0,82.0,5,13.081543466215237,chennai
Renault Triber,Renault,Triber,5,43879.0,1,Petrol,Manual,20.0,999.0,71.01,7,13.442998001373553,chennai
Volkswagen Polo,Volkswagen,Polo,9,40480.0,1,Petrol,Manual,16.2,1199.0,74.0,5,13.345508528717259,chennai
Ford Ecosport,Ford,Ecosport,8,32112.0,1,Petrol,Manual,17.0,1497.0,121.31,5,13.596109992928898,chennai
Maruti Celerio,Maruti,Celerio,9,31239.0,2,Petrol,Manual,25.24,998.0,65.71,5,13.153863982446317,chennai
Maruti Ciaz,Maruti,Ciaz,8,20000.0,1,Diesel,Manual,28.09,1248.0,88.5,5,13.76421831620775,chennai
Mahindra XUV500,Mahindra,XUV500,12,80000.0,2,Diesel,Manual,15.1,1949.5,140.0,7,13.623139877437296,chennai
Mahindra KUV 100 NXT,Mahindra,KUV 100 NXT,9,91112.0,1,Diesel,Manual,25.32,1198.0,77.0,6,12.834683971615659,chennai
Maruti Alto,Maruti,Alto,17,68767.0,0,Petrol,Manual,19.7,796.0,46.3,5,12.100717685412471,chennai
Kia Carens,Kia,Carens,4,30000.0,1,Petrol,Automatic,16.5,1353.0,138.05,6,14.45736497045232,chennai
Kia Sonet,Kia,Sonet,4,10000.0,1,Petrol,Manual,18.4,1197.0,81.86,5,13.710151153416941,chennai
Maruti Alto 800,Maruti,Alto 800,13,42600.0,1,Petrol,Manual,22.74,796.0,47.3,5,12.230765258120545,chennai
Maruti Baleno,Maruti,Baleno,5,13270.0,0,Petrol,Manual,21.01,1197.0,81.8,5,13.47302165746721,chennai
Maruti Swift Dzire,Maruti,Swift Dzire,7,40000.0,1,Petrol,Manual,21.21,1197.0,81.8,5,13.353476685668044,chennai
Honda City,Honda,City,9,22286.0,2,Petrol,Manual,17.8,1497.0,117.3,5,13.591117476312084,chennai
Maruti Wagon R,Maruti,Wagon R,4,12132.0,1,Petrol,Manual,20.52,1197.0,81.8,5,13.353476685668044,chennai
Tata Tiago,Tata,Tiago,8,79048.0,1,Petrol,Manual,19.01,1199.0,84.82,5,12.936036208848487,chennai
Tata Tiago,Tata,Tiago,10,48360.0,3,Petrol,Manual,23.84,1199.0,84.0,5,12.940843898859598,chennai
Renault KWID,Renault,KWID,10,54538.0,2,Petrol,Manual,25.17,799.0,53.3,5,12.718899265966332,chennai
Maruti Swift Dzire,Maruti,Swift Dzire,9,32157.0,1,Petrol,Manual,20.85,1197.0,83.14,5,13.28787951079572,chennai
Kia Seltos,Kia,Seltos,7,34182.0,1,Petrol,Manual,16.8,1497.0,113.43,5,13.844098014816186,chennai
Maruti Swift,Maruti,Swift,17,152115.125,1,Diesel,Manual,28.25,1248.0,74.0,5,12.429220196836383,chennai
Nissan Magnite,Nissan,Magnite,5,81508.0,1,Petrol,Manual,18.75,999.0,71.02,5,13.47442911525415,chennai
Tata Nexon,Tata,Nexon,6,42036.0,2,Petrol,Automatic,16.35,1199.0,118.36,5,13.76421831620775,chennai
Mercedes-Benz GLA Class,Mercedes-Benz,GLA Class,11,22500.0,1,Diesel,Automatic,13.0,1949.5,134.1,5,14.576316854287645,chennai
Chevrolet Aveo,Chevrolet,Aveo,18,80000.0,3,Petrol,Manual,14.49,1399.0,92.7,5,11.849404844423074,chennai
Honda WR-V,Honda,WR-V,9,29640.0,1,Petrol,Manual,17.5,1199.0,88.7,5,13.541075028051122,chennai
Land Rover Range Rover Velar,Land,Rover Range Rover Velar,8,52000.0,1,Diesel,Automatic,22.3,1949.5,177.0,5,15.76142084987672,chennai
Hyundai i20,Hyundai,i20,14,100000.0,3,Diesel,Manual,21.9,1396.0,88.76,5,12.611541086966115,chennai
Ford Ecosport,Ford,Ecosport,6,32000.0,1,Diesel,Manual,21.7,1498.0,98.96,5,13.8924725250259,chennai
Maruti Ciaz,Maruti,Ciaz,10,23678.0,2,Petrol,Manual,20.73,1373.0,91.1,5,13.384729180332174,chennai
Maruti Baleno,Maruti,Baleno,8,38502.0,1,Petrol,Manual,21.01,1197.0,81.8,5,13.429849547739444,chennai
Skoda Kodiaq,Skoda,Kodiaq,8,100000.0,1,Diesel,Automatic,16.25,1949.5,148.0,7,14.603968372873895,chennai
Ford Figo,Ford,Figo,6,30000.0,2,Petrol,Manual,18.5,1194.0,94.93,5,13.151924121391561,chennai
Hyundai Grand i10,Hyundai,Grand i10,7,40091.0,1,Petrol,Manual,18.9,1197.0,81.86,5,13.161586013632684,chennai
Renault KWID,Renault,KWID,10,48113.0,1,Petrol,Manual,25.17,799.0,53.3,5,12.748399843328054,chennai
Mercedes-Benz C-Class,Mercedes-Benz,C-Class,9,50000.0,1,Diesel,Automatic,19.27,1949.5,167.62,5,14.946912992035967,chennai
Hyundai Venue,Hyundai,Venue,5,50486.0,1,Petrol,Manual,18.27,998.0,118.35,5,13.73538559690802,chennai
Honda Jazz,Honda,Jazz,9,26465.0,1,Petrol,Automatic,19.0,1199.0,88.7,5,13.403022345492023,chennai
Mercedes-Benz C-Class,Mercedes-Benz,C-Class,18,50000.0,2,Petrol,Automatic,11.74,1796.0,180.02499999999998,5,13.527829818844937,chennai
Maruti Swift Dzire,Maruti,Swift Dzire,9,33246.0,1,Petrol,Automatic,21.21,1197.0,81.8,5,13.364526504411781,chennai
Ford Ecosport,Ford,Ecosport,7,30000.0,1,Diesel,Manual,23.0,1498.0,98.96,5,13.592368256649284,chennai
Renault KWID,Renault,KWID,5,31754.0,1,Petrol,Manual,21.74,999.0,67.0,5,13.025854679664231,chennai
Jeep Compass,Jeep,Compass,8,91992.0,2,Diesel,Manual,17.1,1949.5,170.0,5,13.984409939020326,chennai
Maruti Vitara Brezza,Maruti,Vitara Brezza,7,70000.0,1,Diesel,Manual,24.3,1248.0,88.5,5,13.541075028051122,chennai
Toyota Innova,Toyota,Innova,13,60000.0,1,Diesel,Manual,12.99,1949.5,100.0,8,13.910821646859095,chennai
Hyundai Grand i10,Hyundai,Grand i10,7,30000.0,1,Petrol,Manual,18.9,1197.0,81.86,5,13.208542908506082,chennai
Skoda Rapid,Skoda,Rapid,13,50000.0,2,Petrol,Automatic,14.3,1598.0,103.5,5,12.899222326086994,chennai
Maruti Wagon R,Maruti,Wagon R,16,53250.0,1,Petrol,Manual,21.79,998.0,67.05,5,12.449018824140563,chennai
Skoda Fabia,Skoda,Fabia,16,51555.0,1,Diesel,Manual,19.4,1422.0,180.02499999999998,5,12.429220196836383,chennai
Maruti Swift,Maruti,Swift,4,10000.0,1,Petrol,Manual,22.38,1197.0,88.5,5,13.527829818844937,chennai
Hyundai i20,Hyundai,i20,7,40000.0,1,Diesel,Manual,22.54,1396.0,88.76,5,13.45883704259595,chennai
Honda City,Honda,City,15,110000.0,1,Petrol,Manual,16.8,1497.0,116.4,5,12.807655372286902,chennai
Honda City,Honda,City,9,60000.0,1,Petrol,Manual,17.4,1497.0,117.6,5,13.527829818844937,chennai
Hyundai EON,Hyundai,EON,12,85486.0,3,Petrol,Manual,21.1,814.0,55.2,5,12.445093483000798,chennai
Tata Altroz,Tata,Altroz,4,5022.0,1,Petrol,Automatic,18.5,1199.0,86.83,5,13.73755009757506,chennai
Maruti Baleno,Maruti,Baleno,7,39386.0,1,Petrol,Automatic,19.56,1197.0,81.8,5,13.527829818844937,chennai
Renault KWID,Renault,KWID,10,72679.0,2,Petrol,Manual,25.17,799.0,53.3,5,12.694655727828803,chennai
Hyundai Grand i10,Hyundai,Grand i10,11,83738.0,2,Petrol,Manual,18.9,1197.0,82.0,5,12.976183182038383,chennai
Volkswagen Polo,Volkswagen,Polo,5,10551.0,1,Petrol,Manual,16.2,1199.0,74.0,5,13.76421831620775,chennai
Maruti Celerio,Maruti,Celerio,7,31795.0,3,Petrol,Automatic,23.1,998.0,67.04,5,13.079457964073546,chennai
Maruti Ritz,Maruti,Ritz,17,76656.0,2,Petrol,Manual,21.1,1197.0,85.8,5,12.345834587905333,chennai
Datsun RediGO,Datsun,RediGO,9,52524.0,1,Petrol,Manual,22.7,799.0,53.64,5,12.614868865984631,chennai
Maruti Swift,Maruti,Swift,13,96165.0,1,Diesel,Manual,22.9,1248.0,74.0,5,13.001327306361068,chennai
Hyundai i20,Hyundai,i20,12,92860.0,1,Diesel,Manual,22.54,1396.0,88.73,5,12.994532278619134,chennai
Maruti Ertiga,Maruti,Ertiga,13,46976.0,1,Petrol,Manual,19.01,1462.0,103.26,7,13.399996629152975,chennai
Maruti Alto,Maruti,Alto,19,36383.0,1,Petrol,Manual,19.7,796.0,46.3,5,12.013706813470414,chennai
Mahindra XUV300,Mahindra,XUV300,4,2000.0,1,Petrol,Automatic,17.0,1197.0,108.6,5,13.901689171636098,chennai
Kia Sonet,Kia,Sonet,5,26000.0,1,Petrol,Automatic,18.3,998.0,118.36,5,14.018452218287162,chennai
Maruti Swift,Maruti,Swift,8,42891.0,1,Petrol,Automatic,21.21,1197.0,81.8,5,13.3374763699232,chennai
Maruti Wagon R,Maruti,Wagon R,11,34640.0,1,Petrol,Manual,18.9,998.0,67.1,5,12.886643575525625,chennai
Maruti Baleno,Maruti,Baleno,9,40000.0,1,Petrol,Manual,21.4,1197.0,83.1,5,13.270785106659046,chennai
Maruti Swift Dzire,Maruti,Swift Dzire,17,129306.0,0,Diesel,Manual,19.3,1248.0,73.9,5,12.644330802262578,chennai
Volkswagen Taigun,Volkswagen,Taigun,5,42662.0,1,Petrol,Manual,20.08,999.0,113.98,5,14.187074804051692,chennai
Hyundai Xcent,Hyundai,Xcent,10,64011.0,1,Petrol,Automatic,19.1,1197.0,82.0,5,13.171155446333852,chennai
Maruti Swift,Maruti,Swift,13,85750.0,3,Petrol,Manual,22.38,1197.0,88.5,5,12.92391243868049,chennai
Honda Jazz,Honda,Jazz,5,24774.0,1,Petrol,Manual,17.1,1199.0,88.5,5,13.670485941982712,chennai
Hyundai Grand i10,Hyundai,Grand i10,7,74348.0,1,Petrol,Manual,18.9,1197.0,81.86,5,13.272507757002963,chennai
Tata Tigor,Tata,Tigor,9,40711.0,1,Petrol,Manual,20.3,1199.0,84.0,5,13.157732451741687,chennai
Maruti Baleno,Maruti,Baleno,7,39386.0,1,Petrol,Automatic,19.56,1197.0,81.8,5,13.579789490265188,chennai
Maruti Baleno,Maruti,Baleno,10,93806.0,2,Petrol,Manual,21.4,1197.0,83.1,5,13.212205909556012,chennai
Ford Figo,Ford,Figo,12,80000.0,1,Diesel,Manual,20.0,1399.0,68.05,5,12.611541086966115,chennai
Tata Tiago,Tata,Tiago,10,86304.0,1,Petrol,Manual,23.84,1199.0,84.0,5,12.91657092142417,chennai
Honda WR-V,Honda,WR-V,7,46566.0,2,Petrol,Manual,17.5,1199.0,88.7,5,13.447342679685468,chennai
Maruti Swift,Maruti,Swift,11,74367.0,1,Petrol,Manual,21.21,1197.0,81.8,5,13.02805489573287,chennai
Maruti Alto 800,Maruti,Alto 800,10,48098.0,1,Petrol,Manual,22.74,796.0,47.3,5,12.59473402514672,chennai
Honda City,Honda,City,12,36408.0,2,Petrol,Automatic,18.0,1497.0,117.3,5,13.429849547739444,chennai
Maruti Ertiga,Maruti,Ertiga,9,60000.0,1,Diesel,Manual,24.52,1248.0,88.5,7,13.800397935382136,chennai
Hyundai i10,Hyundai,i10,12,61696.0,2,Petrol,Manual,20.36,1197.0,78.9,5,12.73670383776449,chennai
Tata Indica,Tata,Indica,19,110000.0,1,Diesel,Manual,17.2,1396.0,53.5,5,11.51293546492023,chennai
Maruti Celerio,Maruti,Celerio,11,85223.0,1,Petrol,Manual,23.1,998.0,67.04,5,12.807655372286902,chennai
Toyota Innova,Toyota,Innova,14,120000.0,1,Diesel,Manual,12.99,1949.5,100.0,8,13.864301674514206,chennai
Tata Indigo,Tata,Indigo,13,110000.0,2,Diesel,Manual,25.0,1396.0,69.0,5,12.117246896289503,chennai
Volkswagen Polo,Volkswagen,Polo,10,33961.0,1,Petrol,Manual,16.2,1199.0,74.0,5,13.399996629152975,chennai
Honda Amaze,Honda,Amaze,12,76597.0,2,Petrol,Manual,18.0,1198.0,86.7,5,12.90669432231532,chennai
Maruti Baleno,Maruti,Baleno,9,36573.0,3,Petrol,Manual,21.4,1197.0,83.1,5,13.241036683319184,chennai
Toyota Hyryder,Toyota,Hyryder,3,10000.0,1,Petrol,Automatic,20.58,1462.0,101.64,5,14.508658238524095,chennai
Maruti Wagon R,Maruti,Wagon R,10,45636.0,1,Petrol,Automatic,20.51,998.0,67.0,5,12.985399815906522,chennai
Maruti Ciaz,Maruti,Ciaz,9,58698.0,1,Petrol,Automatic,19.12,1373.0,91.1,5,13.431319053559353,chennai
Maruti Wagon R,Maruti,Wagon R,3,10000.0,1,Petrol,Manual,24.35,998.0,65.71,5,13.28787951079572,chennai
Maruti Baleno,Maruti,Baleno,10,77603.0,1,Diesel,Manual,27.39,1248.0,74.0,5,13.356646255406224,chennai
Maruti Vitara Brezza,Maruti,Vitara Brezza,7,60000.0,1,Diesel,Automatic,24.3,1248.0,88.5,5,13.698977865303197,chennai
Honda Amaze,Honda,Amaze,8,65675.0,2,Diesel,Automatic,23.8,1498.0,78.9,5,13.495306671216452,chennai
Maruti Swift Dzire,Maruti,Swift Dzire,11,120797.0,1,Diesel,Manual,26.59,1248.0,74.0,5,13.219491903015438,chennai
Hyundai i20,Hyundai,i20,7,10000.0,1,Petrol,Automatic,17.4,1197.0,81.86,5,13.652992804936396,chennai
Maruti Alto K10,Maruti,Alto K10,8,18228.0,2,Petrol,Manual,23.95,998.0,67.05,5,12.853178505386333,chennai
Maruti Swift Dzire,Maruti,Swift Dzire,9,33654.0,1,Diesel,Manual,19.3,1248.0,73.9,5,13.547632419997361,chennai
Maruti Zen Estilo,Maruti,Zen Estilo,16,61633.0,2,Petrol,Manual,19.0,998.0,67.1,5,12.180759965737863,chennai
Renault KWID,Renault,KWID,8,45333.0,1,Petrol,Manual,23.01,999.0,67.0,5,12.873904582205107,chennai
Hyundai Grand i10,Hyundai,Grand i10,8,63670.0,1,Diesel,Manual,24.0,1186.0,73.97,5,13.081543466215237,chennai
Maruti Swift,Maruti,Swift,13,95535.0,1,Diesel,Manual,22.9,1248.0,74.0,5,13.02805489573287,chennai
Toyota Innova Crysta,Toyota,Innova Crysta,10,152115.125,1,Diesel,Automatic,11.36,1949.5,171.5,7,14.375126917328105,chennai
Volkswagen Polo,Volkswagen,Polo,11,80000.0,2,Diesel,Manual,20.14,1498.0,88.8,5,13.161586013632684,chennai
Toyota Innova Crysta,Toyota,Innova Crysta,6,55500.0,1,Diesel,Automatic,13.68,1949.5,147.51,7,14.78059183496017,chennai
Honda WR-V,Honda,WR-V,9,42375.0,2,Petrol,Manual,17.5,1199.0,88.7,5,13.569611298299009,chennai
Hyundai Xcent,Hyundai,Xcent,8,63155.0,2,Diesel,Manual,25.4,1186.0,73.97,5,13.322853874813605,chennai
Toyota Fortuner,Toyota,Fortuner,11,85000.0,2,Diesel,Manual,13.0,1949.5,168.5,7,14.346139397261565,chennai
Maruti Swift Dzire,Maruti,Swift Dzire,12,106121.0,1,Diesel,Manual,23.4,1248.0,74.0,5,13.151924121391561,chennai
Maruti Swift,Maruti,Swift,4,51012.0,1,Petrol,Manual,22.38,1197.0,88.5,5,13.428377879293798,chennai
Maruti Swift Dzire,Maruti,Swift Dzire,14,62930.0,1,Petrol,Manual,19.0,1197.0,85.8,5,12.92391243868049,chennai
Mahindra TUV 300,Mahindra,TUV 300,7,111242.0,1,Diesel,Manual,18.49,1493.0,100.0,7,13.589865129563993,chennai
Kia Sonet,Kia,Sonet,4,16000.0,1,Petrol,Manual,18.4,1197.0,81.86,5,13.758940206475879,chennai
Renault Duster,Renault,Duster,8,72898.0,1,Diesel,Manual,19.6,1461.0,108.45,5,13.69334405393293,chennai
Hyundai i20,Hyundai,i20,8,97326.0,1,Petrol,Manual,18.6,1197.0,81.83,5,13.260386417460465,chennai
Honda WR-V,Honda,WR-V,8,1870.0,1,Diesel,Manual,25.5,1498.0,98.6,5,13.47302165746721,chennai
Hyundai Santro,Hyundai,Santro,4,10000.0,1,Petrol,Automatic,20.3,1086.0,68.05,5,13.3374763699232,chennai
Chevrolet Beat,Chevrolet,Beat,10,110000.0,1,Diesel,Manual,25.44,936.0,56.3,5,12.323860125621126,chennai
Maruti Ignis,Maruti,Ignis,9,20000.0,1,Petrol,Manual,20.89,1197.0,81.8,5,13.122365377402328,chennai
Hyundai Creta,Hyundai,Creta,8,70000.0,1,Diesel,Manual,19.67,1582.0,126.2,5,13.955273369904273,chennai
Datsun RediGO,Datsun,RediGO,8,30000.0,1,Petrol,Manual,22.7,799.0,53.64,5,12.560247968016562,chennai
Honda City,Honda,City,11,152115.125,0,Petrol,Manual,17.4,1497.0,117.3,5,13.005831808336863,chennai
Honda City,Honda,City,11,71887.0,2,Petrol,Manual,17.4,1497.0,117.6,5,13.217675375388819,chennai
Ford Figo,Ford,Figo,15,100000.0,2,Diesel,Manual,20.0,1399.0,68.0,5,12.206077645517674,chennai
Skoda Kushaq,Skoda,Kushaq,5,20000.0,2,Petrol,Automatic,17.2,999.0,113.98,5,14.077875591662238,chennai
Renault Duster,Renault,Duster,8,61426.0,2,Petrol,Manual,14.19,1498.0,104.5,5,13.426904041847699,chennai
Maruti Swift,Maruti,Swift,13,71195.0,1,Diesel,Manual,22.9,1248.0,74.0,5,12.973863369085885,chennai
Volkswagen Vento,Volkswagen,Vento,10,91700.0,1,Petrol,Automatic,18.19,1197.0,103.2,5,13.498057700804253,chennai
Maruti Alto K10,Maruti,Alto K10,11,132724.0,0,Petrol,Manual,23.95,998.0,67.05,5,12.323860125621126,chennai
Maruti Vitara Brezza,Maruti,Vitara Brezza,10,59232.0,1,Diesel,Manual,24.3,1248.0,88.5,5,13.66585094484938,chennai
Volkswagen Polo,Volkswagen,Polo,9,55023.0,1,Petrol,Automatic,17.21,1197.0,103.5,5,13.567050480716235,chennai
Mahindra TUV 300,Mahindra,TUV 300,10,73498.0,2,Diesel,Manual,18.49,1493.0,100.0,7,13.451668563394815,chennai
Maruti Vitara Brezza,Maruti,Vitara Brezza,8,52743.0,1,Diesel,Manual,24.3,1248.0,88.5,5,13.592368256649284,chennai
BMW X1,BMW,X1,8,49000.0,1,Diesel,Automatic,17.05,1949.5,180.02499999999998,5,14.80876270134486,chennai
Hyundai Verna,Hyundai,Verna,14,100000.0,2,Diesel,Manual,22.32,1582.0,126.3,5,12.948012371209098,chennai
Maruti Swift,Maruti,Swift,15,111350.0,1,Petrol,Manual,16.1,1197.0,85.0,5,12.577639650232573,chennai
Land Rover Range Rover Evoque,Land,Rover Range Rover Evoque,13,105000.0,2,Diesel,Automatic,12.7,1949.5,180.02499999999998,5,14.508658238524095,chennai
Skoda Octavia,Skoda,Octavia,21,150000.0,1,Diesel,Manual,18.7,1896.0,180.02499999999998,5,11.51293546492023,chennai
Tata Tiago,Tata,Tiago,4,20000.0,1,Cng,Manual,26.49,1199.0,72.0,5,13.384729180332174,chennai
Ford Aspire,Ford,Aspire,9,63134.0,1,Diesel,Manual,25.83,1498.0,99.0,5,13.122365377402328,chennai
Honda City,Honda,City,7,89547.0,1,Petrol,Automatic,17.4,1497.0,117.6,5,13.579789490265188,chennai
Ford Ecosport,Ford,Ecosport,8,25000.0,1,Diesel,Manual,21.7,1498.0,98.96,5,13.710151153416941,chennai
Volkswagen Polo,Volkswagen,Polo,10,61583.0,2,Petrol,Manual,16.2,1199.0,74.0,5,13.249878458265119,chennai
Honda Amaze,Honda,Amaze,11,102002.0,1,Diesel,Manual,25.8,1498.0,98.6,5,13.04115549117383,chennai
Maruti Wagon R,Maruti,Wagon R,10,38980.0,2,Petrol,Manual,18.9,998.0,67.1,5,12.899222326086994,chennai
Hyundai Elantra,Hyundai,Elantra,9,108463.0,1,Petrol,Automatic,14.62,1949.5,149.92,5,13.798365416422785,chennai
Honda WR-V,Honda,WR-V,9,30033.0,1,Petrol,Manual,17.5,1199.0,88.7,5,13.513054553109397,chennai
Renault KWID,Renault,KWID,10,29084.0,1,Petrol,Manual,25.17,799.0,53.3,5,12.73670383776449,chennai
Maruti Celerio,Maruti,Celerio,10,69437.0,3,Petrol,Manual,23.1,998.0,67.04,5,12.810391344620207,chennai
Honda New Accord,Honda,New Accord,17,70000.0,2,Petrol,Manual,12.8,1949.5,177.6,5,12.611541086966115,chennai
Maruti Swift,Maruti,Swift,13,88122.0,3,Petrol,Manual,22.38,1197.0,88.5,5,12.81584093453868,chennai
Volkswagen Vento,Volkswagen,Vento,15,98263.0,2,Petrol,Manual,15.04,1598.0,103.6,5,12.754196944209095,chennai
Honda Jazz,Honda,Jazz,10,73674.0,2,Petrol,Manual,18.7,1199.0,88.7,5,13.017005083966255,chennai
Maruti Celerio,Maruti,Celerio,10,37718.0,1,Petrol,Manual,23.1,998.0,67.04,5,13.017005083966255,chennai
Honda Jazz,Honda,Jazz,10,66030.0,1,Diesel,Manual,27.3,1498.0,98.6,5,13.28787951079572,chennai
Volvo XC 90,Volvo,XC 90,9,35000.0,1,Petrol,Automatic,18.0,1949.5,180.02499999999998,4,15.919644834185693,chennai
Honda City,Honda,City,18,100000.0,1,Petrol,Manual,17.0,1497.0,180.02499999999998,5,12.206077645517674,chennai
Hyundai Grand i10,Hyundai,Grand i10,13,10000.0,1,Petrol,Manual,18.9,1197.0,82.0,5,12.611541086966115,chennai
Maruti Ritz,Maruti,Ritz,16,20000.0,1,Petrol,Manual,21.1,1197.0,85.8,5,11.918397239722838,chennai
Maruti Versa,Maruti,Versa,24,90000.0,3,Petrol,Manual,11.3,1298.0,83.1,8,11.289794413577894,chennai
Fiat Punto,Fiat,Punto,12,90000.0,4,Petrol,Manual,15.7,1172.0,67.0,5,12.100717685412471,chennai
Toyota Glanza,Toyota,Glanza,6,56118.0,1,Petrol,Automatic,19.56,1197.0,81.8,5,13.64472342322291,chennai
Hyundai i10,Hyundai,i10,14,93968.0,1,Petrol,Manual,20.36,1197.0,78.9,5,12.611541086966115,chennai
Hyundai Grand i10 Nios,Hyundai,Grand i10 Nios,5,30000.0,1,Petrol,Manual,20.7,1197.0,81.86,5,13.235693848424024,chennai
Volkswagen Polo,Volkswagen,Polo,6,41364.0,2,Petrol,Manual,17.74,999.0,75.1,5,13.519797657900346,chennai
Honda City,Honda,City,13,108898.0,2,Petrol,Automatic,16.8,1497.0,116.4,5,12.945628585536271,chennai
Toyota Innova Crysta,Toyota,Innova Crysta,4,3500.0,1,Petrol,Automatic,10.25,1949.5,163.6,7,14.791955589305939,chennai
Kia Seltos,Kia,Seltos,6,35589.0,1,Petrol,Manual,16.8,1497.0,113.43,5,14.129591834730508,chennai
Mitsubishi Lancer,Mitsubishi,Lancer,23,150000.0,1,Petrol,Manual,13.7,1468.0,85.8,5,11.407576060361786,chennai
Hyundai i10,Hyundai,i10,10,41514.0,1,Petrol,Manual,19.81,1086.0,68.05,5,12.847929163278053,chennai
Renault Triber,Renault,Triber,5,27925.0,1,Petrol,Manual,20.0,999.0,71.01,7,13.401510631691982,chennai
Skoda Slavia,Skoda,Slavia,4,10000.0,1,Petrol,Automatic,18.41,1498.0,147.52,5,14.508658238524095,chennai
Mahindra KUV 100,Mahindra,KUV 100,9,40000.0,2,Petrol,Manual,18.15,1198.0,82.0,6,12.676079399771027,chennai
Hyundai EON,Hyundai,EON,12,60000.0,2,Petrol,Manual,21.1,814.0,55.2,5,12.206077645517674,chennai
Hyundai Verna,Hyundai,Verna,18,90000.0,5,Petrol,Manual,13.9,1599.0,103.2,5,11.884495917930655,chennai
Volkswagen Polo,Volkswagen,Polo,13,65744.0,3,Petrol,Manual,16.47,1198.0,74.0,5,12.691583538230217,chennai
Maruti A-Star,Maruti,A-Star,15,80000.0,4,Petrol,Automatic,16.98,998.0,66.1,5,12.206077645517674,chennai
Maruti Ertiga,Maruti,Ertiga,6,30000.0,2,Petrol,Automatic,17.99,1462.0,103.26,7,13.840204146163925,chennai
Tata Indica,Tata,Indica,19,60000.0,3,Diesel,Manual,17.2,1396.0,53.5,5,10.819798284210286,chennai
Skoda Kushaq,Skoda,Kushaq,4,20000.0,1,Petrol,Automatic,17.2,999.0,113.98,5,14.077875591662238,chennai
Volkswagen Vento,Volkswagen,Vento,14,90000.0,3,Petrol,Manual,15.8,1598.0,180.02499999999998,5,12.354492650648448,chennai
Volkswagen Taigun,Volkswagen,Taigun,5,18655.0,1,Petrol,Manual,17.88,1498.0,147.51,5,14.309597467853907,chennai
Tata Tiago,Tata,Tiago,6,51578.0,1,Petrol,Manual,19.01,1199.0,84.82,5,13.19189130572284,chennai
Ford Figo,Ford,Figo,14,113000.0,1,Diesel,Manual,25.83,1498.0,99.0,5,12.345834587905333,chennai
Renault KWID,Renault,KWID,10,27861.0,1,Petrol,Manual,25.17,799.0,53.3,5,12.785493861878301,chennai
Maruti Ciaz,Maruti,Ciaz,6,20419.0,1,Petrol,Manual,21.56,1462.0,103.25,5,13.574713343675166,chennai
Volkswagen Vento,Volkswagen,Vento,13,49165.0,2,Petrol,Manual,16.09,1598.0,103.2,5,12.92391243868049,chennai
Honda WR-V,Honda,WR-V,8,38309.0,2,Petrol,Manual,17.5,1199.0,88.7,5,13.316285717486736,chennai
Toyota Urban cruiser,Toyota,Urban cruiser,4,12000.0,1,Petrol,Automatic,18.76,1462.0,103.26,5,13.955273369904273,chennai
Honda Jazz,Honda,Jazz,9,27872.0,1,Petrol,Automatic,19.0,1199.0,88.7,5,13.435714658591923,chennai
Renault KWID,Renault,KWID,4,14023.0,1,Petrol,Manual,22.25,799.0,53.26,5,13.019224835777257,chennai
Maruti Ertiga,Maruti,Ertiga,7,30000.0,1,Petrol,Manual,19.34,1462.0,103.0,7,13.800397935382136,chennai
Tata Nexon,Tata,Nexon,5,30000.0,1,Diesel,Manual,21.5,1497.0,108.5,5,13.592368256649284,chennai
Hyundai Verna,Hyundai,Verna,14,116377.0,2,Diesel,Manual,23.9,1582.0,126.2,5,13.017005083966255,chennai
Volkswagen Polo,Volkswagen,Polo,5,13109.0,1,Diesel,Manual,22.07,1199.0,73.9,5,13.573440270649085,chennai
Ford Aspire,Ford,Aspire,11,67500.0,1,Diesel,Manual,25.83,1498.0,99.0,5,12.936036208848487,chennai
Audi A3,Audi,A3,10,50000.0,2,Diesel,Automatic,20.38,1949.5,143.0,5,14.220976332738882,chennai
Ford Figo,Ford,Figo,15,80000.0,3,Petrol,Manual,15.6,1196.0,70.0,5,12.04355959836804,chennai
Maruti Ertiga,Maruti,Ertiga,4,14475.0,1,Petrol,Manual,16.02,1373.0,93.7,7,13.815511557963774,chennai
Hyundai Grand i10 Nios,Hyundai,Grand i10 Nios,6,20000.0,3,Petrol,Automatic,20.7,1197.0,81.86,5,13.25339339419516,chennai
Maruti Baleno,Maruti,Baleno,8,53631.0,1,Petrol,Automatic,21.4,1197.0,83.1,5,13.366095129723817,chennai
Ford Ecosport,Ford,Ecosport,8,92562.0,1,Petrol,Automatic,14.8,1497.0,121.36,5,13.420986873572868,chennai
Maruti SX4,Maruti,SX4,16,90000.0,3,Petrol,Manual,15.0,1586.0,104.68,5,12.206077645517674,chennai
Maruti Alto 800,Maruti,Alto 800,5,24690.0,1,Petrol,Manual,22.05,796.0,47.33,5,12.978495316450783,chennai
Renault KWID,Renault,KWID,6,15915.0,1,Petrol,Automatic,22.0,999.0,67.0,5,13.157732451741687,chennai
Ford Figo,Ford,Figo,15,100000.0,2,Diesel,Manual,20.0,1399.0,68.0,5,12.07254696717504,chennai
Renault Kiger,Renault,Kiger,5,36390.0,1,Petrol,Manual,20.5,999.0,98.63,5,13.641158361294979,chennai
Maruti Ritz,Maruti,Ritz,14,9112.0,1,Petrol,Manual,21.1,1197.0,85.8,5,12.59473402514672,chennai
Ford Figo,Ford,Figo,5,13923.0,1,Petrol,Automatic,16.0,1194.0,95.48,5,13.51440681653079,chennai
Maruti Celerio,Maruti,Celerio,9,58263.0,1,Petrol,Manual,25.24,998.0,65.71,5,13.161586013632684,chennai
Maruti Eeco,Maruti,Eeco,5,20000.0,1,Petrol,Manual,16.11,1196.0,72.41,7,13.060490101343552,chennai
Maruti Ritz,Maruti,Ritz,11,80000.0,3,Diesel,Manual,23.2,1248.0,73.94,5,12.206077645517674,chennai
Maruti Swift,Maruti,Swift,13,65991.0,0,Diesel,Manual,22.9,1248.0,74.0,5,12.886643575525625,chennai
Mahindra KUV 100 NXT,Mahindra,KUV 100 NXT,10,13397.0,1,Diesel,Manual,25.32,1198.0,77.0,6,12.765691290604371,chennai
Maruti Ciaz,Maruti,Ciaz,11,57121.0,2,Petrol,Automatic,19.12,1373.0,91.1,5,13.217675375388819,chennai
Tata Zest,Tata,Zest,11,70418.0,1,Petrol,Manual,17.57,1193.0,88.7,5,12.899222326086994,chennai
Honda Amaze,Honda,Amaze,7,22421.0,0,Petrol,Automatic,19.0,1199.0,88.76,5,13.369225017834633,chennai
Tata Indica,Tata,Indica,17,83045.0,0,Diesel,Manual,17.0,1405.0,71.0,5,11.813037464800539,chennai
Hyundai i10,Hyundai,i10,18,86715.0,0,Petrol,Manual,20.36,1197.0,78.9,5,12.04355959836804,chennai
Hyundai i10,Hyundai,i10,18,77032.0,0,Petrol,Manual,19.81,1086.0,68.05,5,12.180759965737863,chennai
Datsun RediGO,Datsun,RediGO,7,21614.0,1,Petrol,Manual,22.7,799.0,53.64,5,12.650761671914688,chennai
Maruti Alto 800,Maruti,Alto 800,6,35375.0,1,Petrol,Manual,22.05,796.0,47.33,5,12.855792879125431,chennai
Volkswagen Vento,Volkswagen,Vento,16,89545.0,0,Diesel,Manual,20.54,1598.0,103.6,5,12.644330802262578,chennai
Hyundai i20,Hyundai,i20,7,83298.0,1,Petrol,Manual,18.6,1197.0,81.86,5,13.28787951079572,chennai
Maruti Ignis,Maruti,Ignis,4,33250.0,1,Petrol,Automatic,20.89,1197.0,81.8,5,13.538439983884853,chennai
Honda Jazz,Honda,Jazz,11,75000.0,2,Petrol,Manual,18.2,1199.0,88.7,5,13.081543466215237,chennai
Ford Ecosport,Ford,Ecosport,8,87026.0,1,Diesel,Manual,23.0,1498.0,98.96,5,13.584839999674324,chennai
Toyota Innova Crysta,Toyota,Innova Crysta,5,33000.0,1,Diesel,Automatic,12.0,1949.5,148.0,7,14.862829903121964,chennai
Honda City,Honda,City,6,37294.0,2,Petrol,Manual,18.6,1498.0,119.35,5,13.88223512546044,chennai
Renault KWID,Renault,KWID,10,65840.0,1,Petrol,Manual,25.17,799.0,53.3,5,12.69771850797869,chennai
Isuzu MU-X,Isuzu,MU-X,7,45000.0,2,Diesel,Automatic,13.8,1949.5,175.0,7,14.45736497045232,chennai
Honda Amaze,Honda,Amaze,11,62865.0,1,Petrol,Manual,18.6,1199.0,88.76,5,12.959846800844963,chennai
Mahindra KUV 100 NXT,Mahindra,KUV 100 NXT,9,62442.0,1,Diesel,Manual,25.32,1198.0,77.0,6,12.983101310070822,chennai
Volkswagen Vento,Volkswagen,Vento,12,152115.125,2,Petrol,Manual,15.04,1598.0,103.2,5,12.706850963741102,chennai
Honda City,Honda,City,9,63318.0,1,Petrol,Manual,17.4,1497.0,117.6,5,13.592368256649284,chennai
Honda City,Honda,City,9,47146.0,1,Petrol,Manual,17.0,1497.0,180.02499999999998,5,13.527829818844937,chennai
Hyundai Grand i10,Hyundai,Grand i10,10,17797.0,1,Petrol,Automatic,18.9,1197.0,81.86,5,13.112315061750808,chennai
Maruti Swift,Maruti,Swift,11,52802.0,1,Petrol,Manual,18.6,1197.0,85.8,5,13.07107218827772,chennai
Honda WR-V,Honda,WR-V,8,46830.0,2,Diesel,Manual,25.5,1498.0,98.6,5,13.45883704259595,chennai
BMW 3 Series GT,BMW,3 Series GT,10,34000.0,1,Diesel,Automatic,21.76,1949.5,180.02499999999998,5,14.80876270134486,chennai
Ford Ecosport,Ford,Ecosport,8,70038.0,1,Petrol,Manual,17.0,1497.0,121.31,5,13.573440270649085,chennai
Tata Altroz,Tata,Altroz,5,15957.0,1,Petrol,Manual,18.05,1199.0,108.48,5,13.586098651497313,chennai
Honda Amaze,Honda,Amaze,12,63860.0,2,Petrol,Manual,18.6,1199.0,88.76,5,12.936036208848487,chennai
Maruti Swift Dzire,Maruti,Swift Dzire,9,51252.0,1,Petrol,Automatic,21.21,1197.0,81.8,5,13.399996629152975,chennai
Ford Ecosport,Ford,Ecosport,11,56071.0,2,Petrol,Automatic,15.63,1499.0,110.4,5,13.204866440535003,chennai
Honda Jazz,Honda,Jazz,9,38100.0,1,Diesel,Manual,27.3,1498.0,98.6,5,13.384729180332174,chennai
Mahindra XUV500,Mahindra,XUV500,9,87634.0,3,Diesel,Automatic,16.0,1949.5,140.0,7,13.936843728870999,chennai
Hyundai i10,Hyundai,i10,16,14424.0,1,Petrol,Manual,20.36,1197.0,78.9,5,12.506180941677357,chennai
Tata Tigor,Tata,Tigor,8,39542.0,2,Petrol,Automatic,20.3,1199.0,83.81,5,13.230322314239945,chennai
Hyundai Grand i10,Hyundai,Grand i10,10,114507.0,2,Petrol,Manual,18.9,1197.0,82.0,5,12.996802422000108,chennai
Fiat Punto Pure,Fiat,Punto Pure,11,67129.0,1,Diesel,Manual,20.3,1248.0,75.0,5,12.73670383776449,chennai
Volkswagen Polo,Volkswagen,Polo,5,35405.0,1,Petrol,Manual,18.24,999.0,108.62,5,13.815511557963774,chennai
Volkswagen Polo,Volkswagen,Polo,16,62992.0,1,Diesel,Manual,22.07,1199.0,73.9,5,12.59473402514672,chennai
Hyundai Santro Xing,Hyundai,Santro Xing,17,94241.0,1,Petrol,Manual,17.92,1086.0,62.1,5,12.013706813470414,chennai
Tata Indica,Tata,Indica,13,101423.0,2,Diesel,Manual,25.0,1396.0,69.0,5,11.91170829631447,chennai
Toyota Etios,Toyota,Etios,13,21647.0,1,Petrol,Manual,17.6,1496.0,88.73,5,13.07107218827772,chennai
Nissan Micra,Nissan,Micra,16,78210.0,4,Petrol,Manual,18.06,1198.0,75.0,5,11.813037464800539,chennai
Hyundai Grand i10,Hyundai,Grand i10,11,39922.0,1,Petrol,Manual,18.9,1197.0,82.0,5,12.971542813248437,chennai
Maruti Wagon R,Maruti,Wagon R,9,61372.0,2,Petrol,Manual,21.79,998.0,67.05,5,12.834683971615659,chennai
Hyundai i10,Hyundai,i10,18,60250.0,1,Petrol,Manual,19.81,1086.0,68.05,5,11.884495917930655,chennai
Hyundai Grand i10,Hyundai,Grand i10,12,91617.0,3,Petrol,Automatic,18.9,1197.0,82.0,5,12.894209796826232,chennai
Hyundai i20 N Line,Hyundai,i20 N Line,5,23899.0,1,Petrol,Automatic,20.25,998.0,118.41,5,13.888761949071464,chennai
Maruti Swift,Maruti,Swift,11,89000.0,1,Petrol,Manual,21.21,1197.0,81.8,5,12.971542813248437,chennai
Maruti Celerio,Maruti,Celerio,9,97445.0,2,Petrol,Automatic,23.1,998.0,67.04,5,12.899222326086994,chennai
Hyundai i10,Hyundai,i10,14,69680.0,2,Petrol,Manual,20.36,1197.0,78.9,5,12.567240979056246,chennai
Hyundai i20,Hyundai,i20,12,87431.0,1,Petrol,Manual,18.6,1197.0,81.83,5,13.112315061750808,chennai
Hyundai EON,Hyundai,EON,11,98204.0,1,Petrol,Manual,21.1,814.0,55.2,5,12.604852121186608,chennai
Honda Mobilio,Honda,Mobilio,12,152115.125,1,Diesel,Manual,24.2,1498.0,98.6,7,12.959846800844963,chennai
Honda City,Honda,City,14,108338.0,2,Petrol,Manual,16.8,1497.0,116.3,5,12.973863369085885,chennai
Hyundai i20,Hyundai,i20,10,47045.0,1,Petrol,Manual,18.6,1197.0,81.83,5,13.265599278590988,chennai
Tata Tigor,Tata,Tigor,8,18079.0,1,Petrol,Automatic,20.3,1199.0,84.0,5,13.304686600863562,chennai
Hyundai i10,Hyundai,i10,17,44985.0,1,Petrol,Manual,19.81,1086.0,68.05,5,12.323860125621126,chennai
Maruti Ciaz,Maruti,Ciaz,9,84095.0,1,Diesel,Manual,26.21,1248.0,88.5,5,13.42246945133505,chennai
Jeep Compass,Jeep,Compass,6,50520.0,1,Diesel,Manual,17.1,1949.5,170.0,5,14.204169225721929,chennai
Mahindra Renault Logan,Mahindra,Renault Logan,16,82124.0,3,Diesel,Manual,19.2,1461.0,65.0,5,11.884495917930655,chennai
Honda Amaze,Honda,Amaze,8,3228.0,1,Petrol,Automatic,18.1,1199.0,88.7,5,13.527829818844937,chennai
Tata Indigo,Tata,Indigo,16,41516.0,1,Petrol,Manual,15.64,1193.0,64.1,5,11.918397239722838,chennai
Chevrolet Beat,Chevrolet,Beat,14,86147.0,2,Diesel,Manual,25.44,936.0,57.6,5,12.180759965737863,chennai
Honda City,Honda,City,16,101566.0,3,Petrol,Manual,17.0,1497.0,180.02499999999998,5,12.804911893867851,chennai
Skoda Rapid,Skoda,Rapid,8,73139.0,1,Diesel,Manual,21.13,1498.0,108.6,5,13.499430382731967,chennai
Honda Amaze,Honda,Amaze,7,16787.0,1,Diesel,Automatic,21.0,1498.0,78.9,5,13.641158361294979,chennai
Skoda Rapid,Skoda,Rapid,10,99715.0,2,Petrol,Automatic,14.3,1598.0,103.52,5,13.429849547739444,chennai
Datsun GO Plus,Datsun,GO Plus,8,44386.0,1,Petrol,Manual,19.02,1198.0,67.05,7,12.933621252807452,chennai
Volkswagen Polo,Volkswagen,Polo,12,56200.0,1,Petrol,Manual,15.26,1598.0,103.5,5,12.847929163278053,chennai
Datsun GO Plus,Datsun,GO Plus,8,17003.0,1,Petrol,Manual,19.02,1198.0,67.05,7,12.966880811009803,chennai
Hyundai Grand i10,Hyundai,Grand i10,12,44632.0,1,Petrol,Automatic,18.9,1197.0,82.0,5,13.049794835104816,chennai
Hyundai Creta,Hyundai,Creta,8,32091.0,1,Petrol,Automatic,13.0,1591.0,121.3,5,13.848946301168032,chennai
Renault Triber,Renault,Triber,5,22740.0,2,Petrol,Automatic,18.2,999.0,71.01,7,13.556741124342862,chennai
Mercedes-Benz GLE,Mercedes-Benz,GLE,10,98000.0,2,Diesel,Automatic,17.9,1949.5,180.02499999999998,5,15.068273812173887,chennai
Volkswagen Ameo,Volkswagen,Ameo,8,95495.0,1,Petrol,Manual,17.0,1198.0,73.75,5,13.017005083966255,chennai
Hyundai Verna,Hyundai,Verna,16,122533.0,2,Petrol,Manual,17.01,1591.0,121.3,5,12.25486757159303,chennai
Maruti Swift Dzire,Maruti,Swift Dzire,13,55320.0,1,Petrol,Manual,22.41,1197.0,88.5,5,12.92391243868049,chennai
Hyundai i20,Hyundai,i20,14,68459.0,1,Diesel,Manual,21.9,1396.0,88.76,5,12.691583538230217,chennai
Honda Amaze,Honda,Amaze,10,14195.0,1,Petrol,Manual,18.6,1199.0,88.76,5,13.017005083966255,chennai
Hyundai i20,Hyundai,i20,14,67900.0,1,Petrol,Manual,18.6,1197.0,81.83,5,12.54254845357358,chennai
Maruti Wagon R,Maruti,Wagon R,9,47756.0,1,Petrol,Automatic,20.51,998.0,67.0,5,12.92391243868049,chennai
Hyundai Grand i10,Hyundai,Grand i10,10,42856.0,1,Petrol,Automatic,18.9,1197.0,82.0,5,13.161586013632684,chennai
Volkswagen Polo,Volkswagen,Polo,12,43000.0,1,Diesel,Manual,20.14,1498.0,88.5,5,13.235693848424024,chennai
Toyota Yaris,Toyota,Yaris,7,27652.0,2,Petrol,Manual,17.1,1496.0,105.94,5,13.461690107508359,chennai
Renault Triber,Renault,Triber,5,23539.0,1,Petrol,Manual,20.0,999.0,71.01,7,13.393917592315308,chennai
Maruti Ciaz,Maruti,Ciaz,11,50000.0,1,Petrol,Manual,20.73,1373.0,91.1,5,13.171155446333852,chennai
Maruti Alto K10,Maruti,Alto K10,9,18861.0,2,Petrol,Manual,24.39,998.0,65.71,5,12.785493861878301,chennai
Maruti Swift,Maruti,Swift,9,41138.0,1,Petrol,Manual,20.4,1197.0,81.8,5,13.146081857144738,chennai
Hyundai i10,Hyundai,i10,14,55039.0,1,Petrol,Manual,19.81,1086.0,68.05,5,12.429220196836383,chennai
Hyundai i20,Hyundai,i20,8,41361.0,2,Petrol,Manual,18.6,1197.0,81.86,5,13.45883704259595,chennai
Ford Ecosport,Ford,Ecosport,11,81037.0,1,Diesel,Manual,23.0,1498.0,98.96,5,13.190023895035274,chennai
Honda Jazz,Honda,Jazz,9,28897.0,2,Petrol,Automatic,19.0,1199.0,88.7,5,13.370786295963992,chennai
Mahindra KUV 100,Mahindra,KUV 100,10,46308.0,2,Petrol,Manual,18.15,1198.0,82.0,6,12.733758336210744,chennai
Mini Cooper Countryman,Mini,Cooper Countryman,11,15000.0,2,Diesel,Automatic,19.19,1949.5,180.02499999999998,5,14.790070575320824,chennai
Maruti Wagon R,Maruti,Wagon R,14,100056.0,1,Petrol,Manual,20.52,1197.0,81.8,5,12.644330802262578,chennai
Hyundai i20,Hyundai,i20,8,90062.0,1,Petrol,Manual,18.6,1197.0,81.86,5,13.493928313146206,chennai
Chevrolet Optra,Chevrolet,Optra,21,80030.0,3,Petrol,Manual,17.4,1599.0,104.0,5,11.652687407345388,chennai
Mahindra TUV 300,Mahindra,TUV 300,10,90042.0,1,Diesel,Automatic,18.49,1493.0,100.0,7,13.377007146164305,chennai
Maruti Wagon R,Maruti,Wagon R,9,78030.0,1,Petrol,Manual,20.52,1197.0,81.8,5,12.994532278619134,chennai
BMW X3,BMW,X3,13,55000.0,2,Diesel,Automatic,16.09,1949.5,180.02499999999998,5,14.316286451937186,chennai
Hyundai Santa Fe,Hyundai,Santa Fe,12,100049.0,1,Diesel,Automatic,13.01,1949.5,180.02499999999998,7,13.790193775620484,chennai
Chevrolet Tavera,Chevrolet,Tavera,16,138033.0,1,Diesel,Manual,14.8,1949.5,78.9,7,13.190023895035274,chennai
Datsun GO Plus,Datsun,GO Plus,8,14126.0,1,Petrol,Manual,19.02,1198.0,67.05,7,12.978495316450783,chennai
Renault Duster,Renault,Duster,6,35464.0,1,Petrol,Manual,16.42,1330.0,153.866,5,13.85952744338105,chennai
Mahindra Ssangyong Rexton,Mahindra,Ssangyong Rexton,13,100036.0,2,Diesel,Manual,12.83,1949.5,162.0,7,13.217675375388819,chennai
Hyundai Grand i10,Hyundai,Grand i10,11,55161.0,3,Petrol,Manual,18.9,1197.0,82.0,5,12.926350926565435,chennai
Hyundai Santro,Hyundai,Santro,7,33771.0,1,Petrol,Automatic,20.3,1086.0,68.0,5,13.157732451741687,chennai
Chevrolet Enjoy,Chevrolet,Enjoy,10,75011.0,1,Diesel,Manual,18.2,1248.0,73.74,8,13.171155446333852,chennai
Hyundai Verna,Hyundai,Verna,10,41659.0,1,Petrol,Manual,17.01,1591.0,121.3,5,13.380103119076898,chennai
Volvo S 80,Volvo,S 80,14,126055.0,2,Diesel,Automatic,16.0,1949.5,180.02499999999998,5,13.73755009757506,chennai
Tata Tigor,Tata,Tigor,6,19935.0,1,Petrol,Manual,20.3,1199.0,83.81,5,13.377007146164305,chennai
Datsun RediGO,Datsun,RediGO,10,61126.0,1,Petrol,Manual,22.7,799.0,53.64,5,12.441144767709657,chennai
Mitsubishi Pajero,Mitsubishi,Pajero,14,100043.0,2,Diesel,Manual,13.5,1949.5,175.56,7,13.840204146163925,chennai
Mitsubishi Pajero,Mitsubishi,Pajero,13,70034.0,1,Diesel,Manual,13.5,1949.5,175.56,7,13.976779556623864,chennai
Volkswagen Polo,Volkswagen,Polo,8,90068.0,2,Diesel,Manual,20.14,1498.0,88.0,5,13.304686600863562,chennai
Hyundai Xcent,Hyundai,Xcent,11,86694.0,1,Petrol,Manual,19.1,1197.0,81.86,5,12.91164481522143,chennai
Mercedes-Benz C-Class,Mercedes-Benz,C-Class,15,86000.0,2,Diesel,Automatic,15.8,1949.5,170.0,5,13.854732232655556,chennai
Maruti Ciaz,Maruti,Ciaz,11,79399.0,1,Petrol,Manual,20.73,1373.0,91.1,5,13.279368835614243,chennai
Audi A4,Audi,A4,14,86038.0,1,Diesel,Automatic,16.55,1949.5,140.0,5,13.976779556623864,chennai
Maruti Wagon R,Maruti,Wagon R,11,69863.0,1,Petrol,Manual,18.9,998.0,67.1,5,12.861001210669146,chennai
Toyota Innova Crysta,Toyota,Innova Crysta,9,152115.125,1,Diesel,Manual,13.68,1949.5,147.51,7,14.375126917328105,chennai
Hyundai i10,Hyundai,i10,13,133727.0,1,Petrol,Manual,20.36,1197.0,78.9,5,12.644330802262578,chennai
Hyundai Creta,Hyundai,Creta,10,85781.0,1,Petrol,Automatic,13.0,1591.0,121.3,5,13.727772735358728,chennai
Tata Altroz,Tata,Altroz,4,8837.0,1,Diesel,Manual,23.64,1497.0,88.77,5,13.592368256649284,chennai
Toyota Corolla Altis,Toyota,Corolla Altis,15,120057.0,2,Diesel,Manual,21.43,1364.0,87.2,5,13.07107218827772,chennai
Toyota Glanza,Toyota,Glanza,7,48527.0,1,Petrol,Manual,22.35,1197.0,88.5,5,13.457407451830088,chennai
Honda WR-V,Honda,WR-V,9,71096.0,2,Diesel,Manual,25.5,1498.0,98.6,5,13.478639641880966,chennai
Honda Amaze,Honda,Amaze,6,22000.0,1,Petrol,Manual,18.6,1199.0,88.76,5,13.527829818844937,chennai
Hyundai Grand i10 Nios,Hyundai,Grand i10 Nios,6,110054.0,1,Petrol,Manual,20.7,1197.0,81.86,5,13.347107247525049,chennai
Honda City,Honda,City,14,85028.0,1,Petrol,Manual,17.4,1497.0,117.3,5,13.049794835104816,chennai
Honda City,Honda,City,5,10990.0,1,Petrol,Manual,18.6,1498.0,119.35,5,14.05295220262253,chennai
Hyundai Elantra,Hyundai,Elantra,9,115484.0,2,Petrol,Manual,14.59,1949.5,149.92,5,13.598598798635953,chennai
Skoda Yeti,Skoda,Yeti,15,80062.0,2,Diesel,Manual,17.67,1949.5,138.08,5,13.07107218827772,chennai
Skoda Rapid,Skoda,Rapid,14,80039.0,1,Diesel,Manual,20.5,1598.0,103.5,5,12.834683971615659,chennai
Maruti S-Presso,Maruti,S-Presso,6,16473.0,1,Petrol,Manual,21.7,998.0,65.71,5,13.142166004700508,chennai
BMW X5,BMW,X5,4,8000.0,1,Petrol,Automatic,11.24,1949.5,180.02499999999998,5,16.050887008216737,chennai
Maruti Baleno,Maruti,Baleno,9,53819.0,1,Petrol,Automatic,21.4,1197.0,83.1,5,13.399996629152975,chennai
Mahindra Scorpio,Mahindra,Scorpio,15,100060.0,2,Diesel,Manual,15.4,1949.5,180.02499999999998,8,13.112315061750808,chennai
Volkswagen Vento,Volkswagen,Vento,9,93000.0,1,Petrol,Automatic,18.19,1197.0,103.2,5,13.579789490265188,chennai
Maruti Ertiga,Maruti,Ertiga,13,82000.0,1,Diesel,Manual,20.77,1248.0,88.76,7,13.444448325847754,chennai
BMW 5 Series,BMW,5 Series,13,100057.0,1,Diesel,Automatic,18.12,1949.5,180.02499999999998,5,14.187074804051692,chennai
Volkswagen Ameo,Volkswagen,Ameo,10,100425.0,1,Diesel,Manual,21.66,1498.0,108.62,5,13.25339339419516,chennai
Hyundai Verna,Hyundai,Verna,8,102497.0,1,Diesel,Manual,22.0,1582.0,126.2,5,13.62556118319494,chennai
Toyota Etios,Toyota,Etios,15,97942.0,2,Petrol,Manual,17.6,1496.0,88.73,5,12.75130259456002,chennai
Volkswagen Polo,Volkswagen,Polo,7,78423.0,1,Petrol,Manual,18.78,999.0,75.0,5,13.384729180332174,chennai
Maruti Alto 800,Maruti,Alto 800,12,43088.0,2,Petrol,Manual,22.05,796.0,47.33,5,12.404927602627597,chennai
Renault Kiger,Renault,Kiger,5,14103.0,1,Petrol,Manual,20.5,999.0,98.63,5,13.610944619216111,chennai
Mercedes-Benz C-Class,Mercedes-Benz,C-Class,15,74000.0,1,Diesel,Automatic,15.8,1949.5,170.0,5,13.910821646859095,chennai
Toyota Urban cruiser,Toyota,Urban cruiser,4,41285.0,1,Petrol,Automatic,18.76,1462.0,103.26,5,13.955273369904273,chennai
Ford Figo,Ford,Figo,14,76554.0,3,Petrol,Manual,15.6,1196.0,70.02,5,12.25486757159303,chennai
Datsun GO Plus,Datsun,GO Plus,8,25119.0,1,Petrol,Manual,19.02,1198.0,67.05,7,12.876465396508989,chennai
Volkswagen Taigun,Volkswagen,Taigun,4,4977.0,1,Petrol,Manual,20.08,999.0,113.98,5,14.240125138933223,chennai
Volvo XC40,Volvo,XC40,3,10000.0,1,Petrol,Automatic,12.18,1949.5,180.02499999999998,5,15.483217567201578,chennai
Honda New Accord,Honda,New Accord,22,85037.0,3,Petrol,Automatic,10.25,1949.5,180.02499999999998,5,12.429220196836383,chennai
Maruti S-Presso,Maruti,S-Presso,5,2177.0,2,Petrol,Manual,21.7,998.0,65.71,5,13.215855541983634,chennai
Ford Ecosport,Ford,Ecosport,8,40511.0,1,Diesel,Manual,21.7,1498.0,98.96,5,13.664688831019712,chennai
Hyundai Venue,Hyundai,Venue,5,30400.0,1,Petrol,Manual,18.0,998.0,118.35,5,13.95091606833254,chennai
Honda WR-V,Honda,WR-V,9,75000.0,1,Diesel,Manual,25.5,1498.0,98.6,5,13.579789490265188,chennai
Skoda Kushaq,Skoda,Kushaq,5,27600.0,1,Petrol,Automatic,17.2,999.0,113.98,5,14.316286451937186,chennai
Hyundai Grand i10,Hyundai,Grand i10,11,53908.0,1,Diesel,Manual,24.0,1120.0,70.0,5,13.07107218827772,chennai
Mercedes-Benz E-Class,Mercedes-Benz,E-Class,6,30000.0,1,Diesel,Automatic,16.1,1949.5,180.02499999999998,5,15.555976908243359,chennai
Mercedes-Benz GLE,Mercedes-Benz,GLE,9,46000.0,1,Diesel,Automatic,17.9,1949.5,180.02499999999998,5,15.414898336565054,chennai
Tata Punch,Tata,Punch,5,9471.0,1,Petrol,Automatic,18.8,1199.0,86.63,5,13.627975434117433,chennai
Tata Tiago,Tata,Tiago,6,12011.0,1,Petrol,Automatic,23.84,1199.0,83.83,5,13.381647518543097,chennai
Volkswagen Vento,Volkswagen,Vento,15,85000.0,2,Petrol,Automatic,14.4,1598.0,103.6,5,12.834683971615659,chennai
Hyundai Creta,Hyundai,Creta,10,27370.0,1,Petrol,Automatic,13.0,1591.0,121.3,5,13.778847610936543,chennai
Hyundai EON,Hyundai,EON,10,53098.0,2,Petrol,Manual,21.1,814.0,55.2,5,12.570719231334277,chennai
Datsun RediGO,Datsun,RediGO,7,51680.0,1,Petrol,Manual,22.7,799.0,53.64,5,12.73670383776449,chennai
Honda City,Honda,City,8,35821.0,2,Petrol,Automatic,18.0,1497.0,117.6,5,13.716795688777268,chennai
Land Rover Range Rover Evoque,Land,Rover Range Rover Evoque,13,60000.0,2,Petrol,Automatic,12.07,1949.5,180.02499999999998,5,15.009433329466965,chennai
Hyundai i20,Hyundai,i20,8,39323.0,2,Petrol,Automatic,17.4,1197.0,81.86,5,13.438634364432907,chennai
Renault KWID,Renault,KWID,10,60799.0,1,Petrol,Manual,25.17,799.0,53.3,5,12.721888795877375,chennai
Mercedes-Benz C-Class,Mercedes-Benz,C-Class,12,130000.0,2,Diesel,Automatic,14.84,1949.5,170.0,5,14.115615891155079,chennai
Toyota Camry,Toyota,Camry,12,63000.0,1,Petrol,Automatic,19.16,1949.5,158.2,5,14.403297778421795,chennai
Mercedes-Benz E-Class,Mercedes-Benz,E-Class,9,50000.0,1,Diesel,Automatic,17.0,1949.5,180.02499999999998,5,15.404745967162468,chennai
BMW 3 Series Gran Limousine,BMW,3 Series Gran Limousine,5,22600.0,1,Diesel,Automatic,19.62,1949.5,180.02499999999998,5,15.564710586686562,chennai
Maruti Ciaz,Maruti,Ciaz,5,30000.0,1,Petrol,Manual,20.65,1462.0,103.25,5,13.710151153416941,chennai
Hyundai Verna,Hyundai,Verna,8,58619.0,1,Petrol,Manual,17.0,1591.0,121.3,5,13.710151153416941,chennai
Ford Ecosport,Ford,Ecosport,7,23300.0,1,Petrol,Manual,17.0,1497.0,121.31,5,13.698977865303197,chennai
Hyundai i20,Hyundai,i20,16,121032.0,3,Petrol,Manual,17.0,1197.0,180.02499999999998,5,12.54254845357358,chennai
Hyundai i10,Hyundai,i10,16,91000.0,1,Petrol,Manual,20.36,1197.0,78.9,5,12.487488878546145,chennai
Kia Seltos,Kia,Seltos,6,30000.0,1,Diesel,Manual,20.8,1493.0,113.43,5,13.997832948091215,chennai
Maruti Baleno,Maruti,Baleno,7,82171.0,2,Petrol,Manual,21.4,1197.0,83.1,5,13.260386417460465,chennai
Tata Tiago,Tata,Tiago,4,18551.0,1,Cng,Manual,26.49,1199.0,72.0,5,13.47442911525415,chennai
Hyundai i20,Hyundai,i20,6,35000.0,1,Petrol,Automatic,20.28,998.0,118.41,5,13.774689605110144,chennai
Maruti Alto 800,Maruti,Alto 800,10,50252.0,1,Petrol,Manual,24.7,796.0,47.3,5,12.51723073716405,chennai
Honda Amaze,Honda,Amaze,7,34715.0,2,Petrol,Manual,19.5,1199.0,88.76,5,13.292951364319082,chennai
MG Hector,MG,Hector,6,30197.0,1,Petrol,Automatic,13.96,1451.0,141.0,5,14.360738188157574,chennai
Hyundai Creta,Hyundai,Creta,8,79089.0,2,Petrol,Manual,13.0,1591.0,121.3,5,13.64709190633931,chennai
Nissan Sunny,Nissan,Sunny,15,24035.0,2,Petrol,Manual,16.95,1498.0,97.7,5,12.611541086966115,chennai
Hyundai Grand i10 Nios,Hyundai,Grand i10 Nios,6,39605.0,1,Diesel,Manual,26.2,1186.0,73.97,5,13.507627138738266,chennai
Maruti Wagon R,Maruti,Wagon R,10,66992.0,1,Petrol,Automatic,20.51,998.0,67.0,5,12.91657092142417,chennai
Maruti Celerio,Maruti,Celerio,9,29973.0,1,Petrol,Manual,21.63,998.0,67.05,5,13.038981768465277,chennai
Renault KWID,Renault,KWID,8,49791.0,1,Petrol,Manual,25.17,799.0,53.3,5,12.793862088206213,chennai
MG Hector,MG,Hector,6,52609.0,1,Petrol,Automatic,13.96,1451.0,141.0,5,14.316286451937186,chennai
Honda Jazz,Honda,Jazz,16,70000.0,1,Petrol,Manual,16.0,1198.0,180.02499999999998,5,12.793862088206213,chennai
Honda WR-V,Honda,WR-V,8,23000.0,1,Petrol,Manual,17.5,1199.0,88.7,5,13.45883704259595,chennai
Maruti Alto,Maruti,Alto,16,52172.0,1,Petrol,Manual,19.7,796.0,46.3,5,12.25486757159303,chennai
Nissan Micra,Nissan,Micra,9,67022.0,1,Petrol,Automatic,19.34,1198.0,75.94,5,13.091904169919621,chennai
Audi A8,Audi,A8,5,9900.0,1,Petrol,Automatic,11.7,1949.5,180.02499999999998,5,16.012735246411598,chennai
Volkswagen Ameo,Volkswagen,Ameo,10,103651.0,2,Diesel,Manual,21.66,1498.0,108.62,5,13.148033073468746,chennai
Honda Amaze,Honda,Amaze,10,49682.0,1,Petrol,Automatic,15.5,1198.0,86.7,5,13.161586013632684,chennai
Volvo XC60,Volvo,XC60,8,31000.0,1,Diesel,Automatic,14.7,1949.5,180.02499999999998,5,15.38412668421143,chennai
Renault KWID,Renault,KWID,8,53751.0,3,Petrol,Manual,25.17,799.0,53.3,5,12.628070334272698,chennai
Maruti Alto 800,Maruti,Alto 800,11,111283.0,2,Petrol,Manual,22.05,796.0,47.33,5,12.380030154325457,chennai
Ford Ecosport,Ford,Ecosport,13,63000.0,2,Diesel,Manual,22.7,1498.0,89.84,5,13.199326270390594,chennai
Datsun GO Plus,Datsun,GO Plus,10,52509.0,1,Petrol,Manual,19.44,1198.0,67.0,7,12.799402253235032,chennai
Nissan Micra,Nissan,Micra,9,69319.0,1,Diesel,Manual,23.08,1461.0,63.1,5,13.038981768465277,chennai
Maruti Celerio,Maruti,Celerio,8,89191.0,1,Petrol,Manual,25.24,998.0,65.71,5,13.019224835777257,chennai
Mahindra KUV 100,Mahindra,KUV 100,9,123152.0,1,Diesel,Manual,25.32,1198.0,77.0,6,12.999067423500716,chennai
Audi A6,Audi,A6,13,65000.0,2,Diesel,Automatic,17.68,1949.5,174.33,5,14.207553321415745,chennai
Honda Amaze,Honda,Amaze,12,116413.0,1,Diesel,Manual,25.8,1498.0,98.6,5,12.971542813248437,chennai
Audi A6,Audi,A6,11,56000.0,1,Petrol,Automatic,15.26,1798.0,180.02499999999998,5,14.64406281221155,chennai
Audi A6,Audi,A6,11,78000.0,1,Petrol,Automatic,15.26,1798.0,180.02499999999998,5,14.552674623940995,chennai
MG Hector,MG,Hector,5,18377.0,1,Petrol,Manual,15.81,1451.0,141.0,5,14.375126917328105,chennai
Honda City,Honda,City,16,97000.0,2,Petrol,Automatic,16.8,1497.0,180.02499999999998,5,12.807655372286902,chennai
Hyundai EON,Hyundai,EON,11,75184.0,1,Petrol,Manual,21.1,814.0,55.2,5,12.567240979056246,chennai
Maruti Swift Dzire,Maruti,Swift Dzire,12,49387.0,2,Petrol,Manual,22.41,1197.0,88.5,5,12.987690762404629,chennai
Hyundai i10,Hyundai,i10,15,81000.0,1,Petrol,Manual,20.36,1197.0,78.9,5,12.644330802262578,chennai
Maruti Wagon R,Maruti,Wagon R,16,80320.0,1,Petrol,Manual,18.9,998.0,67.1,5,12.567240979056246,chennai
Skoda Rapid,Skoda,Rapid,5,8608.0,1,Petrol,Automatic,16.24,999.0,108.62,5,13.999498226023698,chennai
Hyundai Verna,Hyundai,Verna,8,23000.0,1,Petrol,Automatic,17.0,1591.0,121.3,5,13.790193775620484,chennai
Nissan Terrano,Nissan,Terrano,11,96892.0,3,Diesel,Manual,19.01,1461.0,108.5,5,13.151924121391561,chennai
Renault Duster,Renault,Duster,10,75000.0,1,Diesel,Manual,19.87,1461.0,83.8,5,13.407543823396258,chennai
Maruti Alto 800,Maruti,Alto 800,10,61237.0,1,Petrol,Manual,22.05,796.0,47.33,5,12.53897064502647,chennai
Nissan Magnite,Nissan,Magnite,5,32806.0,1,Petrol,Manual,20.0,999.0,98.63,5,13.548938754204904,chennai
Renault KWID,Renault,KWID,7,52138.0,1,Petrol,Manual,23.01,999.0,67.0,5,12.847929163278053,chennai
Volkswagen Ameo,Volkswagen,Ameo,10,37429.0,1,Petrol,Manual,19.44,999.0,75.0,5,13.161586013632684,chennai
Maruti Wagon R,Maruti,Wagon R,16,78978.0,2,Petrol,Manual,21.79,998.0,67.05,5,12.468440756144114,chennai
Toyota Fortuner,Toyota,Fortuner,14,100000.0,2,Diesel,Manual,13.0,1949.5,168.5,7,14.204169225721929,chennai
Mercedes-Benz M-Class,Mercedes-Benz,M-Class,12,96000.0,2,Diesel,Automatic,15.26,1949.5,180.02499999999998,5,14.496079462646344,chennai
Skoda Kodiaq,Skoda,Kodiaq,8,69000.0,1,Diesel,Automatic,16.25,1949.5,148.0,7,14.845130332288226,chennai
Honda Brio,Honda,Brio,11,52044.0,1,Petrol,Manual,19.4,1198.0,86.8,5,13.017005083966255,chennai
Audi A3,Audi,A3,7,37000.0,1,Petrol,Automatic,19.2,1395.0,150.0,5,14.70134249472477,chennai
Renault Triber,Renault,Triber,3,8541.0,1,Petrol,Manual,20.0,999.0,71.01,7,13.641158361294979,chennai
Skoda Rapid,Skoda,Rapid,7,30000.0,2,Petrol,Automatic,14.84,1598.0,103.2,5,13.47302165746721,chennai
Maruti Celerio X,Maruti,Celerio X,8,44768.0,1,Petrol,Automatic,21.63,998.0,67.0,5,13.036807667689546,chennai
Ford Ecosport,Ford,Ecosport,6,27062.0,1,Petrol,Manual,15.9,1496.0,120.69,5,13.552847548877052,chennai
Hyundai Verna,Hyundai,Verna,8,46973.0,1,Petrol,Manual,17.0,1591.0,121.3,5,13.710151153416941,chennai
Volkswagen Virtus,Volkswagen,Virtus,4,22239.0,1,Petrol,Manual,19.4,999.0,113.98,5,14.060024918099726,chennai
Tata Nexon,Tata,Nexon,5,16455.0,1,Petrol,Manual,17.57,1199.0,118.36,5,13.784020922864116,chennai
BMW 5 Series,BMW,5 Series,5,20000.0,1,Diesel,Automatic,20.37,1949.5,180.02499999999998,5,15.607270193858982,chennai
Tata Altroz,Tata,Altroz,4,5107.0,1,Petrol,Automatic,18.5,1199.0,86.83,5,13.755761615129062,chennai
Hyundai Grand i10 Nios,Hyundai,Grand i10 Nios,4,34000.0,1,Petrol,Manual,20.7,1197.0,81.86,5,13.444448325847754,chennai
Jeep Compass,Jeep,Compass,8,88923.0,1,Petrol,Automatic,16.0,1368.0,160.0,5,14.043443422188307,chennai
Maruti Wagon R,Maruti,Wagon R,13,94581.0,2,Petrol,Manual,18.9,998.0,67.1,5,12.570719231334277,chennai
Land Rover Discovery,Land,Rover Discovery,9,71000.0,1,Diesel,Automatic,18.0,1949.5,180.02499999999998,7,15.096444681204078,chennai
Hyundai i20,Hyundai,i20,5,30924.0,1,Petrol,Manual,20.0,998.0,118.36,5,13.76421831620775,chennai
Maruti Alto K10,Maruti,Alto K10,15,58747.0,2,Petrol,Manual,20.92,998.0,67.1,5,12.310437165348775,chennai
Maruti Alto,Maruti,Alto,14,63697.0,1,Petrol,Manual,19.7,796.0,46.3,5,12.367345048436391,chennai
Honda WR-V,Honda,WR-V,9,53000.0,1,Diesel,Manual,25.5,1498.0,98.6,5,13.698977865303197,chennai
Ford Ecosport,Ford,Ecosport,10,43000.0,1,Diesel,Manual,21.7,1498.0,98.96,5,13.399996629152975,chennai
Toyota Camry,Toyota,Camry,6,21000.0,1,Petrol,Automatic,19.16,1949.5,180.02499999999998,5,15.176487367510099,chennai
Honda Amaze,Honda,Amaze,13,108513.0,2,Diesel,Manual,25.8,1498.0,98.6,5,12.847929163278053,chennai
Skoda Rapid,Skoda,Rapid,11,91000.0,1,Diesel,Automatic,21.66,1498.0,103.52,5,13.42246945133505,chennai
Lexus ES,Lexus,ES,8,37000.0,1,Petrol,Automatic,22.37,1949.5,180.02499999999998,5,15.424948670398354,chennai
Honda WR-V,Honda,WR-V,5,71721.0,1,Diesel,Manual,23.7,1498.0,97.89,5,13.786082777139049,chennai
Renault KWID,Renault,KWID,7,39276.0,1,Petrol,Manual,23.01,999.0,67.0,5,12.77138929548529,chennai
Jaguar XF,Jaguar,XF,12,35000.0,1,Diesel,Automatic,19.33,1949.5,177.0,5,14.648420115681892,chennai
Maruti Vitara Brezza,Maruti,Vitara Brezza,7,85616.0,1,Diesel,Automatic,24.3,1248.0,88.5,5,13.671641342278317,chennai
Toyota Etios,Toyota,Etios,10,56380.0,1,Petrol,Manual,16.78,1496.0,88.73,5,13.138238695062618,chennai
Hyundai i20,Hyundai,i20,17,83000.0,3,Petrol,Manual,18.5,1197.0,180.02499999999998,5,12.468440756144114,chennai
Maruti Vitara Brezza,Maruti,Vitara Brezza,10,66211.0,1,Diesel,Manual,24.3,1248.0,88.5,5,13.587355721107137,chennai
Audi A3,Audi,A3,7,37000.0,1,Petrol,Automatic,19.2,1395.0,150.0,5,14.72376952136689,chennai
Hyundai Grand i10,Hyundai,Grand i10,10,60662.0,1,Petrol,Manual,18.9,1197.0,82.0,5,12.980802117227352,chennai
Tata Punch,Tata,Punch,5,24140.0,1,Petrol,Automatic,18.8,1199.0,86.63,5,13.569611298299009,chennai
Audi A6,Audi,A6,11,56000.0,1,Petrol,Automatic,15.26,1798.0,180.02499999999998,5,14.552674623940995,chennai
Audi Q3,Audi,Q3,9,47000.0,1,Petrol,Automatic,16.9,1395.0,147.51,5,14.72376952136689,chennai
Audi Q3,Audi,Q3,10,54700.0,1,Diesel,Automatic,15.73,1949.5,174.33,5,14.503645196700676,chennai
Hyundai i20,Hyundai,i20,5,27000.0,1,Petrol,Automatic,20.28,998.0,118.41,5,13.901689171636098,chennai
Chevrolet Beat,Chevrolet,Beat,13,63000.0,2,Diesel,Manual,25.44,936.0,57.6,5,12.765691290604371,chennai
BMW X1,BMW,X1,7,65000.0,1,Diesel,Automatic,20.68,1949.5,180.02499999999998,5,15.03190617858502,chennai
Audi A6,Audi,A6,13,81000.0,4,Diesel,Automatic,14.57,1949.5,180.02499999999998,5,13.81049801614073,chennai
Mercedes-Benz GL-Class,Mercedes-Benz,GL-Class,12,94000.0,2,Diesel,Automatic,11.3,1949.5,180.02499999999998,7,14.72376952136689,chennai
Kia Carens,Kia,Carens,4,11000.0,1,Petrol,Automatic,16.5,1353.0,138.05,7,14.48334044336031,chennai
Volkswagen Virtus,Volkswagen,Virtus,4,12901.0,1,Petrol,Automatic,18.12,999.0,113.98,5,14.29855441762077,chennai
Datsun GO,Datsun,GO,7,29708.0,1,Petrol,Automatic,19.59,1198.0,76.43,5,13.062615496138552,chennai
MG Astor,MG,Astor,5,22186.0,1,Petrol,Automatic,14.85,1498.0,108.49,5,14.340239086899256,chennai
Datsun GO Plus,Datsun,GO Plus,7,71413.0,1,Petrol,Manual,19.02,1198.0,67.05,7,12.889172015485954,chennai
Hyundai i20,Hyundai,i20,15,50046.0,3,Petrol,Manual,17.0,1197.0,180.02499999999998,5,12.614868865984631,chennai
Kia Seltos,Kia,Seltos,7,57600.0,1,Petrol,Automatic,16.2,1353.0,138.0,5,14.214287349062356,chennai
Datsun GO,Datsun,GO,7,46116.0,2,Petrol,Manual,19.83,1198.0,67.0,5,12.881567435377423,chennai
Tata New Safari,Tata,New Safari,5,24602.0,1,Diesel,Automatic,14.08,1949.5,167.67,6,14.452616876461185,chennai
Volkswagen Polo,Volkswagen,Polo,8,81454.0,1,Petrol,Manual,18.78,999.0,75.0,5,13.22672519452875,chennai
BMW 3 Series,BMW,3 Series,4,6000.0,1,Petrol,Automatic,16.13,1949.5,180.02499999999998,5,15.607270193858982,chennai
Ford Ecosport,Ford,Ecosport,7,37655.0,1,Petrol,Automatic,14.8,1497.0,121.36,5,13.805461232211272,chennai
Audi A4,Audi,A4,13,73000.0,2,Diesel,Automatic,17.11,1949.5,174.33,5,14.144815024531075,chennai
Volkswagen Vento,Volkswagen,Vento,9,15100.0,1,Petrol,Manual,16.09,1598.0,103.5,5,13.652992804936396,chennai
Audi Q3,Audi,Q3,10,70000.0,2,Diesel,Automatic,15.17,1949.5,180.02499999999998,5,14.70134249472477,chennai
Audi Q3,Audi,Q3,10,75000.0,2,Diesel,Automatic,15.17,1949.5,180.02499999999998,5,14.669926311652166,chennai
Kia Sonet,Kia,Sonet,6,23700.0,1,Petrol,Manual,18.2,998.0,118.36,5,13.864301674514206,chennai
Renault Kiger,Renault,Kiger,4,7087.0,0,Petrol,Manual,20.5,999.0,98.63,5,13.78711211224863,chennai
Hyundai Grand i10 Nios,Hyundai,Grand i10 Nios,6,40000.0,1,Petrol,Manual,20.7,1197.0,81.86,5,13.493928313146206,chennai
Renault KWID,Renault,KWID,10,58155.0,2,Petrol,Manual,25.17,799.0,53.3,5,12.663500657121004,chennai
Ford Ecosport,Ford,Ecosport,6,30015.0,3,Petrol,Automatic,14.8,1497.0,121.36,5,13.664688831019712,chennai
Hyundai Aura,Hyundai,Aura,4,5239.0,1,Petrol,Automatic,20.1,1197.0,81.86,5,13.698977865303197,chennai
Hyundai i10,Hyundai,i10,15,62606.0,2,Petrol,Manual,20.36,1197.0,78.9,5,12.43320821811392,chennai
Tata Tiago,Tata,Tiago,9,65287.0,1,Petrol,Manual,23.84,1199.0,84.0,5,12.978495316450783,chennai
Audi A3,Audi,A3,7,12000.0,2,Diesel,Automatic,20.38,1949.5,143.0,5,14.978661680269907,chennai
Maruti Ciaz,Maruti,Ciaz,8,50267.0,1,Diesel,Automatic,28.09,1248.0,88.5,5,13.480039220276565,chennai
Maruti Alto K10,Maruti,Alto K10,11,87277.0,1,Petrol,Automatic,23.95,998.0,67.05,5,12.75130259456002,chennai
Maruti SX4 S Cross,Maruti,SX4 S Cross,5,11323.0,1,Petrol,Manual,18.55,1462.0,103.25,5,13.658857917508856,chennai
Maruti Celerio,Maruti,Celerio,10,90487.0,1,Petrol,Automatic,26.0,998.0,65.71,5,12.807655372286902,chennai
Maruti Zen Estilo,Maruti,Zen Estilo,16,55405.0,1,Petrol,Manual,19.0,998.0,67.1,5,12.301387370778713,chennai
BMW 3 Series Gran Limousine,BMW,3 Series Gran Limousine,4,15000.0,1,Diesel,Automatic,19.62,1949.5,180.02499999999998,5,15.619692711799926,chennai
Mahindra TUV 300,Mahindra,TUV 300,9,31450.0,1,Diesel,Manual,18.49,1493.0,100.0,7,13.698977865303197,chennai
Audi Q3,Audi,Q3,13,90000.0,1,Diesel,Automatic,15.73,1949.5,174.33,5,14.115615891155079,chennai
Mercedes-Benz C-Class,Mercedes-Benz,C-Class,14,36000.0,2,Petrol,Automatic,14.74,1949.5,180.02499999999998,5,14.014362236381235,chennai
Audi Q3,Audi,Q3,9,40000.0,2,Diesel,Automatic,15.73,1949.5,174.33,5,14.690979711984754,chennai
Honda CR-V,Honda,CR-V,9,95000.0,1,Petrol,Automatic,13.7,1949.5,153.86,5,14.316286451937186,chennai
Hyundai i20,Hyundai,i20,16,107280.0,2,Petrol,Manual,18.5,1197.0,180.02499999999998,5,12.524530013005734,chennai
Nissan Kicks,Nissan,Kicks,7,45700.0,1,Diesel,Manual,20.45,1461.0,108.5,5,13.864301674514206,chennai
Fiat Punto,Fiat,Punto,13,74686.0,1,Diesel,Manual,20.3,1248.0,75.0,5,12.59473402514672,chennai
Maruti Celerio,Maruti,Celerio,8,119004.0,1,Petrol,Manual,25.24,998.0,65.71,5,13.04115549117383,chennai
Hyundai Venue,Hyundai,Venue,7,117079.0,1,Diesel,Manual,23.7,1396.0,88.76,5,13.4856180275228,chennai
Honda Jazz,Honda,Jazz,9,35000.0,1,Petrol,Manual,18.7,1199.0,88.7,5,13.217675375388819,chennai
Hyundai Santro Xing,Hyundai,Santro Xing,14,76730.0,1,Petrol,Manual,17.92,1086.0,62.1,5,12.567240979056246,chennai
Hyundai Venue,Hyundai,Venue,4,21123.0,1,Petrol,Manual,18.0,998.0,118.35,5,13.849912950864715,chennai
Toyota Corolla Altis,Toyota,Corolla Altis,12,98000.0,1,Petrol,Automatic,14.28,1798.0,138.03,5,13.681980308196241,chennai
Tata Tiago,Tata,Tiago,8,69684.0,1,Petrol,Manual,23.84,1199.0,84.0,5,13.005831808336863,chennai
Renault Duster,Renault,Duster,6,16600.0,1,Petrol,Automatic,16.42,1330.0,153.866,5,13.989464705423494,chennai
Volkswagen Vento,Volkswagen,Vento,10,90403.0,2,Petrol,Manual,16.09,1598.0,103.2,5,13.199326270390594,chennai
Volkswagen Polo,Volkswagen,Polo,10,81009.0,3,Diesel,Manual,20.14,1498.0,88.0,5,13.277657974137664,chennai
Volkswagen Taigun,Volkswagen,Taigun,5,16500.0,1,Petrol,Manual,17.88,1498.0,147.51,5,14.386490669521603,chennai
Tata Tiago,Tata,Tiago,9,84741.0,2,Diesel,Manual,27.28,1047.0,69.0,5,12.971542813248437,chennai
Mahindra TUV 300 Plus,Mahindra,TUV 300 Plus,8,51122.0,1,Diesel,Manual,18.49,1949.5,120.0,9,13.805461232211272,chennai
Mercedes-Benz E-Class,Mercedes-Benz,E-Class,10,60000.0,2,Diesel,Automatic,13.0,1949.5,180.02499999999998,5,14.790070575320824,chennai
Ford Figo,Ford,Figo,16,96094.0,4,Diesel,Manual,20.0,1399.0,68.05,5,11.695255355062795,chennai
Maruti Swift,Maruti,Swift,8,42891.0,1,Petrol,Automatic,22.0,1197.0,81.8,5,13.3374763699232,chennai
Renault Duster,Renault,Duster,8,59100.0,1,Diesel,Manual,19.87,1461.0,83.8,5,13.698977865303197,chennai
Tata Nexon,Tata,Nexon,8,55913.0,1,Petrol,Automatic,17.0,1198.0,108.5,5,13.593617474489168,chennai
Volkswagen Tiguan,Volkswagen,Tiguan,9,65000.0,1,Diesel,Automatic,16.65,1949.5,141.0,5,14.53335083891935,chennai
BMW 3 Series GT,BMW,3 Series GT,7,60000.0,1,Diesel,Automatic,21.76,1949.5,180.02499999999998,5,15.089476013830486,chennai
Kia Seltos,Kia,Seltos,4,10000.0,1,Diesel,Automatic,18.0,1493.0,113.43,5,14.45736497045232,delhi
Hyundai Creta,Hyundai,Creta,10,57437.0,2,Petrol,Manual,15.29,1591.0,121.3,5,13.54370314700388,delhi
Mercedes-Benz GLC,Mercedes-Benz,GLC,6,8000.0,1,Petrol,Automatic,12.74,1949.5,180.02499999999998,5,15.53827733427679,delhi
Maruti Swift,Maruti,Swift,8,28151.0,2,Petrol,Manual,22.38,1197.0,88.5,5,13.167338655091122,delhi
Hyundai Creta,Hyundai,Creta,9,60000.0,1,Petrol,Manual,15.29,1591.0,121.3,5,13.547632419997361,delhi
Kia Sonet,Kia,Sonet,5,20000.0,1,Petrol,Manual,18.4,1197.0,81.86,5,13.704578997256993,delhi
Hyundai Aura,Hyundai,Aura,5,42682.0,1,Cng,Manual,28.0,1197.0,68.05,5,13.470200785104238,delhi
Volkswagen Polo,Volkswagen,Polo,9,44653.0,1,Petrol,Manual,18.78,1198.0,74.0,5,12.899222326086994,delhi
Maruti Baleno,Maruti,Baleno,7,67823.0,1,Petrol,Manual,21.01,1197.0,81.8,5,13.404531777462488,delhi
Honda Brio,Honda,Brio,12,50000.0,1,Petrol,Automatic,16.5,1198.0,86.8,5,12.873904582205107,delhi
Nissan Kicks,Nissan,Kicks,7,97055.0,1,Diesel,Manual,20.45,1461.0,108.5,5,13.572165574841936,delhi
Toyota Camry,Toyota,Camry,9,114000.0,1,Petrol,Automatic,19.16,1949.5,157.7,5,14.557448378884015,delhi
BMW 5 Series,BMW,5 Series,10,30000.0,1,Diesel,Automatic,18.12,1949.5,180.02499999999998,5,14.669926311652166,delhi
Toyota Innova Crysta,Toyota,Innova Crysta,4,7000.0,1,Petrol,Manual,10.25,1949.5,163.6,7,14.626441218624949,delhi
MG Gloster,MG,Gloster,5,34000.0,1,Diesel,Automatic,12.4,1949.5,180.02499999999998,7,15.068273812173887,delhi
BMW X1,BMW,X1,13,29000.0,1,Diesel,Automatic,17.05,1949.5,180.02499999999998,5,13.710151153416941,delhi
Mercedes-Benz GLC,Mercedes-Benz,GLC,6,38000.0,1,Petrol,Automatic,12.74,1949.5,180.02499999999998,5,15.472785990470285,delhi
Tata Safari Storme,Tata,Safari Storme,13,150000.0,1,Diesel,Manual,14.0,1949.5,138.1,7,12.765691290604371,delhi
Hyundai Venue,Hyundai,Venue,7,83329.0,1,Diesel,Manual,23.7,1396.0,88.7,5,13.639967177343745,delhi
Maruti Zen Estilo,Maruti,Zen Estilo,18,43000.0,1,Petrol,Manual,18.2,1061.0,64.0,5,11.695255355062795,delhi
Hyundai Grand i10 Nios,Hyundai,Grand i10 Nios,4,8000.0,1,Petrol,Manual,20.7,1197.0,81.86,5,13.527829818844937,delhi
Skoda Kushaq,Skoda,Kushaq,5,11404.0,1,Petrol,Automatic,17.2,999.0,113.98,5,14.06549154204794,delhi
Hyundai Creta,Hyundai,Creta,7,70000.0,2,Petrol,Manual,13.0,1591.0,121.3,5,13.652992804936396,delhi
Tata Altroz,Tata,Altroz,3,23000.0,1,Diesel,Manual,23.64,1497.0,88.77,5,13.676248490630767,delhi
Maruti Ignis,Maruti,Ignis,4,19044.0,1,Petrol,Manual,20.89,1197.0,81.8,5,13.359805810705184,delhi
BMW 7 Series,BMW,7 Series,9,23500.0,1,Petrol,Automatic,12.5,1949.5,180.02499999999998,5,15.830413711839864,delhi
Hyundai Creta,Hyundai,Creta,7,17367.0,1,Petrol,Manual,15.8,1591.0,121.3,5,14.038654909278163,delhi
Kia Seltos,Kia,Seltos,6,3800.0,1,Diesel,Manual,20.8,1493.0,113.43,5,14.096923772119156,delhi
BMW 3 Series GT,BMW,3 Series GT,9,45000.0,1,Petrol,Automatic,15.34,1949.5,180.02499999999998,5,14.9833382266958,delhi
Hyundai Grand i10,Hyundai,Grand i10,12,43124.0,2,Petrol,Automatic,18.9,1197.0,82.0,5,12.95039048795861,delhi
Mahindra XUV500,Mahindra,XUV500,6,20000.0,1,Diesel,Manual,15.1,1949.5,152.87,7,14.077875591662238,delhi
Hyundai Creta,Hyundai,Creta,9,60000.0,1,Diesel,Automatic,17.01,1582.0,126.2,5,13.815511557963774,delhi
Maruti Baleno,Maruti,Baleno,8,36000.0,1,Petrol,Manual,21.01,1197.0,81.8,5,13.304686600863562,delhi
Hyundai Grand i10,Hyundai,Grand i10,11,44559.0,1,Petrol,Automatic,18.9,1197.0,82.0,5,13.112315061750808,delhi
MG Hector Plus,MG,Hector Plus,4,10000.0,1,Petrol,Manual,14.025,1451.0,141.0,6,14.53335083891935,delhi
Tata Altroz,Tata,Altroz,5,37587.0,1,Petrol,Manual,19.33,1199.0,86.83,5,13.348703414510117,delhi
Honda Amaze,Honda,Amaze,10,90000.0,1,Petrol,Manual,17.8,1198.0,86.7,5,12.73670383776449,delhi
Hyundai i10,Hyundai,i10,16,73786.0,1,Petrol,Manual,20.36,1197.0,78.9,5,12.154784614286667,delhi
Toyota Corolla Altis,Toyota,Corolla Altis,17,50000.0,1,Petrol,Automatic,14.53,1794.0,138.1,5,12.611541086966115,delhi
Maruti Swift,Maruti,Swift,8,22000.0,1,Petrol,Manual,21.21,1197.0,81.8,5,13.26212705890841,delhi
Maruti Baleno,Maruti,Baleno,7,38103.0,1,Petrol,Automatic,19.56,1197.0,81.8,5,13.51845266959401,delhi
Maruti Ignis,Maruti,Ignis,4,15000.0,1,Petrol,Manual,20.89,1197.0,81.8,5,13.377007146164305,delhi
Toyota Innova Crysta,Toyota,Innova Crysta,8,69000.0,1,Diesel,Automatic,11.36,1949.5,171.5,7,14.346139397261565,delhi
Hyundai Grand i10,Hyundai,Grand i10,13,48327.0,2,Petrol,Manual,18.9,1197.0,82.0,5,12.791080452981857,delhi
Maruti Zen Estilo,Maruti,Zen Estilo,18,40000.0,1,Petrol,Manual,18.2,1061.0,64.0,5,11.695255355062795,delhi
Kia Seltos,Kia,Seltos,6,38967.0,1,Petrol,Manual,16.5,1353.0,138.08,5,13.92973259411456,delhi
Kia Seltos,Kia,Seltos,6,50000.0,1,Diesel,Manual,20.8,1493.0,113.43,5,14.13396501635527,delhi
Maruti Baleno,Maruti,Baleno,10,33000.0,1,Petrol,Manual,21.01,1197.0,81.8,5,13.171155446333852,delhi
Toyota Etios,Toyota,Etios,12,70000.0,1,Petrol,Manual,16.78,1496.0,88.73,5,12.834683971615659,delhi
Maruti Wagon R,Maruti,Wagon R,20,120000.0,3,Petrol,Manual,18.9,998.0,67.1,5,11.407576060361786,delhi
Isuzu MU-X,Isuzu,MU-X,8,72000.0,1,Diesel,Automatic,13.8,1949.5,175.0,7,14.34555040065407,delhi
Hyundai Creta,Hyundai,Creta,9,58511.0,1,Petrol,Manual,15.29,1591.0,121.3,5,13.704578997256993,delhi
Maruti Swift Dzire,Maruti,Swift Dzire,12,60000.0,1,Diesel,Manual,23.4,1248.0,74.0,5,12.92391243868049,delhi
Mahindra Scorpio,Mahindra,Scorpio,7,40000.0,3,Diesel,Manual,16.36,1949.5,140.0,7,14.038654909278163,delhi
Maruti Swift,Maruti,Swift,7,43500.0,1,Petrol,Manual,22.0,1197.0,81.8,5,13.171155446333852,delhi
Maruti Swift Dzire,Maruti,Swift Dzire,7,68192.0,1,Petrol,Manual,17.5,1298.0,85.8,5,13.345508528717259,delhi
Mahindra XUV500,Mahindra,XUV500,9,100000.0,3,Diesel,Manual,16.0,1949.5,140.0,7,13.652992804936396,delhi
Honda Jazz,Honda,Jazz,11,74872.0,1,Diesel,Manual,27.3,1498.0,98.6,5,12.73670383776449,delhi
Toyota Innova Crysta,Toyota,Innova Crysta,7,47000.0,1,Diesel,Manual,12.0,1949.5,148.0,7,14.375126917328105,delhi
Maruti Brezza,Maruti,Brezza,4,9000.0,1,Petrol,Manual,19.89,1462.0,101.65,5,14.07402202531625,delhi
Volkswagen Polo,Volkswagen,Polo,7,31000.0,1,Petrol,Manual,18.78,999.0,75.0,5,13.457407451830088,delhi
Tata Tiago,Tata,Tiago,8,33709.0,2,Petrol,Manual,23.84,1199.0,84.0,5,12.896719202134523,delhi
Maruti Ignis,Maruti,Ignis,8,123617.0,1,Petrol,Manual,20.89,1197.0,81.8,5,12.866182555987908,delhi
Audi A6,Audi,A6,11,31000.0,1,Diesel,Automatic,17.68,1949.5,174.33,5,14.204169225721929,delhi
Hyundai Santro,Hyundai,Santro,7,45000.0,1,Cng,Manual,28.25,1086.0,58.0,5,13.091904169919621,delhi
Maruti Wagon R,Maruti,Wagon R,12,82000.0,1,Cng,Manual,28.25,998.0,67.04,5,12.59473402514672,delhi
Maruti Celerio,Maruti,Celerio,11,36400.0,1,Petrol,Automatic,23.1,998.0,67.04,5,12.959846800844963,delhi
Mercedes-Benz S-Class,Mercedes-Benz,S-Class,9,75000.0,2,Diesel,Automatic,13.5,1949.5,180.02499999999998,5,15.779120424469856,delhi
Honda Brio,Honda,Brio,13,69000.0,1,Petrol,Manual,19.4,1198.0,86.8,5,12.429220196836383,delhi
Fiat Linea,Fiat,Linea,11,110000.0,1,Diesel,Manual,20.4,1248.0,91.7,5,12.765691290604371,delhi
Nissan Terrano,Nissan,Terrano,10,62500.0,1,Diesel,Automatic,19.61,1461.0,108.5,5,13.377007146164305,delhi
Renault KWID,Renault,KWID,5,20000.0,1,Petrol,Manual,22.25,799.0,53.26,5,13.038981768465277,delhi
Honda City,Honda,City,12,70307.0,2,Petrol,Manual,17.4,1497.0,117.3,5,13.034626646500051,delhi
Audi Q5,Audi,Q5,11,50000.0,1,Diesel,Automatic,14.16,1949.5,174.3,5,14.403297778421795,delhi
Maruti Ignis,Maruti,Ignis,6,30000.0,1,Petrol,Manual,20.89,1197.0,81.8,5,13.270785106659046,delhi
BMW X5,BMW,X5,9,65000.0,1,Diesel,Automatic,15.97,1949.5,180.02499999999998,5,15.250595321348806,delhi
Maruti Ignis,Maruti,Ignis,4,4108.0,2,Petrol,Manual,20.89,1197.0,81.8,5,13.155800087724673,delhi
Hyundai i20,Hyundai,i20,6,40000.0,1,Petrol,Manual,18.6,1197.0,81.86,5,13.527829818844937,delhi
Hyundai i10,Hyundai,i10,14,91926.0,1,Petrol,Manual,20.36,1197.0,78.9,5,12.269052139516223,delhi
Mercedes-Benz E-Class,Mercedes-Benz,E-Class,12,40000.0,1,Diesel,Automatic,13.0,1949.5,180.02499999999998,5,14.187074804051692,delhi
Maruti Ertiga,Maruti,Ertiga,5,40000.0,1,Cng,Manual,26.08,1462.0,91.19,7,13.910821646859095,delhi
Maruti Baleno,Maruti,Baleno,7,60000.0,1,Petrol,Manual,21.4,1197.0,83.1,5,13.322853874813605,delhi
Toyota Glanza,Toyota,Glanza,5,23200.0,1,Petrol,Manual,21.01,1197.0,81.8,5,13.521140839642674,delhi
Kia Seltos,Kia,Seltos,5,36000.0,1,Diesel,Automatic,18.0,1493.0,113.43,5,14.431237131804004,delhi
Hyundai Grand i10,Hyundai,Grand i10,11,50000.0,1,Petrol,Manual,18.9,1197.0,82.0,5,12.936036208848487,delhi
Jeep Compass,Jeep,Compass,9,39000.0,1,Diesel,Manual,17.1,1949.5,170.0,5,13.887832149776026,delhi
Maruti Baleno,Maruti,Baleno,10,55000.0,1,Petrol,Automatic,21.4,1197.0,83.1,5,13.217675375388819,delhi
Tata Altroz,Tata,Altroz,6,55000.0,1,Petrol,Manual,19.33,1199.0,86.83,5,13.199326270390594,delhi
Renault Triber,Renault,Triber,7,24777.0,1,Petrol,Manual,20.0,999.0,71.01,7,13.199326270390594,delhi
Maruti Vitara Brezza,Maruti,Vitara Brezza,10,50000.0,1,Diesel,Manual,24.3,1248.0,88.5,5,13.26212705890841,delhi
Jeep Wrangler,Jeep,Wrangler,5,15000.0,1,Petrol,Automatic,12.1,1949.5,180.02499999999998,5,15.64006001130563,delhi
Maruti Swift Dzire,Maruti,Swift Dzire,14,50854.0,2,Petrol,Manual,22.41,1197.0,88.5,5,12.563750586299374,delhi
Audi A6,Audi,A6,12,134000.0,1,Diesel,Automatic,17.68,1949.5,174.33,5,13.698977865303197,delhi
MG Gloster,MG,Gloster,5,33000.0,1,Diesel,Automatic,12.4,1949.5,180.02499999999998,7,15.053595181858048,delhi
Hyundai Elantra,Hyundai,Elantra,7,34000.0,1,Petrol,Automatic,14.62,1949.5,149.92,5,14.062371417145494,delhi
Maruti Swift Dzire,Maruti,Swift Dzire,12,52515.0,1,Petrol,Manual,22.41,1197.0,88.5,5,12.782688818818986,delhi
Toyota Innova Crysta,Toyota,Innova Crysta,6,45000.0,1,Petrol,Manual,10.25,1949.5,163.6,7,14.48334044336031,delhi
Audi A6,Audi,A6,11,59000.0,1,Diesel,Automatic,18.53,1949.5,180.02499999999998,5,14.552674623940995,delhi
Fiat Linea,Fiat,Linea,17,29582.0,2,Petrol,Manual,16.0,1368.0,90.0,5,11.652687407345388,delhi
Toyota Corolla Altis,Toyota,Corolla Altis,9,41000.0,1,Petrol,Automatic,14.28,1798.0,138.03,5,13.989464705423494,delhi
Renault KWID,Renault,KWID,9,57806.0,2,Petrol,Manual,25.17,799.0,53.3,5,12.59473402514672,delhi
Honda City,Honda,City,7,20000.0,1,Petrol,Automatic,18.0,1497.0,117.6,5,13.815511557963774,delhi
Datsun RediGO,Datsun,RediGO,8,66227.0,1,Petrol,Manual,22.7,799.0,53.64,5,12.269052139516223,delhi
Hyundai i10,Hyundai,i10,16,100000.0,3,Petrol,Manual,19.81,1086.0,68.05,5,11.813037464800539,delhi
Tata Tiago,Tata,Tiago,7,43220.0,2,Petrol,Automatic,23.84,1199.0,83.83,5,13.296318365198623,delhi
Hyundai Xcent,Hyundai,Xcent,11,100000.0,1,Petrol,Manual,18.0,1197.0,82.0,5,12.611541086966115,delhi
Renault KWID,Renault,KWID,8,13500.0,2,Petrol,Manual,23.01,999.0,67.0,5,12.959846800844963,delhi
Tata Tigor,Tata,Tigor,10,60000.0,2,Petrol,Manual,23.84,1199.0,84.0,5,12.706850963741102,delhi
Maruti Baleno,Maruti,Baleno,10,43929.0,1,Petrol,Manual,21.4,1197.0,83.1,5,13.077368103521614,delhi
Maruti Wagon R,Maruti,Wagon R,9,70000.0,1,Petrol,Manual,20.51,998.0,67.04,5,13.017005083966255,delhi
Mahindra XUV500,Mahindra,XUV500,8,70000.0,2,Diesel,Manual,15.1,1949.5,152.87,7,13.710151153416941,delhi
Maruti Baleno,Maruti,Baleno,6,50000.0,1,Petrol,Manual,21.01,1197.0,81.8,5,13.429849547739444,delhi
Hyundai i10,Hyundai,i10,16,100000.0,3,Petrol,Manual,19.81,1086.0,68.05,5,11.813037464800539,delhi
Renault KWID,Renault,KWID,8,34250.0,1,Petrol,Manual,25.17,799.0,53.3,5,12.861001210669146,delhi
Honda Brio,Honda,Brio,14,90000.0,2,Petrol,Manual,19.4,1198.0,86.8,5,12.388398368982115,delhi
Honda Brio,Honda,Brio,14,90000.0,2,Petrol,Manual,19.4,1198.0,86.8,5,12.388398368982115,delhi
Hyundai i10,Hyundai,i10,11,62150.0,1,Petrol,Manual,19.81,1086.0,68.05,5,12.75130259456002,delhi
Maruti Ignis,Maruti,Ignis,8,41200.0,1,Petrol,Automatic,20.89,1197.0,81.8,5,13.132315688453556,delhi
Ford Ecosport,Ford,Ecosport,8,67000.0,1,Petrol,Automatic,14.7,1496.0,120.69,5,13.52649559761195,delhi
Hyundai EON,Hyundai,EON,15,41705.0,2,Petrol,Manual,21.1,814.0,55.2,5,11.849404844423074,delhi
Mahindra Thar,Mahindra,Thar,5,9000.0,1,Petrol,Automatic,15.2,1949.5,150.0,4,14.220976332738882,delhi
Mercedes-Benz GLA Class,Mercedes-Benz,GLA Class,7,27120.0,1,Petrol,Automatic,13.7,1949.5,180.02499999999998,5,14.912455123421447,delhi
Maruti Swift,Maruti,Swift,12,120000.0,1,Diesel,Manual,25.2,1248.0,74.0,5,12.691583538230217,delhi
Maruti Swift,Maruti,Swift,9,55000.0,1,Petrol,Manual,20.4,1197.0,83.11,5,12.973863369085885,delhi
Hyundai Creta,Hyundai,Creta,9,69000.0,1,Petrol,Manual,15.8,1591.0,121.3,5,13.567050480716235,delhi
Hyundai i10,Hyundai,i10,17,90000.0,2,Petrol,Manual,20.36,1197.0,78.9,5,12.04355959836804,delhi
Toyota Glanza,Toyota,Glanza,7,40000.0,1,Petrol,Manual,21.01,1197.0,81.8,5,13.180634172318978,delhi
Maruti Vitara Brezza,Maruti,Vitara Brezza,5,18432.0,1,Petrol,Automatic,18.76,1462.0,103.26,5,13.76316513133229,delhi
Honda Amaze,Honda,Amaze,10,43584.0,1,Petrol,Manual,17.8,1198.0,86.7,5,13.079457964073546,delhi
Maruti Baleno,Maruti,Baleno,9,17665.0,1,Petrol,Manual,21.4,1197.0,83.1,5,13.239258908233676,delhi
Ford Ecosport,Ford,Ecosport,9,70000.0,2,Diesel,Manual,22.77,1498.0,98.59,5,13.304686600863562,delhi
Tata Tigor,Tata,Tigor,4,10203.0,1,Petrol,Manual,19.28,1199.0,84.82,5,13.507627138738266,delhi
Hyundai Grand i10,Hyundai,Grand i10,11,70000.0,2,Petrol,Manual,18.9,1197.0,82.0,5,12.948012371209098,delhi
Honda City,Honda,City,11,63000.0,1,Petrol,Manual,16.8,1497.0,116.3,5,13.215855541983634,delhi
Volkswagen Polo,Volkswagen,Polo,13,45244.0,2,Petrol,Manual,16.47,1198.0,73.9,5,12.682309930111785,delhi
Hyundai i10,Hyundai,i10,17,80000.0,2,Petrol,Manual,20.36,1197.0,78.9,5,12.100717685412471,delhi
Maruti Baleno,Maruti,Baleno,10,77611.0,2,Petrol,Manual,21.4,1197.0,83.1,5,13.064736383209516,delhi
Hyundai Creta,Hyundai,Creta,10,68000.0,1,Petrol,Manual,15.29,1591.0,121.3,5,13.480039220276565,delhi
Maruti A-Star,Maruti,A-Star,14,110000.0,1,Petrol,Manual,19.0,998.0,66.1,5,12.301387370778713,delhi
Honda City,Honda,City,5,30000.0,1,Petrol,Manual,17.4,1497.0,117.6,5,13.710151153416941,delhi
Toyota Innova Crysta,Toyota,Innova Crysta,4,15000.0,1,Petrol,Automatic,10.25,1949.5,163.6,7,14.751604309291395,delhi
Honda City,Honda,City,12,67000.0,1,Petrol,Manual,16.8,1497.0,116.3,5,13.120363378739663,delhi
Mitsubishi Pajero,Mitsubishi,Pajero,12,70000.0,1,Diesel,Manual,13.5,1949.5,178.0,7,13.66119436444038,delhi
Maruti Swift,Maruti,Swift,9,34568.0,2,Petrol,Manual,20.4,1197.0,83.11,5,13.005831808336863,delhi
Volkswagen Polo,Volkswagen,Polo,9,54101.0,1,Petrol,Manual,16.2,1199.0,74.0,5,13.124363376072994,delhi
Toyota Etios Cross,Toyota,Etios Cross,11,120000.0,1,Diesel,Manual,23.59,1364.0,67.06,5,12.899222326086994,delhi
Honda Amaze,Honda,Amaze,10,67000.0,1,Petrol,Manual,19.5,1199.0,88.76,5,12.994532278619134,delhi
Volkswagen Vento,Volkswagen,Vento,10,88952.0,2,Petrol,Automatic,18.19,1197.0,103.2,5,13.355062726308148,delhi
Maruti Wagon R,Maruti,Wagon R,7,65000.0,1,Petrol,Manual,20.52,1197.0,81.8,5,13.208542908506082,delhi
Honda City,Honda,City,11,69000.0,2,Petrol,Automatic,18.0,1497.0,117.3,5,13.215855541983634,delhi
Maruti Wagon R,Maruti,Wagon R,14,50979.0,1,Petrol,Manual,18.9,998.0,67.1,5,12.400820837540556,delhi
Audi A4,Audi,A4,12,95000.0,2,Diesel,Automatic,17.11,1949.5,174.33,5,13.698977865303197,delhi
Hyundai i20,Hyundai,i20,10,58696.0,1,Petrol,Manual,18.6,1197.0,81.83,5,13.210376086227196,delhi
BMW X4,BMW,X4,4,8000.0,1,Petrol,Automatic,12.81,1949.5,180.02499999999998,5,15.683459319990018,delhi
Mercedes-Benz GLA Class,Mercedes-Benz,GLA Class,7,45000.0,1,Diesel,Automatic,17.9,1949.5,136.0,5,14.845130332288226,delhi
Hyundai Venue,Hyundai,Venue,4,30000.0,1,Petrol,Automatic,18.15,998.0,118.35,5,13.901689171636098,delhi
Maruti Ignis,Maruti,Ignis,6,44000.0,1,Petrol,Manual,20.89,1197.0,81.8,5,13.26212705890841,delhi
Land Rover Defender,Land,Rover Defender,3,1600.0,1,Petrol,Automatic,10.25,1949.5,180.02499999999998,5,16.395727463314174,delhi
Maruti Swift Dzire,Maruti,Swift Dzire,4,30000.0,1,Petrol,Automatic,22.61,1197.0,88.5,5,13.592368256649284,delhi
Tata Nexon,Tata,Nexon,5,18110.0,1,Petrol,Manual,17.33,1199.0,118.35,5,13.617059619240436,delhi
Mahindra XUV500,Mahindra,XUV500,12,90000.0,1,Diesel,Manual,15.1,1949.5,140.0,7,13.208542908506082,delhi
Honda WR-V,Honda,WR-V,9,24349.0,2,Petrol,Manual,17.5,1199.0,88.7,5,13.345508528717259,delhi
Hyundai Creta,Hyundai,Creta,7,60000.0,1,Diesel,Manual,22.1,1396.0,88.7,5,13.592368256649284,delhi
Hyundai i20,Hyundai,i20,9,81711.0,1,Petrol,Manual,18.6,1197.0,81.83,5,13.303018546545275,delhi
Land Rover Defender,Land,Rover Defender,3,101.0,1,Petrol,Automatic,10.25,1949.5,180.02499999999998,5,16.395727463314174,delhi
Tata Tiago,Tata,Tiago,4,30400.0,1,Cng,Manual,26.49,1199.0,72.0,5,13.493928313146206,delhi
Hyundai EON,Hyundai,EON,13,23961.0,2,Petrol,Manual,21.1,814.0,55.2,5,12.283038316285214,delhi
Toyota Etios Liva,Toyota,Etios Liva,8,66300.0,1,Petrol,Manual,17.71,1197.0,78.9,5,13.171155446333852,delhi
Mercedes-Benz GLC Coupe,Mercedes-Benz,GLC Coupe,6,38000.0,1,Diesel,Automatic,16.34,1949.5,180.02499999999998,5,15.754252361425857,delhi
Maruti Celerio X,Maruti,Celerio X,7,20802.0,1,Petrol,Manual,21.63,998.0,67.05,5,13.081543466215237,delhi
Maruti Wagon R Stingray,Maruti,Wagon R Stingray,13,54420.0,1,Petrol,Manual,20.51,998.0,67.04,5,12.52815976788113,delhi
Mercedes-Benz S-Class,Mercedes-Benz,S-Class,12,72000.0,2,Diesel,Automatic,13.5,1949.5,180.02499999999998,5,15.053885078862573,delhi
Lexus RX,Lexus,RX,6,19000.0,1,Petrol,Automatic,18.8,1949.5,180.02499999999998,5,15.990262393084793,delhi
Hyundai Verna,Hyundai,Verna,14,92000.0,1,Petrol,Manual,17.01,1591.0,121.3,5,12.721888795877375,delhi
Audi A3,Audi,A3,7,24000.0,1,Diesel,Automatic,20.38,1949.5,143.0,5,14.64406281221155,delhi
Hyundai Creta,Hyundai,Creta,8,59801.0,1,Petrol,Automatic,14.8,1591.0,121.3,5,13.955273369904273,delhi
Maruti Vitara Brezza,Maruti,Vitara Brezza,6,32228.0,1,Petrol,Automatic,18.76,1462.0,103.26,5,13.800397935382136,delhi
Mitsubishi Outlander,Mitsubishi,Outlander,14,102788.0,3,Petrol,Manual,11.3,1949.5,170.0,5,14.253766134056512,delhi
Honda Amaze,Honda,Amaze,8,88594.0,1,Diesel,Manual,25.8,1498.0,98.6,5,13.248116346376765,delhi
Mercedes-Benz CLA,Mercedes-Benz,CLA,8,21000.0,2,Petrol,Automatic,15.04,1949.5,180.02499999999998,5,14.836161665522967,delhi
Hyundai Creta,Hyundai,Creta,9,33756.0,2,Diesel,Manual,19.67,1582.0,126.2,5,13.68767832281738,delhi
Honda WR-V,Honda,WR-V,9,38192.0,1,Petrol,Manual,17.5,1199.0,88.7,5,13.511700458595241,delhi
Kia Carnival,Kia,Carnival,6,50000.0,1,Diesel,Automatic,14.11,1949.5,180.02499999999998,7,14.930652476452392,delhi
Honda Amaze,Honda,Amaze,9,97411.0,1,Petrol,Manual,17.8,1198.0,86.7,5,13.058360179622305,delhi
Honda Jazz,Honda,Jazz,5,11077.0,1,Petrol,Automatic,17.1,1199.0,88.5,5,13.74830287778897,delhi
Hyundai Creta,Hyundai,Creta,6,55000.0,2,Diesel,Manual,19.67,1582.0,126.2,5,14.070153551531353,delhi
Skoda Rapid,Skoda,Rapid,10,43100.0,1,Petrol,Automatic,14.3,1598.0,103.52,5,13.547632419997361,delhi
Ford Ecosport,Ford,Ecosport,8,82501.0,1,Diesel,Manual,23.0,1498.0,98.96,5,13.547632419997361,delhi
Maruti Baleno,Maruti,Baleno,10,91881.0,1,Petrol,Manual,21.4,1197.0,83.1,5,13.169248871698304,delhi
Maruti Swift,Maruti,Swift,9,36000.0,2,Petrol,Manual,20.4,1197.0,83.11,5,12.847929163278053,delhi
Maruti Baleno,Maruti,Baleno,8,62479.0,2,Petrol,Automatic,21.4,1197.0,83.1,5,13.339087971220277,delhi
Mahindra Scorpio,Mahindra,Scorpio,10,53000.0,2,Diesel,Manual,15.4,1949.5,120.0,7,13.805461232211272,delhi
Honda Brio,Honda,Brio,13,51000.0,2,Petrol,Manual,19.4,1198.0,86.8,5,12.345834587905333,delhi
Hyundai i20,Hyundai,i20,11,63774.0,1,Petrol,Manual,18.6,1197.0,81.83,5,13.215855541983634,delhi
Honda Amaze,Honda,Amaze,9,45000.0,1,Petrol,Manual,17.8,1198.0,86.7,5,13.07107218827772,delhi
Hyundai Aura,Hyundai,Aura,5,21900.0,1,Petrol,Manual,20.5,1197.0,81.86,5,13.560619598657233,delhi
Hyundai Verna,Hyundai,Verna,10,27381.0,1,Petrol,Manual,17.01,1591.0,121.3,5,13.38318953651709,delhi
Maruti Alto 800,Maruti,Alto 800,9,54147.0,2,Cng,Manual,28.25,796.0,47.3,5,12.577639650232573,delhi
Maruti Wagon R,Maruti,Wagon R,6,56716.0,1,Cng,Manual,28.25,998.0,58.33,5,13.219491903015438,delhi
Land Rover Range Rover Sport,Land,Rover Range Rover Sport,9,68000.0,2,Diesel,Automatic,12.65,1949.5,180.02499999999998,5,15.789591722875162,delhi
Maruti Wagon R,Maruti,Wagon R,11,49000.0,2,Petrol,Manual,21.79,998.0,67.05,5,12.59473402514672,delhi
Maruti Swift Dzire,Maruti,Swift Dzire,10,63000.0,1,Petrol,Manual,20.85,1197.0,83.14,5,13.091904169919621,delhi
Tata Indica V2,Tata,Indica V2,15,77000.0,1,Diesel,Manual,25.0,1396.0,69.0,5,12.180759965737863,delhi
BMW X1,BMW,X1,3,3000.0,1,Diesel,Automatic,20.37,1949.5,147.51,5,15.501909696719672,delhi
Toyota Innova Crysta,Toyota,Innova Crysta,7,54000.0,1,Diesel,Automatic,11.36,1949.5,171.5,7,14.389311544271775,delhi
Honda City,Honda,City,8,55000.0,1,Petrol,Manual,17.4,1497.0,117.6,5,13.623139877437296,delhi
Skoda Octavia,Skoda,Octavia,8,50000.0,2,Petrol,Automatic,15.1,1798.0,178.0,5,14.316286451937186,delhi
Hyundai Verna,Hyundai,Verna,7,14598.0,2,Petrol,Manual,17.0,1591.0,121.3,5,13.831384891372048,delhi
Toyota Fortuner,Toyota,Fortuner,11,96000.0,2,Diesel,Automatic,12.55,1949.5,168.5,7,13.993657580167481,delhi
Maruti Vitara Brezza,Maruti,Vitara Brezza,8,40190.0,2,Diesel,Manual,24.3,1248.0,88.5,5,13.508986756405742,delhi
Audi Q7,Audi,Q7,4,8000.0,1,Petrol,Automatic,11.21,1949.5,180.02499999999998,7,16.02378508137718,delhi
Hyundai Creta,Hyundai,Creta,10,80000.0,1,Diesel,Automatic,17.01,1582.0,126.2,5,13.548938754204904,delhi
Hyundai Creta,Hyundai,Creta,10,46445.0,1,Petrol,Manual,13.0,1591.0,121.3,5,13.663525365110068,delhi
Toyota Innova Crysta,Toyota,Innova Crysta,4,6000.0,1,Petrol,Manual,10.25,1949.5,163.6,7,14.462614323582885,delhi
BMW 6 Series,BMW,6 Series,5,26000.0,1,Petrol,Automatic,13.32,1949.5,180.02499999999998,4,15.747032114495013,delhi
Maruti Ciaz,Maruti,Ciaz,9,65083.0,1,Petrol,Manual,20.73,1373.0,91.1,5,13.464535055593716,delhi
Mercedes-Benz M-Class,Mercedes-Benz,M-Class,12,150000.0,2,Diesel,Automatic,11.74,1949.5,180.02499999999998,5,14.375698182370053,delhi
Honda City,Honda,City,5,5378.0,1,Petrol,Automatic,18.3,1498.0,119.35,5,14.182235530756461,delhi
Honda City,Honda,City,10,63001.0,1,Petrol,Automatic,18.0,1497.0,117.3,5,13.547632419997361,delhi
Audi A4,Audi,A4,12,68000.0,2,Diesel,Automatic,17.11,1949.5,174.33,5,13.76421831620775,delhi
Renault Triber,Renault,Triber,4,15000.0,1,Petrol,Manual,20.0,999.0,71.01,7,13.42246945133505,delhi
Audi Q5,Audi,Q5,9,106180.0,1,Diesel,Automatic,13.22,1949.5,180.02499999999998,5,14.55506458866523,delhi
Tata Harrier,Tata,Harrier,6,68000.0,1,Diesel,Manual,16.35,1949.5,167.67,5,14.151983508870947,delhi
Honda City,Honda,City,8,55000.0,1,Petrol,Manual,17.4,1497.0,117.6,5,13.652992804936396,delhi
Mahindra Thar,Mahindra,Thar,6,12010.0,1,Diesel,Manual,15.2,1949.5,130.0,4,14.210926003619385,delhi
Maruti Baleno,Maruti,Baleno,6,60665.0,1,Petrol,Manual,21.01,1197.0,81.8,5,13.339087971220277,delhi
Maruti Ertiga,Maruti,Ertiga,14,82896.0,2,Diesel,Manual,20.77,1248.0,88.76,7,13.49668313203053,delhi
Mercedes-Benz CLS-Class,Mercedes-Benz,CLS-Class,7,35000.0,2,Diesel,Automatic,19.0,1949.5,180.02499999999998,5,15.687312888712007,delhi
Maruti Jimny,Maruti,Jimny,3,1000.0,1,Petrol,Automatic,16.39,1462.0,103.39,4,14.360738188157574,delhi
Honda City,Honda,City,11,57463.0,1,Petrol,Manual,17.4,1497.0,117.3,5,13.340696979437066,delhi
Volvo XC60,Volvo,XC60,6,25000.0,2,Diesel,Automatic,11.2,1949.5,180.02499999999998,5,15.46416937585933,delhi
Ford Ecosport,Ford,Ecosport,10,58716.0,1,Petrol,Manual,15.85,1499.0,110.4,5,13.345508528717259,delhi
Hyundai i20,Hyundai,i20,5,27000.0,1,Petrol,Manual,21.0,1197.0,81.8,5,13.493928313146206,delhi
Maruti Baleno,Maruti,Baleno,9,51017.0,1,Petrol,Manual,21.4,1197.0,83.1,5,13.184400648021263,delhi
Mini Cooper Clubman,Mini,Cooper Clubman,6,25000.0,1,Petrol,Automatic,13.79,1949.5,180.02499999999998,5,15.274125813221904,delhi
Land Rover Discovery,Land,Rover Discovery,9,33000.0,2,Petrol,Automatic,18.0,1949.5,180.02499999999998,7,15.10886719777328,delhi
Maruti Baleno,Maruti,Baleno,4,17000.0,1,Petrol,Manual,22.35,1197.0,88.5,5,13.47302165746721,delhi
Toyota Fortuner,Toyota,Fortuner,12,95000.0,1,Diesel,Automatic,12.55,1949.5,168.5,7,14.144815024531075,delhi
Maruti Ciaz,Maruti,Ciaz,10,49000.0,1,Petrol,Automatic,19.12,1373.0,91.1,5,13.444448325847754,delhi
Audi A4,Audi,A4,11,34000.0,2,Petrol,Automatic,15.64,1798.0,167.62,5,14.508658238524095,delhi
Maruti Swift Dzire,Maruti,Swift Dzire,13,70000.0,1,Petrol,Manual,20.85,1197.0,83.14,5,12.765691290604371,delhi
Kia Sonet,Kia,Sonet,6,29100.0,1,Petrol,Manual,18.2,998.0,118.36,5,13.95091606833254,delhi
Tata Tigor,Tata,Tigor,8,57116.0,1,Petrol,Manual,20.3,1199.0,84.0,5,13.157732451741687,delhi
Hyundai EON,Hyundai,EON,10,56000.0,1,Petrol,Manual,21.1,814.0,55.2,5,12.472279517715116,delhi
Honda WR-V,Honda,WR-V,5,9343.0,1,Petrol,Manual,16.5,1199.0,88.5,5,13.671641342278317,delhi
Audi A6,Audi,A6,5,15000.0,2,Petrol,Automatic,14.11,1949.5,180.02499999999998,5,15.444751293772967,delhi
Hyundai Creta,Hyundai,Creta,9,90347.0,2,Petrol,Automatic,13.0,1591.0,121.3,5,13.75788250444911,delhi
Mercedes-Benz S-Class,Mercedes-Benz,S-Class,5,36000.0,1,Diesel,Automatic,13.5,1949.5,180.02499999999998,5,16.001561947061912,delhi
BMW X1,BMW,X1,9,60000.0,1,Diesel,Automatic,17.05,1949.5,180.02499999999998,5,14.56928283092878,delhi
Ford Aspire,Ford,Aspire,7,64668.0,1,Petrol,Manual,19.4,1194.0,94.93,5,13.157732451741687,delhi
MG Gloster,MG,Gloster,3,7800.0,0,Diesel,Automatic,12.04,1949.5,180.02499999999998,6,15.319588176962746,delhi
Honda City,Honda,City,12,87313.0,1,Petrol,Manual,17.4,1497.0,117.3,5,13.260386417460465,delhi
Volvo XC60,Volvo,XC60,8,60000.0,2,Diesel,Automatic,14.7,1949.5,180.02499999999998,5,15.150511887854474,delhi
Honda Jazz,Honda,Jazz,11,39000.0,1,Petrol,Manual,18.7,1199.0,88.7,5,13.014780393893403,delhi
MG Hector Plus,MG,Hector Plus,5,18000.0,1,Petrol,Automatic,11.67,1451.0,141.0,6,14.470437045184406,delhi
Lexus RX,Lexus,RX,10,11000.0,1,Petrol,Automatic,18.8,1949.5,180.02499999999998,5,15.702580358511794,delhi
Jeep Wrangler,Jeep,Wrangler,5,30000.0,1,Petrol,Automatic,12.1,1949.5,180.02499999999998,5,15.64006001130563,delhi
Mercedes-Benz GLA Class,Mercedes-Benz,GLA Class,8,8000.0,1,Diesel,Automatic,17.9,1949.5,136.0,5,14.80876270134486,delhi
Mercedes-Benz E-Class,Mercedes-Benz,E-Class,9,57000.0,1,Petrol,Automatic,15.0,1949.5,180.02499999999998,5,15.214227685996272,delhi
Audi Q7,Audi,Q7,10,89500.0,2,Diesel,Automatic,14.75,1949.5,180.02499999999998,7,15.096444681204078,delhi
Honda WR-V,Honda,WR-V,9,27684.0,2,Petrol,Manual,17.5,1199.0,88.7,5,13.4856180275228,delhi
Mercedes-Benz C-Class,Mercedes-Benz,C-Class,9,22000.0,1,Petrol,Automatic,14.74,1949.5,180.02499999999998,5,15.009433329466965,delhi
Ford Figo,Ford,Figo,7,71566.0,1,Petrol,Manual,20.4,1194.0,94.93,5,13.136268254957963,delhi
Audi Q7,Audi,Q7,10,75000.0,2,Diesel,Automatic,14.75,1949.5,180.02499999999998,7,15.200554387495371,delhi
Mercedes-Benz CLS-Class,Mercedes-Benz,CLS-Class,9,58000.0,2,Diesel,Automatic,19.4,1949.5,180.02499999999998,4,14.77102238760702,delhi
Honda City,Honda,City,11,75455.0,2,Petrol,Automatic,18.0,1497.0,117.3,5,13.407543823396258,delhi
MG Astor,MG,Astor,4,10000.0,1,Petrol,Automatic,14.82,1498.0,108.49,5,14.220976332738882,delhi
Ford Endeavour,Ford,Endeavour,9,80000.0,1,Diesel,Automatic,10.91,1949.5,180.02499999999998,7,14.66950068935403,delhi
Hyundai Creta,Hyundai,Creta,8,85031.0,1,Petrol,Automatic,14.8,1591.0,121.3,5,13.866204622849683,delhi
Ford Ecosport,Ford,Ecosport,6,37527.0,1,Diesel,Manual,21.7,1498.0,98.96,5,13.742940940397677,delhi
Maruti Vitara Brezza,Maruti,Vitara Brezza,7,80000.0,1,Diesel,Manual,24.3,1248.0,88.5,5,13.652992804936396,delhi
Mahindra XUV500,Mahindra,XUV500,8,40000.0,1,Diesel,Automatic,15.1,1949.5,152.87,7,14.077875591662238,delhi
Toyota Glanza,Toyota,Glanza,6,10000.0,1,Petrol,Manual,21.01,1197.0,81.8,5,13.345508528717259,delhi
Porsche Cayenne,Porsche,Cayenne,10,50000.0,1,Diesel,Automatic,16.12,1949.5,180.02499999999998,5,15.53827733427679,delhi
BMW X1,BMW,X1,9,65000.0,2,Diesel,Automatic,20.68,1949.5,180.02499999999998,5,14.48334044336031,delhi
Audi Q3,Audi,Q3,11,72011.0,1,Diesel,Automatic,15.17,1949.5,180.02499999999998,5,14.22030944419592,delhi
Jeep Compass,Jeep,Compass,5,40011.0,1,Diesel,Automatic,14.9,1949.5,167.67,5,14.711598990684092,delhi
Maruti Ertiga,Maruti,Ertiga,10,85000.0,1,Petrol,Manual,19.34,1462.0,103.0,7,13.507627138738266,delhi
Ford Ecosport,Ford,Ecosport,8,36206.0,2,Petrol,Manual,17.0,1497.0,121.31,5,13.495306671216452,delhi
Toyota Innova Crysta,Toyota,Innova Crysta,9,48011.0,1,Diesel,Manual,13.68,1949.5,147.51,8,14.316286451937186,delhi
Maruti Baleno,Maruti,Baleno,7,86919.0,2,Petrol,Manual,21.4,1197.0,83.1,5,13.441545570402797,delhi
Honda Amaze,Honda,Amaze,12,69650.0,2,Cng,Manual,18.0,1198.0,86.7,5,12.807655372286902,delhi
Volkswagen Ameo,Volkswagen,Ameo,8,41051.0,1,Petrol,Manual,19.44,999.0,75.0,5,13.348703414510117,delhi
Toyota Innova Crysta,Toyota,Innova Crysta,7,52011.0,1,Diesel,Automatic,11.36,1949.5,171.5,7,14.40274151293267,delhi
Hyundai i10,Hyundai,i10,13,52439.0,1,Petrol,Manual,19.81,1086.0,68.05,5,12.721888795877375,delhi
Maruti Ciaz,Maruti,Ciaz,12,82347.0,2,Petrol,Automatic,19.12,1373.0,91.1,5,13.176853456625999,delhi
Audi Q7,Audi,Q7,12,52001.0,2,Diesel,Automatic,12.07,1949.5,180.02499999999998,7,14.456837989794423,delhi
Maruti Ciaz,Maruti,Ciaz,12,97249.0,1,Petrol,Manual,20.73,1373.0,91.1,5,13.144126826131089,delhi
Tata New Safari,Tata,New Safari,4,5700.0,1,Diesel,Manual,16.14,1949.5,167.67,6,14.556972075219997,delhi
Tata New Safari,Tata,New Safari,5,52011.0,1,Diesel,Automatic,14.08,1949.5,167.67,7,14.48334044336031,delhi
Maruti Vitara Brezza,Maruti,Vitara Brezza,8,52368.0,1,Diesel,Manual,24.3,1248.0,88.5,5,13.651815643149092,delhi
Honda Amaze,Honda,Amaze,6,80000.0,1,Petrol,Manual,18.6,1199.0,88.76,5,13.122365377402328,delhi
Honda WR-V,Honda,WR-V,9,85162.0,2,Diesel,Manual,25.5,1498.0,98.6,5,13.171155446333852,delhi
Maruti Ertiga,Maruti,Ertiga,9,83863.0,1,Petrol,Automatic,17.03,1373.0,91.1,7,13.560619598657233,delhi
BMW X7,BMW,X7,7,9500.0,1,Petrol,Automatic,10.54,1949.5,180.02499999999998,7,16.213405921671733,delhi
Honda Jazz,Honda,Jazz,10,62526.0,1,Petrol,Manual,18.7,1199.0,88.7,5,13.093965960493682,delhi
Maruti Swift,Maruti,Swift,8,40000.0,1,Petrol,Manual,22.0,1197.0,81.8,5,13.017005083966255,delhi
Renault Duster,Renault,Duster,7,35331.0,1,Diesel,Manual,19.87,1461.0,108.5,5,13.804450621726684,delhi
Hyundai Santro,Hyundai,Santro,7,14893.0,1,Petrol,Manual,20.3,1086.0,68.0,5,13.173058392858724,delhi
Maruti Wagon R,Maruti,Wagon R,15,110000.0,2,Petrol,Manual,18.9,998.0,67.1,5,12.04355959836804,delhi
Mercedes-Benz S-Class,Mercedes-Benz,S-Class,5,7900.0,1,Diesel,Automatic,13.5,1949.5,180.02499999999998,5,16.5563506464056,delhi
Hyundai Grand i10,Hyundai,Grand i10,10,55215.0,1,Petrol,Manual,18.9,1197.0,82.0,5,12.980802117227352,delhi
Honda City,Honda,City,12,100000.0,1,Petrol,Manual,17.4,1497.0,117.3,5,12.611541086966115,delhi
Hyundai Verna,Hyundai,Verna,5,49930.0,1,Diesel,Manual,25.0,1493.0,113.45,5,13.913545204853543,delhi
Maruti Vitara Brezza,Maruti,Vitara Brezza,9,54000.0,1,Diesel,Manual,24.3,1248.0,88.5,5,13.377007146164305,delhi
Maruti Ertiga,Maruti,Ertiga,5,40000.0,1,Cng,Manual,26.08,1462.0,91.19,7,13.910821646859095,delhi
Mercedes-Benz M-Class,Mercedes-Benz,M-Class,12,83000.0,3,Diesel,Automatic,15.26,1949.5,180.02499999999998,5,14.266586814266963,delhi
Hyundai i10,Hyundai,i10,15,60000.0,2,Petrol,Manual,20.36,1197.0,78.9,5,11.775297421715827,delhi
Maruti Swift Dzire Tour,Maruti,Swift Dzire Tour,8,100000.0,1,Cng,Manual,26.55,1197.0,70.4,5,12.611541086966115,delhi
Hyundai i10,Hyundai,i10,17,60000.0,2,Petrol,Manual,20.36,1197.0,78.9,5,11.350418300109132,delhi
Honda Amaze,Honda,Amaze,11,67593.0,1,Petrol,Manual,18.0,1198.0,86.7,5,12.952762962683588,delhi
Hyundai Creta,Hyundai,Creta,6,50000.0,1,Diesel,Automatic,18.5,1493.0,113.42,5,14.220976332738882,delhi
Maruti Baleno,Maruti,Baleno,10,88882.0,1,Petrol,Manual,21.4,1197.0,83.1,5,13.112315061750808,delhi
Toyota Corolla Altis,Toyota,Corolla Altis,10,78986.0,1,Petrol,Manual,14.28,1798.0,138.03,5,13.610944619216111,delhi
Maruti Swift Dzire,Maruti,Swift Dzire,12,100000.0,1,Diesel,Manual,23.4,1248.0,74.0,5,12.278397958261774,delhi
Hyundai i20 Active,Hyundai,i20 Active,11,24727.0,2,Petrol,Manual,17.19,1197.0,81.86,5,13.126355398673866,delhi
Audi Q3,Audi,Q3,12,70000.0,3,Diesel,Automatic,15.73,1949.5,174.33,5,13.592368256649284,delhi
Mercedes-Benz S-Class,Mercedes-Benz,S-Class,7,34000.0,1,Petrol,Automatic,10.25,1949.5,180.02499999999998,4,16.58182973008354,delhi
Honda Jazz,Honda,Jazz,9,79328.0,1,Petrol,Automatic,19.0,1199.0,88.7,5,13.244582780038517,delhi
Maruti Alto K10,Maruti,Alto K10,9,50000.0,1,Petrol,Manual,23.95,998.0,67.05,5,12.54254845357358,delhi
Maruti Baleno,Maruti,Baleno,9,62113.0,2,Petrol,Manual,21.4,1197.0,83.1,5,13.169248871698304,delhi
Toyota Corolla Altis,Toyota,Corolla Altis,13,120000.0,3,Petrol,Automatic,14.53,1794.0,138.1,5,13.017005083966255,delhi
Tata Tiago,Tata,Tiago,8,120000.0,2,Diesel,Manual,27.28,1047.0,69.0,5,12.660331092405906,delhi
Toyota Corolla Altis,Toyota,Corolla Altis,13,120000.0,3,Petrol,Automatic,14.53,1794.0,138.1,5,13.017005083966255,delhi
Hyundai Verna,Hyundai,Verna,8,60000.0,2,Petrol,Manual,17.0,1591.0,121.3,5,13.527829818844937,delhi
Maruti Baleno,Maruti,Baleno,5,30000.0,1,Petrol,Manual,21.01,1197.0,81.8,5,13.361381852676738,delhi
Jeep Compass,Jeep,Compass,8,67000.0,1,Diesel,Manual,17.1,1949.5,170.0,5,13.919871474189012,delhi
Hyundai Grand i10,Hyundai,Grand i10,10,86183.0,1,Petrol,Manual,18.9,1197.0,82.0,5,13.017005083966255,delhi
Toyota Etios,Toyota,Etios,13,70000.0,1,Diesel,Manual,23.59,1364.0,67.04,5,12.468440756144114,delhi
Maruti Swift,Maruti,Swift,13,88991.0,1,Petrol,Manual,22.38,1197.0,88.5,5,12.754196944209095,delhi
BMW X4,BMW,X4,7,18000.0,2,Diesel,Automatic,16.55,1949.5,180.02499999999998,5,15.475641774827944,delhi
Jeep Compass,Jeep,Compass,7,55000.0,1,Petrol,Automatic,14.1,1368.0,160.77,5,14.204169225721929,delhi
Maruti S-Presso,Maruti,S-Presso,5,62657.0,1,Cng,Manual,28.25,998.0,58.33,4,13.079457964073546,delhi
Renault KWID,Renault,KWID,9,16452.0,1,Petrol,Automatic,24.04,999.0,67.0,5,12.611541086966115,delhi
Mercedes-Benz CLA,Mercedes-Benz,CLA,9,40000.0,2,Petrol,Automatic,15.04,1949.5,180.02499999999998,5,14.72175135802525,delhi
Tata Tiago,Tata,Tiago,4,31029.0,1,Cng,Manual,26.49,1199.0,72.0,5,13.51440681653079,delhi
Maruti Swift,Maruti,Swift,8,40000.0,2,Petrol,Manual,22.0,1197.0,81.8,5,13.017005083966255,delhi
Hyundai i20,Hyundai,i20,12,46724.0,2,Petrol,Manual,18.5,1197.0,82.85,5,12.90669432231532,delhi
Mercedes-Benz C-Class,Mercedes-Benz,C-Class,15,86000.0,1,Petrol,Automatic,14.74,1949.5,180.02499999999998,5,13.527829818844937,delhi
Mahindra XUV500,Mahindra,XUV500,11,40000.0,1,Diesel,Manual,16.0,1949.5,140.0,7,13.592368256649284,delhi
Toyota Camry,Toyota,Camry,11,80000.0,1,Petrol,Automatic,19.16,1949.5,157.7,5,14.169683073439028,delhi
Toyota Camry,Toyota,Camry,11,70000.0,1,Petrol,Automatic,19.16,1949.5,157.7,5,14.169683073439028,delhi
Honda City,Honda,City,10,60000.0,1,Petrol,Manual,17.4,1497.0,117.3,5,13.399996629152975,delhi
Maruti Wagon R,Maruti,Wagon R,17,60000.0,1,Petrol,Manual,18.9,1061.0,67.0,5,11.918397239722838,delhi
Maruti Ertiga,Maruti,Ertiga,5,40000.0,1,Cng,Manual,26.08,1462.0,91.19,7,13.910821646859095,delhi
Maruti Celerio,Maruti,Celerio,11,80000.0,4,Diesel,Manual,27.62,793.0,47.0,5,12.301387370778713,delhi
Ford Endeavour,Ford,Endeavour,7,90000.0,1,Diesel,Automatic,10.91,1949.5,180.02499999999998,7,14.845130332288226,delhi
Mercedes-Benz E-Class,Mercedes-Benz,E-Class,13,73000.0,1,Diesel,Automatic,14.21,1949.5,180.02499999999998,5,13.933294482509151,delhi
Honda WR-V,Honda,WR-V,9,85482.0,1,Petrol,Manual,17.5,1199.0,88.7,5,13.438634364432907,delhi
Mercedes-Benz GLA,Mercedes-Benz,GLA,10,54500.0,2,Petrol,Automatic,12.33,1949.5,180.02499999999998,5,14.648420115681892,delhi
Maruti Celerio,Maruti,Celerio,10,60000.0,2,Cng,Manual,28.25,998.0,58.2,5,12.468440756144114,delhi
Hyundai Verna,Hyundai,Verna,9,89581.0,1,Petrol,Manual,17.01,1591.0,121.3,5,13.589865129563993,delhi
Skoda Rapid,Skoda,Rapid,12,110000.0,2,Petrol,Automatic,14.3,1598.0,103.6,5,12.524530013005734,delhi
Mercedes-Benz GLS,Mercedes-Benz,GLS,10,79500.0,1,Diesel,Automatic,11.0,1949.5,180.02499999999998,7,15.40270306595001,delhi
Honda CR-V,Honda,CR-V,10,28000.0,1,Petrol,Automatic,13.7,1949.5,153.86,5,14.187074804051692,delhi
Maruti Vitara Brezza,Maruti,Vitara Brezza,8,66175.0,1,Diesel,Manual,24.3,1248.0,88.5,5,13.575984798046763,delhi
Tata Tigor,Tata,Tigor,9,47001.0,1,Petrol,Manual,20.3,1199.0,84.0,5,13.091904169919621,delhi
Toyota Fortuner,Toyota,Fortuner,10,145000.0,1,Diesel,Automatic,15.04,1949.5,174.5,7,14.354923638582177,delhi
Mercedes-Benz E-Class,Mercedes-Benz,E-Class,5,19000.0,1,Petrol,Automatic,15.0,1949.5,180.02499999999998,5,15.623799493077952,delhi
Audi A4,Audi,A4,11,43600.0,2,Diesel,Automatic,17.11,1949.5,174.33,5,13.997832948091215,delhi
Hyundai Grand i10,Hyundai,Grand i10,10,63521.0,1,Petrol,Manual,25.0,1197.0,82.0,5,12.959846800844963,delhi
Maruti Swift Dzire,Maruti,Swift Dzire,5,18021.0,1,Petrol,Manual,22.41,1197.0,88.5,5,13.45883704259595,delhi
Maruti Wagon R,Maruti,Wagon R,18,90000.0,1,Petrol,Manual,17.3,1061.0,64.0,5,11.0186455364637,delhi
Mercedes-Benz G,Mercedes-Benz,G,5,38000.0,1,Diesel,Automatic,10.25,1949.5,180.02499999999998,5,17.01418371633128,delhi
Ford Figo,Ford,Figo,5,39076.0,1,Petrol,Manual,18.5,1194.0,94.93,5,13.47442911525415,delhi
Mercedes-Benz GLC,Mercedes-Benz,GLC,6,36000.0,1,Petrol,Automatic,12.74,1949.5,180.02499999999998,5,15.473738825043979,delhi
Maruti Celerio,Maruti,Celerio,8,106848.0,1,Cng,Manual,28.25,998.0,55.92,5,12.955129822091815,delhi
Toyota Innova Crysta,Toyota,Innova Crysta,9,105000.0,1,Diesel,Manual,13.68,1949.5,147.51,7,14.220976332738882,delhi
Mini Cooper Convertible,Mini,Cooper Convertible,6,6500.0,2,Petrol,Automatic,16.72,1949.5,180.02499999999998,4,15.308414878861498,delhi
Hyundai i10,Hyundai,i10,16,111237.0,2,Petrol,Manual,20.36,1197.0,78.9,5,11.849404844423074,delhi
Volkswagen Polo,Volkswagen,Polo,8,70000.0,2,Petrol,Automatic,17.21,1197.0,103.5,5,13.480039220276565,delhi
Volvo XC 90,Volvo,XC 90,11,95000.0,2,Diesel,Automatic,11.1,1949.5,180.02499999999998,7,13.887832149776026,delhi
Nissan Magnite,Nissan,Magnite,4,13278.0,1,Petrol,Manual,18.75,999.0,71.02,5,13.637579349471613,delhi
Nissan Magnite,Nissan,Magnite,4,12255.0,1,Petrol,Manual,20.0,999.0,98.63,5,13.703462172723258,delhi
Mercedes-Benz GLS,Mercedes-Benz,GLS,9,68000.0,1,Petrol,Automatic,10.25,1949.5,180.02499999999998,7,15.648092181712572,delhi
Tata Hexa,Tata,Hexa,7,67000.0,1,Diesel,Manual,17.6,1949.5,153.86,7,13.76421831620775,delhi
Maruti Baleno,Maruti,Baleno,7,37000.0,1,Diesel,Manual,27.39,1248.0,74.0,5,13.384729180332174,delhi
Mercedes-Benz C-Class,Mercedes-Benz,C-Class,6,8000.0,1,Petrol,Automatic,11.9,1949.5,180.02499999999998,5,15.296888027655223,delhi
Maruti SX4 S Cross,Maruti,SX4 S Cross,9,54000.0,1,Diesel,Manual,23.65,1248.0,88.5,5,13.296318365198623,delhi
Honda City,Honda,City,12,120000.0,1,Diesel,Manual,25.1,1498.0,98.6,5,13.120363378739663,delhi
Maruti Swift Dzire,Maruti,Swift Dzire,16,70000.0,2,Petrol,Manual,17.5,1298.0,85.8,5,11.918397239722838,delhi
Mercedes-Benz GLC,Mercedes-Benz,GLC,4,17000.0,1,Petrol,Automatic,12.74,1949.5,180.02499999999998,5,15.656060350091908,delhi
Mercedes-Benz GLS,Mercedes-Benz,GLS,10,45000.0,1,Diesel,Automatic,11.0,1949.5,180.02499999999998,7,15.46416937585933,delhi
Maruti Celerio,Maruti,Celerio,8,19717.0,1,Petrol,Manual,25.24,998.0,65.71,5,13.036807667689546,delhi
BMW 3 Series Gran Limousine,BMW,3 Series Gran Limousine,5,20000.0,1,Petrol,Automatic,15.3,1949.5,180.02499999999998,5,15.46224444782028,delhi
Maruti Alto K10,Maruti,Alto K10,9,35495.0,1,Petrol,Manual,24.39,998.0,65.71,5,12.712893259942282,delhi
Mercedes-Benz GLA Class,Mercedes-Benz,GLA Class,10,25000.0,2,Petrol,Automatic,13.7,1949.5,180.02499999999998,5,14.599412558413583,delhi
Jeep Compass,Jeep,Compass,8,27401.0,1,Petrol,Automatic,16.0,1368.0,160.77,5,14.253766134056512,delhi
Maruti S-Presso,Maruti,S-Presso,7,15981.0,1,Petrol,Manual,21.7,998.0,65.71,5,12.96453929221076,delhi
Hyundai i10,Hyundai,i10,15,73052.0,1,Petrol,Manual,20.36,1197.0,78.9,5,12.117246896289503,delhi
Honda City,Honda,City,12,61000.0,1,Petrol,Automatic,18.0,1497.0,117.3,5,13.255146239950099,delhi
Tata Punch,Tata,Punch,5,15036.0,1,Petrol,Manual,20.09,1199.0,86.63,5,13.599840262182784,delhi
BMW 5 Series,BMW,5 Series,11,94000.0,1,Diesel,Automatic,20.37,1949.5,180.02499999999998,5,14.346139397261565,delhi
Hyundai Xcent,Hyundai,Xcent,8,39000.0,1,Petrol,Manual,20.14,1197.0,81.86,5,13.171155446333852,delhi
Mahindra KUV 100,Mahindra,KUV 100,10,90000.0,3,Petrol,Manual,18.15,1198.0,82.0,6,12.429220196836383,delhi
Skoda Fabia,Skoda,Fabia,15,90000.0,1,Petrol,Manual,16.25,1198.0,73.9,5,11.695255355062795,delhi
Mercedes-Benz GLS,Mercedes-Benz,GLS,9,44000.0,2,Diesel,Automatic,11.0,1949.5,180.02499999999998,7,15.52930866590278,delhi
Maruti Wagon R,Maruti,Wagon R,20,120000.0,2,Petrol,Manual,18.9,998.0,67.1,5,11.002116507732017,delhi
Renault KWID,Renault,KWID,8,30000.0,1,Petrol,Manual,25.17,799.0,53.3,5,12.487488878546145,delhi
Volvo XC60,Volvo,XC60,5,4900.0,1,Petrol,Automatic,11.2,1949.5,180.02499999999998,5,15.631962802384313,delhi
Mini Cooper,Mini,Cooper,11,36000.0,2,Petrol,Automatic,19.23,1598.0,98.0,5,14.496079462646344,delhi
Maruti Ignis,Maruti,Ignis,4,4975.0,1,Petrol,Manual,20.89,1197.0,81.8,5,13.159661088928443,delhi
Maruti Alto 800,Maruti,Alto 800,12,48000.0,2,Cng,Manual,28.25,796.0,47.3,5,12.425212191503038,delhi
Renault Triber,Renault,Triber,5,36758.0,1,Petrol,Manual,20.0,999.0,71.01,7,13.232116033476537,delhi
BMW 3 Series Gran Limousine,BMW,3 Series Gran Limousine,4,3500.0,1,Petrol,Automatic,15.3,1949.5,180.02499999999998,5,15.536490024022143,delhi
Renault Kiger,Renault,Kiger,4,10000.0,1,Petrol,Automatic,18.24,999.0,98.63,5,13.840204146163925,delhi
Nissan Magnite,Nissan,Magnite,5,61882.0,1,Petrol,Manual,18.75,999.0,71.02,5,13.455975814408239,delhi
Volkswagen Polo,Volkswagen,Polo,15,66000.0,1,Petrol,Manual,17.0,1198.0,75.0,5,12.524530013005734,delhi
Land Rover Discovery Sport,Land,Rover Discovery Sport,8,46000.0,1,Petrol,Automatic,12.81,1949.5,180.02499999999998,7,15.18922639004183,delhi
Maruti Ignis,Maruti,Ignis,5,6088.0,1,Petrol,Manual,20.89,1197.0,81.8,5,13.169248871698304,delhi
Hyundai i20,Hyundai,i20,8,23000.0,1,Petrol,Automatic,17.4,1197.0,81.86,5,13.42246945133505,delhi
Maruti Baleno,Maruti,Baleno,8,41732.0,1,Petrol,Manual,21.4,1197.0,83.1,5,13.210376086227196,delhi
BMW 5 Series,BMW,5 Series,8,55000.0,2,Diesel,Automatic,22.48,1949.5,180.02499999999998,5,15.119781354975958,delhi
Maruti Vitara Brezza,Maruti,Vitara Brezza,7,51000.0,1,Diesel,Manual,24.3,1248.0,88.5,5,13.560619598657233,delhi
Hyundai EON,Hyundai,EON,11,38000.0,1,Petrol,Manual,21.1,814.0,55.2,5,12.409017571151187,delhi
Mahindra XUV500,Mahindra,XUV500,10,60000.0,1,Diesel,Manual,16.0,1949.5,140.0,7,13.815511557963774,delhi
Mercedes-Benz GLE,Mercedes-Benz,GLE,10,75000.0,1,Diesel,Automatic,17.9,1949.5,180.02499999999998,5,14.94368197249847,delhi
Audi Q5,Audi,Q5,12,92000.0,3,Diesel,Automatic,14.16,1949.5,174.3,5,14.077875591662238,delhi
Honda Jazz,Honda,Jazz,17,90000.0,3,Petrol,Manual,16.0,1198.0,180.02499999999998,5,11.461642696843066,delhi
Audi Q5,Audi,Q5,13,92000.0,2,Diesel,Automatic,14.16,1949.5,174.3,5,14.077875591662238,delhi
Hyundai i20,Hyundai,i20,7,49010.0,1,Petrol,Manual,18.6,1197.0,81.83,5,13.296318365198623,delhi
Maruti Baleno,Maruti,Baleno,7,26089.0,1,Petrol,Manual,21.4,1197.0,83.1,5,13.291263603053904,delhi
Mahindra Scorpio,Mahindra,Scorpio,12,54000.0,1,Diesel,Manual,15.4,1949.5,120.0,7,13.161586013632684,delhi
Maruti Alto K10,Maruti,Alto K10,8,37302.0,1,Petrol,Manual,24.39,998.0,65.71,5,12.77138929548529,delhi
Mercedes-Benz CLA,Mercedes-Benz,CLA,8,42000.0,2,Diesel,Automatic,17.9,1949.5,136.0,5,14.751604309291395,delhi
Maruti Baleno,Maruti,Baleno,5,37000.0,1,Petrol,Automatic,21.4,1197.0,83.1,5,13.698977865303197,delhi
Maruti Alto 800,Maruti,Alto 800,11,36483.0,1,Petrol,Manual,22.05,796.0,47.33,5,12.460718739865236,delhi
Hyundai Elantra,Hyundai,Elantra,11,62000.0,1,Petrol,Automatic,14.62,1949.5,149.92,5,13.560619598657233,delhi
Hyundai Creta,Hyundai,Creta,7,38010.0,1,Petrol,Manual,15.8,1591.0,121.3,5,13.90626583447433,delhi
Maruti Celerio,Maruti,Celerio,8,35123.0,2,Petrol,Automatic,23.1,998.0,67.04,5,13.07107218827772,delhi
Honda City,Honda,City,10,43000.0,1,Petrol,Automatic,18.0,1497.0,117.3,5,13.592368256649284,delhi
Ford Ecosport,Ford,Ecosport,7,25154.0,2,Diesel,Manual,23.0,1498.0,98.96,5,13.511700458595241,delhi
BMW 5 Series,BMW,5 Series,6,10000.0,1,Diesel,Automatic,20.37,1949.5,180.02499999999998,5,15.53827733427679,delhi
Tata Harrier,Tata,Harrier,5,30600.0,2,Diesel,Automatic,14.6,1949.5,167.67,5,14.430696737594902,delhi
Hyundai Venue,Hyundai,Venue,6,55000.0,1,Petrol,Manual,17.52,1197.0,81.86,5,13.560619598657233,delhi
Mercedes-Benz GLS,Mercedes-Benz,GLS,9,80000.0,2,Diesel,Automatic,11.0,1949.5,180.02499999999998,7,15.414898336565054,delhi
Hyundai Elantra,Hyundai,Elantra,13,76000.0,1,Petrol,Automatic,14.5,1797.0,147.5,5,13.26212705890841,delhi
Honda Amaze,Honda,Amaze,8,58000.0,1,Petrol,Automatic,18.3,1199.0,88.76,5,13.42246945133505,delhi
Kia Seltos,Kia,Seltos,6,34000.0,1,Petrol,Automatic,16.2,1353.0,138.0,5,14.316286451937186,delhi
Audi Q7,Audi,Q7,7,25000.0,1,Diesel,Automatic,14.75,1949.5,180.02499999999998,7,15.71387991206331,delhi
Maruti Baleno,Maruti,Baleno,9,25367.0,1,Petrol,Manual,21.4,1197.0,83.1,5,13.249878458265119,delhi
Mercedes-Benz CLA,Mercedes-Benz,CLA,10,29000.0,1,Petrol,Automatic,15.04,1949.5,180.02499999999998,5,14.669926311652166,delhi
Maruti Baleno,Maruti,Baleno,9,27240.0,1,Petrol,Manual,21.4,1197.0,83.1,5,13.214032390746006,delhi
Mercedes-Benz S-Class,Mercedes-Benz,S-Class,11,55000.0,1,Petrol,Automatic,10.25,1949.5,180.02499999999998,5,15.454507466814658,delhi
Maruti Baleno,Maruti,Baleno,10,20755.0,2,Petrol,Manual,21.4,1197.0,83.1,5,13.12834743715147,delhi
Maruti Swift,Maruti,Swift,12,56722.0,1,Petrol,Manual,22.0,1197.0,81.8,5,12.84529412258351,delhi
Honda CR-V,Honda,CR-V,13,81000.0,2,Petrol,Automatic,11.1,1949.5,158.8,5,13.73755009757506,delhi
Maruti A-Star,Maruti,A-Star,15,55566.0,1,Petrol,Manual,19.0,998.0,66.1,5,12.190964083849375,delhi
Audi A6,Audi,A6,6,5500.0,1,Petrol,Automatic,14.11,1949.5,180.02499999999998,5,15.389321500009087,delhi
Hyundai Verna,Hyundai,Verna,3,950.0,1,Petrol,Automatic,20.6,1482.0,157.57,5,14.316286451937186,delhi
Mahindra Bolero Power Plus,Mahindra,Bolero Power Plus,9,71000.0,1,Diesel,Manual,16.5,1493.0,70.0,7,13.199326270390594,delhi
Toyota Innova Crysta,Toyota,Innova Crysta,7,28000.0,1,Diesel,Manual,13.68,1949.5,147.8,8,14.425276129585168,delhi
Hyundai Verna,Hyundai,Verna,8,35000.0,1,Petrol,Manual,17.0,1591.0,121.3,5,13.69334405393293,delhi
Jeep Compass,Jeep,Compass,6,80000.0,1,Petrol,Automatic,14.01,1368.0,159.74,5,14.403297778421795,delhi
Maruti Ciaz,Maruti,Ciaz,10,60000.0,2,Petrol,Automatic,19.12,1373.0,91.1,5,13.304686600863562,delhi
Mahindra XUV300,Mahindra,XUV300,5,12710.0,1,Petrol,Manual,17.0,1197.0,108.6,5,13.779884416590017,delhi
Maruti Wagon R,Maruti,Wagon R,15,64694.0,1,Petrol,Manual,18.9,998.0,67.1,5,12.245298166364206,delhi
BMW 3 Series,BMW,3 Series,7,67510.0,2,Diesel,Automatic,22.69,1949.5,180.02499999999998,5,14.790070575320824,delhi
Hyundai Grand i10,Hyundai,Grand i10,8,21867.0,1,Petrol,Manual,18.9,1197.0,81.86,5,13.176853456625999,delhi
BMW X5,BMW,X5,4,18000.0,2,Diesel,Automatic,13.38,1949.5,180.02499999999998,5,15.986277190427597,delhi
Audi A3,Audi,A3,8,78010.0,1,Petrol,Automatic,19.2,1395.0,150.0,5,14.59253968227493,delhi
Tata Tiago,Tata,Tiago,5,36247.0,1,Petrol,Manual,20.09,1199.0,84.82,5,13.22672519452875,delhi
Jeep Wrangler,Jeep,Wrangler,4,3106.0,1,Petrol,Automatic,12.1,1949.5,180.02499999999998,5,15.64006001130563,delhi
Mercedes-Benz GLC,Mercedes-Benz,GLC,6,40000.0,2,Petrol,Automatic,12.74,1949.5,180.02499999999998,5,15.459350090352403,delhi
Maruti Baleno,Maruti,Baleno,7,55566.0,1,Petrol,Manual,21.01,1197.0,81.8,5,13.340696979437066,delhi
Mercedes-Benz CLA,Mercedes-Benz,CLA,10,91000.0,1,Petrol,Automatic,15.04,1949.5,180.02499999999998,5,14.496079462646344,delhi
Nissan Magnite,Nissan,Magnite,5,46318.0,1,Petrol,Manual,18.75,999.0,71.02,5,13.504902345124338,delhi
Maruti Ciaz,Maruti,Ciaz,3,7359.0,1,Petrol,Manual,20.65,1462.0,103.25,5,13.887832149776026,delhi
BMW X1,BMW,X1,6,22060.0,1,Diesel,Automatic,17.05,1949.5,180.02499999999998,5,14.946912992035967,delhi
BMW 3 Series GT,BMW,3 Series GT,9,68060.0,1,Petrol,Automatic,15.34,1949.5,180.02499999999998,5,14.946912992035967,delhi
Maruti Vitara Brezza,Maruti,Vitara Brezza,9,27000.0,1,Diesel,Manual,24.3,1248.0,88.5,5,13.457407451830088,delhi
Hyundai Accent,Hyundai,Accent,16,53000.0,2,Petrol,Manual,13.2,1495.0,94.0,5,11.289794413577894,delhi
Honda Amaze,Honda,Amaze,13,50000.0,1,Diesel,Manual,25.8,1498.0,98.6,5,12.429220196836383,delhi
Toyota Corolla Altis,Toyota,Corolla Altis,16,120000.0,4,Cng,Manual,14.53,1798.0,138.0,5,12.388398368982115,delhi
Mercedes-Benz C-Class,Mercedes-Benz,C-Class,6,15000.0,1,Diesel,Automatic,12.6,1949.5,180.02499999999998,5,15.193016665257863,delhi
Honda City,Honda,City,11,99373.0,1,Petrol,Manual,17.4,1497.0,117.3,5,13.267330877756825,delhi
Ford Ecosport,Ford,Ecosport,10,120000.0,1,Diesel,Manual,22.77,1498.0,98.59,5,12.487488878546145,delhi
Maruti Alto 800,Maruti,Alto 800,9,11815.0,1,Petrol,Manual,22.05,796.0,47.33,5,12.631343648903034,delhi
Maruti Swift Dzire,Maruti,Swift Dzire,10,39412.0,1,Petrol,Manual,21.21,1197.0,81.8,5,13.215855541983634,delhi
Maruti Baleno,Maruti,Baleno,10,60000.0,2,Petrol,Manual,21.4,1197.0,83.1,5,13.017005083966255,delhi
Maruti Swift,Maruti,Swift,8,33015.0,1,Petrol,Manual,22.38,1197.0,88.5,5,13.19189130572284,delhi
Honda Brio,Honda,Brio,14,44371.0,2,Petrol,Manual,19.4,1198.0,86.8,5,12.367345048436391,delhi
Maruti Wagon R,Maruti,Wagon R,13,39045.0,1,Petrol,Manual,18.9,998.0,67.1,5,12.624786269856633,delhi
Hyundai i10,Hyundai,i10,13,49000.0,1,Petrol,Manual,19.81,1086.0,68.05,5,12.59473402514672,delhi
Honda City,Honda,City,5,7936.0,1,Petrol,Automatic,18.3,1498.0,119.35,5,14.074793927498998,delhi
Audi A6,Audi,A6,12,66000.0,2,Diesel,Automatic,17.68,1949.5,174.33,5,13.887832149776026,delhi
Hyundai EON,Hyundai,EON,10,65739.0,1,Petrol,Manual,21.1,814.0,55.2,5,12.59473402514672,delhi
Maruti Celerio,Maruti,Celerio,10,52407.0,1,Petrol,Automatic,23.1,998.0,67.04,5,12.959846800844963,delhi
Hyundai i10,Hyundai,i10,15,30000.0,1,Petrol,Automatic,16.95,1197.0,78.9,5,12.765691290604371,delhi
BMW 5 Series,BMW,5 Series,8,48000.0,1,Diesel,Automatic,17.42,1949.5,180.02499999999998,5,15.291417306345254,delhi
Maruti Wagon R,Maruti,Wagon R,13,86816.0,1,Petrol,Manual,21.79,998.0,67.05,5,12.524530013005734,delhi
Toyota Etios Liva,Toyota,Etios Liva,11,63000.0,1,Petrol,Manual,17.71,1197.0,78.9,5,12.936036208848487,delhi
Tata Tiago,Tata,Tiago,8,67000.0,1,Petrol,Manual,23.84,1199.0,84.0,5,13.049794835104816,delhi
Audi A4,Audi,A4,12,59000.0,2,Diesel,Automatic,17.11,1949.5,174.33,5,13.790193775620484,delhi
Hyundai i20,Hyundai,i20,10,68838.0,1,Petrol,Manual,18.6,1197.0,81.83,5,13.208542908506082,delhi
Hyundai Grand i10,Hyundai,Grand i10,9,46835.0,1,Petrol,Manual,18.9,1197.0,81.86,5,13.142166004700508,delhi
Honda City,Honda,City,4,5242.0,2,Petrol,Automatic,18.3,1498.0,119.35,5,14.15412407184272,delhi
Maruti Baleno,Maruti,Baleno,4,17457.0,1,Petrol,Manual,22.35,1197.0,88.5,5,13.52649559761195,delhi
Honda Amaze,Honda,Amaze,11,62789.0,1,Petrol,Manual,18.0,1198.0,86.7,5,12.983101310070822,delhi
Maruti Alto K10,Maruti,Alto K10,10,33618.0,1,Petrol,Automatic,23.95,998.0,67.05,5,12.754196944209095,delhi
Honda City,Honda,City,16,75946.0,1,Petrol,Manual,17.0,1497.0,180.02499999999998,5,12.230765258120545,delhi
Toyota Fortuner,Toyota,Fortuner,13,152115.125,1,Diesel,Manual,13.0,1949.5,168.5,7,13.785051350479566,delhi
Maruti Wagon R,Maruti,Wagon R,13,87208.0,1,Petrol,Manual,20.51,998.0,67.04,5,12.456831363877356,delhi
Datsun RediGO,Datsun,RediGO,10,42736.0,1,Petrol,Manual,22.5,999.0,67.0,5,12.524530013005734,delhi
Toyota Etios,Toyota,Etios,15,55556.0,1,Petrol,Manual,17.6,1496.0,88.73,5,12.34148164933907,delhi
Maruti Brezza,Maruti,Brezza,3,2054.0,1,Petrol,Manual,17.38,1462.0,101.65,5,14.038654909278163,delhi
Mercedes-Benz E-Class,Mercedes-Benz,E-Class,3,1700.0,1,Petrol,Automatic,15.0,1949.5,180.02499999999998,5,15.86320353036178,delhi
Kia Seltos,Kia,Seltos,5,30120.0,1,Petrol,Automatic,16.5,1353.0,138.08,5,14.360738188157574,delhi
Hyundai Verna,Hyundai,Verna,15,32000.0,1,Petrol,Manual,17.1,1591.0,121.3,5,12.762830066509972,delhi
Honda City,Honda,City,9,70000.0,1,Petrol,Manual,17.8,1497.0,117.3,5,13.457407451830088,delhi
Toyota Fortuner,Toyota,Fortuner,12,85000.0,1,Diesel,Automatic,12.55,1949.5,168.5,7,14.058457520888082,delhi
Maruti Wagon R,Maruti,Wagon R,7,40000.0,1,Petrol,Automatic,21.5,1197.0,81.8,5,13.244582780038517,delhi
Maruti Baleno,Maruti,Baleno,7,14163.0,1,Petrol,Manual,21.4,1197.0,83.1,5,13.489781802915555,delhi
Mahindra Thar,Mahindra,Thar,4,15000.0,1,Diesel,Manual,15.2,1949.5,130.0,4,14.337276715240233,delhi
Hyundai Aura,Hyundai,Aura,6,4764.0,1,Petrol,Manual,20.5,1197.0,81.86,5,13.597354548161103,delhi
MG Gloster,MG,Gloster,3,20000.0,1,Diesel,Automatic,12.04,1949.5,180.02499999999998,7,15.274125813221904,delhi
Toyota Innova Crysta,Toyota,Innova Crysta,4,7600.0,1,Petrol,Manual,10.25,1949.5,163.6,7,14.637491049927531,delhi
Honda City,Honda,City,10,69815.0,1,Petrol,Automatic,18.0,1497.0,117.3,5,13.517105869857504,delhi
Hyundai Creta,Hyundai,Creta,8,82000.0,1,Diesel,Manual,22.1,1396.0,88.7,5,13.721200977393528,delhi
BMW X1,BMW,X1,5,8400.0,1,Petrol,Automatic,14.82,1949.5,180.02499999999998,5,15.201805169084134,delhi
Maruti Swift,Maruti,Swift,13,75463.0,1,Petrol,Manual,22.38,1197.0,88.5,5,12.660331092405906,delhi
Maruti Wagon R,Maruti,Wagon R,13,66000.0,1,Cng,Manual,28.25,998.0,67.04,5,12.35017731849889,delhi
Maruti Baleno,Maruti,Baleno,9,22091.0,1,Petrol,Manual,21.4,1197.0,83.1,5,13.230322314239945,delhi
BMW 6 Series,BMW,6 Series,7,32000.0,1,Diesel,Automatic,17.09,1949.5,180.02499999999998,4,15.56904898753229,delhi
Hyundai i10,Hyundai,i10,14,65000.0,2,Petrol,Manual,19.81,1086.0,68.05,5,12.35017731849889,delhi
Tata Tiago,Tata,Tiago,10,66000.0,1,Petrol,Manual,23.84,1199.0,84.0,5,12.818554633046093,delhi
BMW X5,BMW,X5,7,25000.0,1,Diesel,Automatic,15.97,1949.5,180.02499999999998,5,15.473738825043979,delhi
Ford Endeavour,Ford,Endeavour,8,110000.0,1,Diesel,Automatic,10.91,1949.5,180.02499999999998,7,14.79946031214395,delhi
Maruti Baleno,Maruti,Baleno,5,30000.0,1,Petrol,Manual,21.4,1197.0,83.1,5,13.45883704259595,delhi
Kia Seltos,Kia,Seltos,5,47000.0,1,Diesel,Automatic,17.8,1493.0,113.42,5,14.077875591662238,delhi
BMW X1,BMW,X1,3,6000.0,1,Diesel,Automatic,20.37,1949.5,147.51,5,15.518438995635059,delhi
Maruti Baleno,Maruti,Baleno,6,35854.0,2,Petrol,Automatic,21.4,1197.0,83.1,5,13.598598798635953,delhi
Tata Nexon,Tata,Nexon,8,43623.0,1,Petrol,Manual,17.0,1198.0,108.5,5,13.507627138738266,delhi
Toyota Etios,Toyota,Etios,11,64229.0,2,Petrol,Manual,16.78,1496.0,88.73,5,12.996802422000108,delhi
Ford Endeavour,Ford,Endeavour,7,59605.0,2,Diesel,Automatic,10.91,1949.5,180.02499999999998,7,14.876767406109316,delhi
Renault KWID,Renault,KWID,7,2997.0,1,Petrol,Manual,23.01,999.0,67.0,5,12.891694078557842,delhi
Renault KWID,Renault,KWID,5,9606.0,1,Petrol,Manual,21.74,999.0,67.0,5,13.02805489573287,delhi
Mercedes-Benz S-Class,Mercedes-Benz,S-Class,11,75000.0,1,Diesel,Automatic,13.5,1949.5,180.02499999999998,5,15.163583966004193,delhi
Honda Amaze,Honda,Amaze,6,41898.0,2,Petrol,Automatic,19.0,1199.0,88.76,5,13.477238101919994,delhi
Toyota Glanza,Toyota,Glanza,5,23159.0,1,Petrol,Manual,21.01,1197.0,81.8,5,13.510344528022657,delhi
Ford Ecosport,Ford,Ecosport,10,53488.0,1,Petrol,Manual,15.85,1499.0,110.4,5,13.199326270390594,delhi
Toyota Innova Crysta,Toyota,Innova Crysta,7,29000.0,1,Diesel,Manual,13.68,1949.5,147.51,7,14.374554754000739,delhi
MG Hector Plus,MG,Hector Plus,3,6000.0,1,Petrol,Automatic,12.34,1451.0,141.0,6,14.603968372873895,delhi
Maruti Swift Dzire,Maruti,Swift Dzire,7,68192.0,1,Petrol,Manual,21.21,1197.0,81.8,5,13.348703414510117,delhi
Kia Seltos,Kia,Seltos,3,600.0,1,Petrol,Manual,16.8,1497.0,113.43,5,14.263397020933823,delhi
Jaguar XF,Jaguar,XF,6,13000.0,1,Petrol,Automatic,10.8,1949.5,180.02499999999998,5,15.346987145144855,delhi
Maruti Vitara Brezza,Maruti,Vitara Brezza,8,67756.0,1,Diesel,Manual,24.3,1248.0,88.5,5,13.556741124342862,delhi
Maruti SX4 S Cross,Maruti,SX4 S Cross,9,83811.0,1,Diesel,Manual,25.1,1248.0,88.5,5,13.282781802386296,delhi
Maruti Celerio,Maruti,Celerio,10,68000.0,1,Cng,Manual,28.25,998.0,58.2,5,12.92391243868049,delhi
Maruti Swift,Maruti,Swift,4,4100.0,1,Petrol,Manual,22.38,1197.0,88.5,5,13.457407451830088,delhi
Maruti Swift Dzire,Maruti,Swift Dzire,6,46243.0,1,Petrol,Manual,21.21,1197.0,81.8,5,13.372345140303285,delhi
Mercedes-Benz CLS-Class,Mercedes-Benz,CLS-Class,12,37000.0,1,Petrol,Automatic,10.25,1949.5,180.02499999999998,4,14.80876270134486,delhi
Nissan Micra,Nissan,Micra,11,52123.0,2,Petrol,Automatic,19.34,1198.0,76.0,5,12.810391344620207,delhi
Mercedes-Benz GLS,Mercedes-Benz,GLS,10,66000.0,2,Diesel,Automatic,11.0,1949.5,180.02499999999998,7,15.414898336565054,delhi
Hyundai Grand i10,Hyundai,Grand i10,11,23690.0,1,Petrol,Manual,18.9,1197.0,81.86,5,13.010316110729669,delhi
Maruti Alto 800,Maruti,Alto 800,10,70879.0,1,Petrol,Manual,22.05,796.0,47.33,5,12.476103599529843,delhi
Volkswagen Polo,Volkswagen,Polo,14,42000.0,1,Petrol,Manual,16.47,1198.0,73.9,5,12.487488878546145,delhi
Jaguar F-Pace,Jaguar,F-Pace,8,56000.0,2,Diesel,Automatic,16.38,1949.5,177.0,5,15.170056478834066,delhi
Honda City,Honda,City,9,12651.0,2,Petrol,Manual,17.8,1497.0,117.3,5,13.542389950903406,delhi
Honda Amaze,Honda,Amaze,10,61000.0,1,Petrol,Manual,17.8,1198.0,86.7,5,12.971542813248437,delhi
Maruti Celerio,Maruti,Celerio,8,98705.0,1,Cng,Manual,28.25,998.0,55.92,5,12.901719200051183,delhi
Kia Carnival,Kia,Carnival,6,62000.0,1,Diesel,Automatic,14.11,1949.5,180.02499999999998,7,14.897316067298997,delhi
Honda Amaze,Honda,Amaze,12,28000.0,1,Petrol,Manual,18.0,1198.0,86.7,5,12.847929163278053,delhi
Mahindra Bolero Power Plus,Mahindra,Bolero Power Plus,6,36000.0,1,Diesel,Manual,16.5,1493.0,70.0,7,13.623139877437296,delhi
Maruti Swift Dzire,Maruti,Swift Dzire,9,32000.0,1,Diesel,Manual,28.25,1248.0,74.02,5,13.361381852676738,delhi
BMW X1,BMW,X1,9,38000.0,1,Diesel,Automatic,20.68,1949.5,180.02499999999998,5,14.626441218624949,delhi
Maruti Alto K10,Maruti,Alto K10,9,33000.0,1,Petrol,Manual,23.95,998.0,67.1,5,12.73670383776449,delhi
Hyundai Verna,Hyundai,Verna,8,68045.0,1,Diesel,Automatic,22.0,1582.0,126.2,5,13.76421831620775,delhi
Maruti Wagon R,Maruti,Wagon R,8,19765.0,1,Petrol,Manual,20.51,998.0,67.04,5,12.879019669789754,delhi
Mahindra XUV300,Mahindra,XUV300,5,7076.0,1,Petrol,Manual,16.82,1197.0,108.62,5,14.001990954782066,delhi
Honda City,Honda,City,9,30560.0,1,Petrol,Manual,17.8,1497.0,117.3,5,13.51845266959401,delhi
Maruti Celerio,Maruti,Celerio,8,47944.0,1,Cng,Manual,28.25,998.0,58.33,5,13.091904169919621,delhi
Hyundai Creta,Hyundai,Creta,10,78550.0,1,Petrol,Automatic,13.0,1591.0,121.3,5,13.686540176667314,delhi
Hyundai Tucson,Hyundai,Tucson,9,65000.0,1,Petrol,Automatic,12.95,1949.5,152.88,5,13.864301674514206,delhi
Kia Seltos,Kia,Seltos,4,32000.0,1,Diesel,Automatic,18.0,1493.0,113.43,5,14.498607907721096,delhi
Honda Amaze,Honda,Amaze,9,58996.0,2,Petrol,Manual,19.5,1199.0,88.76,5,13.043322334563697,delhi
Jaguar XE,Jaguar,XE,8,34000.0,2,Diesel,Automatic,13.5,1949.5,177.0,5,14.790070575320824,delhi
Hyundai i20,Hyundai,i20,11,59537.0,2,Petrol,Manual,18.6,1197.0,81.83,5,13.140205260167273,delhi
Maruti Wagon R,Maruti,Wagon R,4,9314.0,1,Petrol,Manual,21.79,998.0,67.05,5,13.180634172318978,delhi
Honda Amaze,Honda,Amaze,12,41684.0,1,Petrol,Manual,18.6,1199.0,88.76,5,12.644330802262578,delhi
Audi A4,Audi,A4,15,70000.0,3,Petrol,Automatic,12.3,1781.0,163.2,5,13.45883704259595,delhi
Toyota Etios Liva,Toyota,Etios Liva,10,51607.0,1,Petrol,Manual,18.16,1197.0,78.9,5,12.994532278619134,delhi
Tata Zest,Tata,Zest,11,90000.0,1,Diesel,Manual,20.65,1248.0,88.7,5,12.899222326086994,delhi
Kia Carnival,Kia,Carnival,6,30000.0,1,Diesel,Automatic,14.11,1949.5,180.02499999999998,7,14.930652476452392,delhi
Mahindra Thar,Mahindra,Thar,4,40000.0,1,Diesel,Manual,15.2,1949.5,130.0,4,14.269766465162304,delhi
Maruti Swift,Maruti,Swift,13,97672.0,1,Petrol,Manual,22.38,1197.0,88.5,5,12.793862088206213,delhi
Hyundai Verna,Hyundai,Verna,12,90000.0,3,Petrol,Manual,17.01,1591.0,121.3,5,12.793862088206213,delhi
Nissan Micra,Nissan,Micra,11,68740.0,2,Petrol,Manual,18.06,1198.0,75.0,5,12.748399843328054,delhi
Mercedes-Benz C-Class,Mercedes-Benz,C-Class,8,37000.0,1,Petrol,Automatic,14.74,1949.5,180.02499999999998,5,15.086674892335402,delhi
Maruti Ciaz,Maruti,Ciaz,9,40000.0,1,Diesel,Manual,28.09,1248.0,88.5,5,13.304686600863562,delhi
Honda Amaze,Honda,Amaze,11,86245.0,2,Petrol,Manual,18.0,1198.0,86.7,5,12.73670383776449,delhi
Volkswagen Polo,Volkswagen,Polo,10,40000.0,2,Petrol,Automatic,17.21,1197.0,103.5,5,13.42246945133505,delhi
BMW 3 Series GT,BMW,3 Series GT,6,15000.0,2,Petrol,Automatic,15.34,1949.5,180.02499999999998,5,15.291417306345254,delhi
Maruti Alto 800,Maruti,Alto 800,10,60896.0,2,Petrol,Manual,22.05,796.0,47.33,5,12.591338447675579,delhi
Honda City,Honda,City,13,60000.0,1,Petrol,Manual,16.8,1497.0,116.3,5,12.834683971615659,delhi
Maruti Swift Dzire,Maruti,Swift Dzire,5,18340.0,2,Petrol,Automatic,22.61,1197.0,88.5,5,13.593617474489168,delhi
Jeep Compass,Jeep,Compass,4,20000.0,1,Diesel,Automatic,14.9,1949.5,167.67,5,14.88022163978423,delhi
Hyundai Creta,Hyundai,Creta,9,70000.0,2,Diesel,Automatic,17.01,1582.0,126.2,5,13.592368256649284,delhi
Maruti Wagon R,Maruti,Wagon R,11,75000.0,1,Cng,Manual,28.25,998.0,67.04,5,12.653961664405365,delhi
Honda WR-V,Honda,WR-V,9,40000.0,1,Petrol,Manual,17.5,1199.0,88.7,5,13.142166004700508,delhi
Audi Q3,Audi,Q3,12,57000.0,2,Diesel,Automatic,15.73,1949.5,174.33,5,13.933294482509151,delhi
Maruti Baleno,Maruti,Baleno,10,48000.0,1,Petrol,Manual,21.4,1197.0,83.1,5,13.02805489573287,delhi
Honda City,Honda,City,15,120000.0,1,Petrol,Manual,17.0,1497.0,180.02499999999998,5,12.611541086966115,delhi
Ford Ecosport,Ford,Ecosport,9,25000.0,1,Petrol,Automatic,14.7,1496.0,120.69,5,13.493928313146206,delhi
Toyota Innova Crysta,Toyota,Innova Crysta,5,29000.0,1,Diesel,Automatic,12.0,1949.5,148.0,7,14.659231027111028,delhi
Ford Figo,Ford,Figo,7,63176.0,1,Diesel,Manual,25.83,1498.0,99.0,5,13.151924121391561,delhi
Audi A4,Audi,A4,5,24000.0,1,Petrol,Automatic,17.42,1949.5,180.02499999999998,5,15.201805169084134,delhi
Renault KWID,Renault,KWID,6,22820.0,1,Petrol,Manual,21.74,999.0,67.0,5,12.94323910384853,delhi
Hyundai i10,Hyundai,i10,17,30000.0,1,Petrol,Manual,20.36,1197.0,78.9,5,12.206077645517674,delhi
Maruti Swift Dzire,Maruti,Swift Dzire,9,74538.0,1,Petrol,Automatic,21.21,1197.0,81.8,5,13.437175577097312,delhi
Mercedes-Benz GLC,Mercedes-Benz,GLC,7,40000.0,1,Petrol,Automatic,11.5,1949.5,180.02499999999998,5,15.096444681204078,delhi
Maruti Alto 800,Maruti,Alto 800,8,45399.0,1,Petrol,Manual,22.05,796.0,47.33,5,12.574185427296195,delhi
Volkswagen Ameo,Volkswagen,Ameo,8,24940.0,2,Petrol,Manual,19.44,999.0,75.0,5,13.321215875492413,delhi
Hyundai Creta,Hyundai,Creta,7,22000.0,1,Diesel,Automatic,17.01,1582.0,126.2,5,14.151983508870947,delhi
Honda Amaze,Honda,Amaze,12,98681.0,1,Petrol,Manual,18.0,1198.0,86.7,5,12.685410698175234,delhi
Maruti Baleno,Maruti,Baleno,9,40000.0,1,Petrol,Manual,21.01,1197.0,81.8,5,13.171155446333852,delhi
Honda WR-V,Honda,WR-V,8,58000.0,1,Diesel,Manual,25.5,1498.0,98.6,5,13.493928313146206,delhi
Hyundai i20,Hyundai,i20,11,75000.0,1,Diesel,Manual,22.54,1396.0,88.73,5,12.959846800844963,delhi
Ford Ecosport,Ford,Ecosport,12,76000.0,1,Diesel,Manual,22.7,1498.0,89.84,5,12.765691290604371,delhi
Renault KWID,Renault,KWID,9,60000.0,1,Petrol,Automatic,24.04,999.0,67.0,5,12.691583538230217,delhi
Honda City,Honda,City,10,58000.0,1,Petrol,Automatic,18.0,1497.0,117.3,5,13.42246945133505,delhi
Volkswagen Jetta,Volkswagen,Jetta,13,80000.0,2,Petrol,Manual,14.69,1390.0,120.3,5,12.936036208848487,delhi
Volvo S90,Volvo,S90,8,20000.0,1,Diesel,Automatic,18.0,1949.5,180.02499999999998,5,15.170056478834066,delhi
Maruti Baleno,Maruti,Baleno,9,42841.0,1,Petrol,Manual,21.4,1197.0,83.1,5,13.286183160425152,delhi
Maruti Vitara Brezza,Maruti,Vitara Brezza,9,67000.0,1,Diesel,Manual,24.3,1248.0,88.5,5,13.384729180332174,delhi
Maruti XL6,Maruti,XL6,6,26000.0,1,Petrol,Manual,19.01,1462.0,103.2,6,13.842153462620056,delhi
Maruti Wagon R,Maruti,Wagon R,9,40000.0,1,Petrol,Manual,18.9,998.0,67.1,5,12.834683971615659,delhi
Mahindra XUV500,Mahindra,XUV500,7,60000.0,1,Diesel,Manual,15.1,1949.5,152.87,7,14.077875591662238,delhi
Hyundai Verna,Hyundai,Verna,11,37140.0,2,Petrol,Manual,17.01,1591.0,121.3,5,13.713477832399123,delhi
Maruti Celerio,Maruti,Celerio,8,120000.0,1,Cng,Manual,28.25,998.0,58.33,5,12.765691290604371,delhi
Toyota Fortuner,Toyota,Fortuner,8,74000.0,1,Diesel,Automatic,12.9,1949.5,174.5,7,14.862829903121964,delhi
Hyundai i20,Hyundai,i20,5,16430.0,1,Petrol,Manual,21.0,1197.0,81.8,5,13.714584639374314,delhi
Toyota Urban cruiser,Toyota,Urban cruiser,4,10000.0,1,Petrol,Manual,17.03,1462.0,103.26,5,13.76421831620775,delhi
Honda City,Honda,City,9,63054.0,1,Petrol,Automatic,18.0,1497.0,117.6,5,13.76316513133229,delhi
Skoda Superb,Skoda,Superb,4,12000.0,1,Petrol,Automatic,15.1,1949.5,180.02499999999998,5,15.176487367510099,delhi
Mercedes-Benz E-Class,Mercedes-Benz,E-Class,4,13000.0,1,Diesel,Automatic,16.1,1949.5,180.02499999999998,5,15.816990693309524,delhi
Hyundai Creta,Hyundai,Creta,8,32000.0,2,Diesel,Automatic,17.01,1582.0,126.2,5,13.909912143303451,delhi
Mercedes-Benz SLC,Mercedes-Benz,SLC,9,7023.0,1,Petrol,Automatic,19.0,1949.5,180.02499999999998,2,15.683459319990018,delhi
Mercedes-Benz C-Class,Mercedes-Benz,C-Class,6,11000.0,1,Petrol,Automatic,11.9,1949.5,180.02499999999998,5,15.26242977619469,delhi
Maruti Swift,Maruti,Swift,9,50629.0,1,Petrol,Manual,22.38,1197.0,88.5,5,12.952762962683588,delhi
Maruti Baleno,Maruti,Baleno,7,63534.0,1,Petrol,Automatic,21.4,1197.0,83.1,5,13.426904041847699,delhi
Hyundai EON,Hyundai,EON,8,52000.0,1,Petrol,Manual,20.3,998.0,68.05,5,12.611541086966115,delhi
Maruti Alto 800,Maruti,Alto 800,4,33695.0,1,Cng,Manual,28.25,796.0,40.36,4,13.114333221834064,delhi
Honda Jazz,Honda,Jazz,11,68744.0,1,Petrol,Automatic,19.0,1199.0,88.7,5,13.045484492893253,delhi
Honda City,Honda,City,13,70000.0,1,Petrol,Manual,16.8,1497.0,116.3,5,13.02805489573287,delhi
Tata Tiago,Tata,Tiago,6,9540.0,1,Petrol,Automatic,23.84,1199.0,83.83,5,13.529162262303307,delhi
Maruti Ciaz,Maruti,Ciaz,9,45000.0,1,Petrol,Automatic,19.12,1373.0,91.1,5,13.560619598657233,delhi
Maruti Baleno,Maruti,Baleno,7,36861.0,1,Petrol,Manual,21.4,1197.0,83.1,5,13.426904041847699,delhi
Ford Ecosport,Ford,Ecosport,9,68000.0,1,Petrol,Manual,15.9,1496.0,120.69,5,13.217675375388819,delhi
Maruti Swift Dzire,Maruti,Swift Dzire,12,68000.0,1,Petrol,Manual,19.1,1197.0,85.8,5,12.873904582205107,delhi
Maruti Swift,Maruti,Swift,11,38000.0,1,Petrol,Manual,21.21,1197.0,81.8,5,12.886643575525625,delhi
Renault KWID,Renault,KWID,9,39000.0,1,Petrol,Manual,23.01,999.0,67.0,5,12.59473402514672,delhi
Volkswagen Polo,Volkswagen,Polo,9,40000.0,1,Petrol,Manual,16.2,1199.0,74.0,5,13.303018546545275,delhi
MG Hector Plus,MG,Hector Plus,6,18000.0,1,Petrol,Automatic,11.67,1451.0,141.0,6,14.374554754000739,delhi
Maruti Wagon R,Maruti,Wagon R,7,60000.0,1,Petrol,Automatic,20.51,998.0,67.0,5,12.896719202134523,delhi
Ford Aspire,Ford,Aspire,8,40000.0,1,Diesel,Manual,25.83,1498.0,99.0,5,13.014780393893403,delhi
Maruti Alto K10,Maruti,Alto K10,8,68000.0,1,Petrol,Manual,23.95,998.0,67.05,5,12.611541086966115,delhi
Maruti Ignis,Maruti,Ignis,9,40000.0,2,Petrol,Manual,20.89,1197.0,81.8,5,13.014780393893403,delhi
Maruti Wagon R,Maruti,Wagon R,12,37000.0,1,Petrol,Manual,21.79,998.0,67.05,5,12.59473402514672,delhi
Maruti Swift Dzire,Maruti,Swift Dzire,8,21912.0,1,Petrol,Automatic,21.21,1197.0,81.8,5,13.38318953651709,delhi
Hyundai i10,Hyundai,i10,13,74564.0,1,Petrol,Manual,20.36,1197.0,78.9,5,12.520887034998584,delhi
Maruti Alto 800,Maruti,Alto 800,7,48000.0,1,Petrol,Manual,24.7,796.0,47.3,5,12.834683971615659,delhi
Honda City,Honda,City,9,96758.0,1,Petrol,Automatic,18.0,1497.0,117.3,5,13.593617474489168,delhi
Honda Amaze,Honda,Amaze,8,60341.0,1,Diesel,Manual,25.8,1498.0,98.6,5,13.28957298843418,delhi
Maruti Swift,Maruti,Swift,9,36973.0,1,Petrol,Manual,20.4,1197.0,83.11,5,12.980802117227352,delhi
Maruti Ciaz,Maruti,Ciaz,9,39000.0,1,Diesel,Manual,28.09,1248.0,88.5,5,13.457407451830088,delhi
Maruti Wagon R,Maruti,Wagon R,13,52514.0,1,Petrol,Manual,18.9,998.0,67.1,5,12.509877789891931,delhi
Maruti Wagon R,Maruti,Wagon R,4,13001.0,1,Petrol,Manual,21.5,1197.0,81.8,5,13.22672519452875,delhi
Hyundai Creta,Hyundai,Creta,8,72000.0,1,Diesel,Manual,22.1,1396.0,88.7,5,13.623139877437296,delhi
Ford Ecosport,Ford,Ecosport,9,62000.0,1,Petrol,Manual,15.9,1496.0,120.69,5,13.303018546545275,delhi
Toyota Etios,Toyota,Etios,9,34000.0,1,Petrol,Manual,16.78,1496.0,88.73,5,13.083622549087899,delhi
Honda Amaze,Honda,Amaze,11,67000.0,1,Petrol,Manual,18.0,1198.0,86.7,5,12.861001210669146,delhi
Volkswagen Polo,Volkswagen,Polo,7,45000.0,1,Petrol,Manual,18.78,999.0,75.0,5,13.457407451830088,delhi
Maruti Swift Dzire,Maruti,Swift Dzire,13,64000.0,1,Petrol,Manual,20.85,1197.0,83.14,5,12.709876675502672,delhi
Chevrolet Beat,Chevrolet,Beat,13,58000.0,2,Petrol,Manual,18.6,1199.0,79.4,5,12.08954444723597,delhi
Hyundai Creta,Hyundai,Creta,9,48000.0,2,Petrol,Automatic,14.8,1591.0,121.3,5,13.73755009757506,delhi
Maruti Ritz,Maruti,Ritz,13,70000.0,1,Petrol,Manual,18.5,1197.0,85.8,5,12.577639650232573,delhi
Maruti Ciaz,Maruti,Ciaz,9,59863.0,2,Petrol,Automatic,19.12,1373.0,91.1,5,13.25339339419516,delhi
Maruti Alto 800,Maruti,Alto 800,4,18468.0,1,Cng,Manual,28.25,796.0,40.36,4,13.106236027992704,delhi
Ford Freestyle,Ford,Freestyle,8,42173.0,2,Petrol,Manual,19.0,1194.0,94.68,5,13.180634172318978,delhi
Ford Ecosport,Ford,Ecosport,11,68631.0,2,Petrol,Automatic,14.7,1496.0,120.69,5,13.049794835104816,delhi
Maruti Alto 800,Maruti,Alto 800,5,18833.0,1,Petrol,Manual,22.05,796.0,47.33,5,12.768544351446794,delhi
Maruti Ignis,Maruti,Ignis,5,55418.0,1,Petrol,Manual,20.89,1197.0,81.8,5,13.151924121391561,delhi
Maruti Wagon R,Maruti,Wagon R,13,20000.0,1,Petrol,Manual,20.51,998.0,67.04,5,12.323860125621126,delhi
Renault Triber,Renault,Triber,6,53400.0,1,Petrol,Manual,20.0,999.0,71.01,7,13.3374763699232,delhi
Renault KWID,Renault,KWID,8,25000.0,1,Petrol,Manual,23.01,999.0,67.0,5,12.762830066509972,delhi
Jeep Compass,Jeep,Compass,7,87576.0,1,Petrol,Automatic,14.1,1368.0,160.77,5,14.141211419624977,delhi
Honda Brio,Honda,Brio,12,58000.0,1,Petrol,Manual,19.4,1198.0,86.8,5,12.577639650232573,delhi
Datsun GO Plus,Datsun,GO Plus,11,75000.0,1,Petrol,Manual,19.44,1198.0,67.0,7,12.560247968016562,delhi
Volkswagen Vento,Volkswagen,Vento,13,69000.0,1,Petrol,Automatic,14.8,1598.0,180.02499999999998,5,12.706850963741102,delhi
Mahindra Thar,Mahindra,Thar,11,20000.0,1,Diesel,Manual,16.55,1949.5,105.0,6,13.215855541983634,delhi
Maruti Alto 800,Maruti,Alto 800,6,45000.0,1,Petrol,Manual,22.05,796.0,47.33,5,12.807655372286902,delhi
Maruti Swift Dzire Tour,Maruti,Swift Dzire Tour,5,20000.0,1,Cng,Manual,26.55,1197.0,70.4,5,13.384729180332174,delhi
Maruti SX4 S Cross,Maruti,SX4 S Cross,11,70000.0,1,Diesel,Manual,23.65,1248.0,88.5,5,13.014780393893403,delhi
Honda Jazz,Honda,Jazz,9,72000.0,1,Petrol,Automatic,19.0,1199.0,88.7,5,13.303018546545275,delhi
MG Gloster,MG,Gloster,3,7800.0,0,Diesel,Automatic,12.04,1949.5,180.02499999999998,6,15.351302145515305,delhi
Tata Tiago,Tata,Tiago,6,25000.0,1,Petrol,Manual,20.09,1199.0,84.82,5,13.120363378739663,delhi
Lexus RX,Lexus,RX,6,19000.0,1,Petrol,Automatic,18.8,1949.5,180.02499999999998,5,15.990262393084793,delhi
Skoda Slavia,Skoda,Slavia,4,11332.0,1,Petrol,Automatic,18.07,999.0,113.98,5,14.121524323477532,delhi
Maruti Baleno,Maruti,Baleno,10,25456.0,1,Petrol,Manual,21.4,1197.0,83.1,5,13.235693848424024,delhi
Maruti Wagon R,Maruti,Wagon R,13,65000.0,2,Petrol,Manual,21.79,998.0,67.05,5,12.524530013005734,delhi
Honda Jazz,Honda,Jazz,9,93616.0,1,Petrol,Automatic,19.0,1199.0,88.7,5,13.281076775042335,delhi
Maruti Celerio,Maruti,Celerio,9,74134.0,1,Petrol,Automatic,26.0,998.0,65.71,5,13.045484492893253,delhi
Renault Duster,Renault,Duster,8,70000.0,1,Petrol,Automatic,14.99,1498.0,104.5,5,13.457407451830088,delhi
Maruti Baleno,Maruti,Baleno,8,62411.0,2,Diesel,Manual,27.39,1248.0,74.0,5,13.292951364319082,delhi
Mercedes-Benz E-Class,Mercedes-Benz,E-Class,14,56000.0,2,Petrol,Automatic,12.3,1796.0,180.02499999999998,5,13.864301674514206,delhi
Mahindra KUV 100 NXT,Mahindra,KUV 100 NXT,8,63661.0,2,Diesel,Manual,25.32,1198.0,77.0,5,13.248116346376765,delhi
Volkswagen Taigun,Volkswagen,Taigun,4,14000.0,1,Petrol,Manual,17.88,1498.0,147.51,5,14.316286451937186,delhi
Mahindra XUV500,Mahindra,XUV500,9,70000.0,1,Diesel,Manual,16.0,1949.5,140.0,7,13.742940940397677,delhi
Honda WR-V,Honda,WR-V,8,50000.0,1,Petrol,Manual,17.5,1199.0,88.7,5,13.52649559761195,delhi
Volkswagen Vento,Volkswagen,Vento,15,74000.0,1,Petrol,Manual,15.04,1598.0,103.6,5,12.425212191503038,delhi
Tata Hexa,Tata,Hexa,8,70000.0,1,Diesel,Manual,17.6,1949.5,153.86,7,13.70903942580019,delhi
Hyundai i10,Hyundai,i10,13,65000.0,1,Petrol,Manual,19.81,1086.0,68.05,5,12.323860125621126,delhi
Maruti Baleno,Maruti,Baleno,11,40000.0,1,Diesel,Manual,27.39,1248.0,74.0,5,12.896719202134523,delhi
Chevrolet Spark,Chevrolet,Spark,16,60000.0,3,Petrol,Manual,18.0,995.0,62.0,5,11.289794413577894,delhi
Honda City,Honda,City,16,81000.0,3,Petrol,Automatic,16.8,1497.0,180.02499999999998,5,12.323860125621126,delhi
Maruti Alto,Maruti,Alto,14,80000.0,1,Petrol,Manual,19.7,796.0,46.3,5,11.827743504053695,delhi
Maruti Swift Dzire,Maruti,Swift Dzire,12,107539.0,1,Diesel,Manual,23.4,1248.0,74.0,5,12.871337193291367,delhi
Maruti Baleno,Maruti,Baleno,10,52059.0,1,Petrol,Manual,21.4,1197.0,83.1,5,13.214032390746006,delhi
MG Hector,MG,Hector,5,70000.0,1,Petrol,Manual,15.81,1451.0,141.0,5,14.343193888767015,delhi
Hyundai i20,Hyundai,i20,5,5732.0,1,Petrol,Manual,21.0,1197.0,81.8,5,13.680836798801778,delhi
Honda Amaze,Honda,Amaze,8,53034.0,1,Petrol,Manual,19.5,1199.0,88.76,5,13.297997623898429,delhi
Honda City,Honda,City,17,80000.0,3,Petrol,Manual,17.0,1497.0,180.02499999999998,5,12.095146671399466,delhi
Maruti Baleno,Maruti,Baleno,9,66462.0,2,Petrol,Manual,21.4,1197.0,83.1,5,13.124363376072994,delhi
Mahindra XUV500,Mahindra,XUV500,13,70000.0,1,Diesel,Manual,15.1,1949.5,140.0,7,13.26212705890841,delhi
Maruti Baleno,Maruti,Baleno,9,52444.0,1,Petrol,Manual,21.4,1197.0,83.1,5,13.112315061750808,delhi
Tata Safari Storme,Tata,Safari Storme,12,60000.0,1,Diesel,Manual,14.0,1949.5,138.1,7,13.122365377402328,delhi
MG Hector,MG,Hector,7,40000.0,2,Petrol,Automatic,13.96,1451.0,141.0,5,14.220976332738882,delhi
Hyundai Grand i10 Nios,Hyundai,Grand i10 Nios,4,10000.0,1,Petrol,Manual,20.7,1197.0,81.86,5,13.493928313146206,delhi
Toyota Urban cruiser,Toyota,Urban cruiser,4,10000.0,1,Petrol,Manual,17.03,1462.0,103.26,5,13.845070331079134,delhi
Maruti Ciaz,Maruti,Ciaz,9,70000.0,1,Diesel,Manual,28.09,1248.0,88.5,5,13.384729180332174,delhi
Hyundai Grand i10,Hyundai,Grand i10,12,14000.0,1,Petrol,Automatic,18.9,1197.0,82.0,5,13.017005083966255,delhi
Ford Ecosport,Ford,Ecosport,7,39500.0,1,Diesel,Manual,21.7,1498.0,98.96,5,13.442998001373553,delhi
Skoda Octavia,Skoda,Octavia,8,64213.0,1,Petrol,Manual,16.7,1395.0,148.0,5,14.038654909278163,delhi
Maruti Alto 800,Maruti,Alto 800,5,20000.0,2,Petrol,Manual,22.05,796.0,47.33,5,12.644330802262578,delhi
Kia Seltos,Kia,Seltos,7,60000.0,1,Petrol,Manual,16.5,1353.0,138.08,5,13.997832948091215,delhi
Isuzu D-Max,Isuzu,D-Max,8,120000.0,1,Diesel,Manual,12.4,1949.5,134.0,5,14.062371417145494,delhi
Hyundai Grand i10,Hyundai,Grand i10,9,48768.0,2,Petrol,Manual,18.9,1197.0,81.86,5,13.021437458814368,delhi
Maruti Celerio,Maruti,Celerio,6,91970.0,2,Petrol,Manual,25.24,998.0,65.71,5,12.90917263218775,delhi
Kia Seltos,Kia,Seltos,3,7100.0,1,Petrol,Automatic,17.9,1482.0,157.81,5,14.521080752349816,delhi
Maruti Baleno,Maruti,Baleno,10,34936.0,1,Petrol,Manual,21.4,1197.0,83.1,5,13.06685278163674,delhi
Honda Jazz,Honda,Jazz,15,64071.0,3,Petrol,Manual,16.7,1198.0,88.8,5,12.437188334739655,delhi
Honda WR-V,Honda,WR-V,4,10000.0,1,Petrol,Manual,16.5,1199.0,88.5,5,13.76421831620775,delhi
Maruti Baleno,Maruti,Baleno,8,60443.0,1,Petrol,Automatic,21.4,1197.0,83.1,5,13.358227280903897,delhi
Honda City,Honda,City,9,56000.0,1,Petrol,Automatic,18.0,1497.0,117.3,5,13.681980308196241,delhi
Maruti Swift,Maruti,Swift,11,10056.0,2,Petrol,Manual,22.38,1197.0,88.5,5,12.931205293247745,delhi
Honda City,Honda,City,6,13000.0,1,Petrol,Manual,17.4,1497.0,117.6,5,13.910821646859095,delhi
Land Rover Range Rover Evoque,Land,Rover Range Rover Evoque,7,53000.0,1,Diesel,Automatic,15.68,1949.5,177.0,5,15.238619133170708,delhi
Maruti Grand Vitara,Maruti,Grand Vitara,14,110000.0,2,Petrol,Manual,10.4,1949.5,163.5,5,13.384729180332174,delhi
Maruti Wagon R,Maruti,Wagon R,14,60000.0,1,Petrol,Manual,18.9,998.0,67.1,5,12.611541086966115,delhi
Mercedes-Benz C-Class,Mercedes-Benz,C-Class,4,22000.0,1,Petrol,Automatic,16.9,1496.0,180.02499999999998,5,15.555976908243359,delhi
Maruti Swift,Maruti,Swift,4,30000.0,1,Petrol,Manual,22.38,1197.0,88.5,5,13.477238101919994,delhi
Ford Ecosport,Ford,Ecosport,11,90000.0,2,Petrol,Automatic,15.63,1499.0,110.4,5,13.151924121391561,delhi
Maruti Baleno,Maruti,Baleno,6,50000.0,1,Petrol,Manual,21.01,1197.0,81.8,5,13.304686600863562,delhi
Tata Harrier,Tata,Harrier,4,22000.0,1,Diesel,Automatic,14.6,1949.5,167.67,5,14.552674623940995,delhi
Maruti Ciaz,Maruti,Ciaz,10,48000.0,1,Petrol,Automatic,19.12,1373.0,91.1,5,13.444448325847754,delhi
Maruti Baleno,Maruti,Baleno,10,35467.0,1,Petrol,Manual,21.4,1197.0,83.1,5,13.148033073468746,delhi
Hyundai Verna,Hyundai,Verna,9,54481.0,1,Petrol,Automatic,17.0,1591.0,121.3,5,13.652992804936396,delhi
Maruti Brezza,Maruti,Brezza,4,24000.0,1,Petrol,Manual,20.15,1462.0,101.65,5,13.635188201437066,delhi
Hyundai Grand i10,Hyundai,Grand i10,9,76181.0,1,Petrol,Manual,18.9,1197.0,81.86,5,12.992254692057308,delhi
Maruti Baleno,Maruti,Baleno,6,23842.0,1,Petrol,Manual,21.01,1197.0,81.8,5,13.487007879880162,delhi
Maruti Vitara Brezza,Maruti,Vitara Brezza,4,20000.0,2,Petrol,Manual,17.03,1462.0,103.26,5,13.755761615129062,delhi
Honda City,Honda,City,12,94407.0,1,Petrol,Automatic,18.0,1497.0,117.3,5,13.195615697878253,delhi
Hyundai Accent,Hyundai,Accent,17,80000.0,1,Petrol,Manual,16.36,1495.0,93.7,5,11.51293546492023,delhi
Maruti Baleno,Maruti,Baleno,10,124245.0,1,Petrol,Manual,21.4,1197.0,83.1,5,13.104201443434462,delhi
Honda Amaze,Honda,Amaze,4,5100.0,1,Petrol,Automatic,18.3,1199.0,88.5,5,13.73755009757506,delhi
Toyota Urban cruiser,Toyota,Urban cruiser,4,30000.0,1,Petrol,Manual,17.03,1462.0,103.26,5,13.87378040948403,delhi
Toyota Fortuner,Toyota,Fortuner,14,120000.0,2,Diesel,Manual,13.0,1949.5,168.5,7,13.710151153416941,delhi
Maruti Vitara Brezza,Maruti,Vitara Brezza,8,50000.0,1,Diesel,Manual,24.3,1248.0,88.5,5,13.415034483903348,delhi
Ford Ecosport,Ford,Ecosport,9,89698.0,1,Petrol,Manual,18.88,999.0,123.37,5,13.122365377402328,delhi
Audi A4,Audi,A4,12,18000.0,2,Diesel,Automatic,16.55,1949.5,147.51,5,14.038654909278163,delhi
Maruti Swift,Maruti,Swift,17,100000.0,3,Petrol,Manual,16.1,1298.0,88.2,5,11.608244735642321,delhi
Hyundai Santro Xing,Hyundai,Santro Xing,16,60000.0,2,Petrol,Manual,17.92,1086.0,62.1,5,11.918397239722838,delhi
Ford Endeavour,Ford,Endeavour,7,30000.0,2,Diesel,Automatic,10.91,1949.5,180.02499999999998,7,14.978661680269907,delhi
Hyundai i10,Hyundai,i10,12,30000.0,1,Lpg,Manual,19.0,1086.0,68.1,5,12.388398368982115,delhi
Honda City,Honda,City,12,100000.0,3,Petrol,Manual,17.4,1497.0,117.3,5,13.038981768465277,delhi
Hyundai Grand i10,Hyundai,Grand i10,10,58193.0,1,Petrol,Manual,18.9,1197.0,82.0,5,12.926350926565435,delhi
Maruti Baleno,Maruti,Baleno,9,68621.0,2,Petrol,Manual,21.4,1197.0,83.1,5,13.083622549087899,delhi
Honda WR-V,Honda,WR-V,9,50000.0,1,Petrol,Manual,17.5,1199.0,88.7,5,13.415034483903348,delhi
Maruti Baleno,Maruti,Baleno,6,23399.0,1,Petrol,Manual,21.01,1197.0,81.8,5,13.49254805258237,delhi
Hyundai i20 Active,Hyundai,i20 Active,9,60915.0,1,Petrol,Manual,17.19,1197.0,81.86,5,13.210376086227196,delhi
Maruti Ertiga,Maruti,Ertiga,8,44000.0,1,Cng,Manual,17.5,1373.0,80.46,7,13.591117476312084,delhi
Volkswagen Polo,Volkswagen,Polo,13,101297.0,1,Petrol,Manual,16.47,1198.0,73.9,5,12.535379989788607,delhi
Honda City,Honda,City,3,10000.0,1,Petrol,Automatic,18.4,1498.0,119.35,5,14.269766465162304,delhi
Honda Brio,Honda,Brio,13,73883.0,1,Petrol,Manual,19.4,1198.0,86.8,5,12.472279517715116,delhi
Tata Safari Storme,Tata,Safari Storme,12,75000.0,1,Diesel,Manual,14.0,1949.5,138.1,7,12.936036208848487,delhi
Mahindra KUV 100 NXT,Mahindra,KUV 100 NXT,8,69000.0,1,Diesel,Manual,25.32,1198.0,77.0,5,12.896719202134523,delhi
Hyundai i10,Hyundai,i10,15,58632.0,1,Petrol,Automatic,16.95,1197.0,78.9,5,12.301387370778713,delhi
Honda Civic,Honda,Civic,15,41352.0,1,Petrol,Automatic,13.9,1799.0,130.3,5,12.706850963741102,delhi
Maruti Swift Dzire,Maruti,Swift Dzire,11,37000.0,1,Petrol,Manual,19.1,1197.0,85.8,5,12.983101310070822,delhi
Mahindra XUV500,Mahindra,XUV500,7,50000.0,1,Diesel,Automatic,15.1,1949.5,152.87,7,14.204169225721929,delhi
Maruti Ignis,Maruti,Ignis,8,90000.0,1,Petrol,Manual,20.89,1197.0,81.8,5,13.017005083966255,delhi
Mercedes-Benz C-Class,Mercedes-Benz,C-Class,6,7800.0,1,Petrol,Automatic,11.9,1949.5,180.02499999999998,5,15.29711532616119,delhi
Maruti Swift Dzire,Maruti,Swift Dzire,10,120000.0,1,Diesel,Manual,26.59,1248.0,74.0,5,12.847929163278053,delhi
Maruti Baleno,Maruti,Baleno,6,59014.0,1,Petrol,Manual,21.01,1197.0,81.8,5,13.42246945133505,delhi
Honda Brio,Honda,Brio,9,43148.0,1,Petrol,Automatic,16.5,1198.0,86.8,5,13.174957725054906,delhi
Ford Endeavour,Ford,Endeavour,7,79000.0,1,Diesel,Automatic,12.62,1949.5,158.0,7,14.910784279814974,delhi
Maruti Swift Dzire,Maruti,Swift Dzire,11,89352.0,1,Petrol,Manual,22.41,1197.0,88.5,5,12.847929163278053,delhi
Tata Tigor,Tata,Tigor,5,38511.0,1,Petrol,Manual,19.28,1199.0,84.82,5,13.442998001373553,delhi
Mercedes-Benz M-Class,Mercedes-Benz,M-Class,11,54000.0,1,Diesel,Automatic,15.26,1949.5,180.02499999999998,5,14.690979711984754,delhi
Maruti Baleno,Maruti,Baleno,10,66584.0,1,Petrol,Manual,21.4,1197.0,83.1,5,13.06896471037963,delhi
Ford Endeavour,Ford,Endeavour,9,48000.0,1,Diesel,Automatic,10.91,1949.5,180.02499999999998,7,14.751604309291395,delhi
Maruti Ignis,Maruti,Ignis,6,19418.0,1,Petrol,Manual,20.89,1197.0,81.8,5,13.265599278590988,delhi
Mercedes-Benz C-Class,Mercedes-Benz,C-Class,10,72000.0,1,Petrol,Automatic,14.74,1949.5,180.02499999999998,5,14.751604309291395,delhi
Toyota Yaris,Toyota,Yaris,8,23000.0,1,Petrol,Automatic,17.8,1496.0,105.94,5,13.704578997256993,delhi
Nissan Sunny,Nissan,Sunny,14,50000.0,1,Petrol,Manual,16.95,1498.0,97.7,5,12.429220196836383,delhi
Honda City,Honda,City,5,30000.0,1,Petrol,Manual,17.4,1497.0,117.6,5,13.710151153416941,delhi
Hyundai Venue,Hyundai,Venue,6,42000.0,1,Petrol,Manual,17.52,1197.0,81.86,5,13.384729180332174,delhi
Maruti Ciaz,Maruti,Ciaz,3,600.0,1,Petrol,Automatic,20.04,1462.0,103.25,5,13.976779556623864,delhi
Chevrolet Optra,Chevrolet,Optra,16,30000.0,3,Petrol,Manual,12.9,1598.0,102.5,5,12.133507329024972,delhi
Nissan Sunny,Nissan,Sunny,14,70000.0,1,Petrol,Manual,16.95,1498.0,97.7,5,12.429220196836383,delhi
Hyundai i20,Hyundai,i20,11,136288.0,1,Diesel,Manual,22.54,1396.0,88.73,5,12.959846800844963,delhi
Hyundai Grand i10,Hyundai,Grand i10,11,48000.0,1,Petrol,Manual,18.9,1197.0,82.0,5,12.959846800844963,delhi
Hyundai Grand i10,Hyundai,Grand i10,7,49707.0,1,Petrol,Manual,18.9,1197.0,81.86,5,13.167338655091122,delhi
Honda Brio,Honda,Brio,14,59443.0,1,Petrol,Manual,19.4,1198.0,86.8,5,12.388398368982115,delhi
Maruti Swift Dzire Tour,Maruti,Swift Dzire Tour,4,30000.0,1,Cng,Manual,28.25,1197.0,76.43,5,13.53314897324916,delhi
Jeep Compass,Jeep,Compass,9,52000.0,1,Petrol,Automatic,16.0,1368.0,160.0,5,14.06627005452127,delhi
Mahindra XUV500,Mahindra,XUV500,7,40398.0,1,Diesel,Automatic,15.1,1949.5,152.87,7,14.090867740026573,delhi
Jeep Compass,Jeep,Compass,7,50000.0,1,Petrol,Manual,16.0,1368.0,160.0,5,14.19736648302693,delhi
Hyundai i20,Hyundai,i20,9,84181.0,2,Petrol,Manual,18.6,1197.0,81.83,5,13.104201443434462,delhi
Mahindra KUV 100 NXT,Mahindra,KUV 100 NXT,8,10000.0,1,Petrol,Manual,18.15,1198.0,82.0,6,13.217675375388819,delhi
Maruti Swift,Maruti,Swift,8,66434.0,1,Diesel,Manual,28.25,1248.0,74.0,5,13.334245354561496,delhi
Ford Ecosport,Ford,Ecosport,8,40000.0,1,Petrol,Automatic,14.8,1497.0,121.36,5,13.560619598657233,delhi
Maruti Wagon R,Maruti,Wagon R,19,100000.0,1,Petrol,Manual,18.9,1061.0,67.0,5,11.289794413577894,delhi
Ford Ecosport,Ford,Ecosport,8,40000.0,1,Petrol,Automatic,14.8,1497.0,121.36,5,13.560619598657233,delhi
Tata Safari Storme,Tata,Safari Storme,13,100000.0,1,Diesel,Manual,14.0,1949.5,138.1,7,12.899222326086994,delhi
Toyota Fortuner,Toyota,Fortuner,8,51800.0,1,Diesel,Automatic,15.04,1949.5,174.5,7,15.024471202308668,delhi
Honda Civic,Honda,Civic,16,100000.0,5,Petrol,Manual,14.8,1799.0,130.2,5,12.206077645517674,delhi
Honda Civic,Honda,Civic,16,100000.0,5,Petrol,Manual,14.8,1799.0,130.2,5,12.206077645517674,delhi
Hyundai i20,Hyundai,i20,7,70000.0,2,Petrol,Manual,18.6,1197.0,81.86,5,13.142166004700508,delhi
Audi Q3,Audi,Q3,13,87000.0,1,Diesel,Automatic,15.73,1949.5,174.33,5,13.676248490630767,delhi
Maruti XL6,Maruti,XL6,5,7000.0,1,Petrol,Manual,19.01,1462.0,103.2,6,13.910821646859095,delhi
Maruti Ignis,Maruti,Ignis,9,60000.0,2,Diesel,Automatic,26.8,1248.0,74.0,5,13.005831808336863,delhi
Ford Ecosport,Ford,Ecosport,11,88710.0,1,Petrol,Automatic,16.5,1499.0,110.0,5,13.212205909556012,delhi
Maruti Baleno,Maruti,Baleno,7,47644.0,1,Petrol,Manual,21.4,1197.0,83.1,5,13.347107247525049,delhi
Mahindra XUV500,Mahindra,XUV500,9,40000.0,1,Diesel,Manual,16.0,1949.5,140.0,7,13.997832948091215,delhi
Maruti Baleno,Maruti,Baleno,10,100505.0,1,Petrol,Manual,21.4,1197.0,83.1,5,13.005831808336863,delhi
Hyundai i20,Hyundai,i20,11,106648.0,1,Petrol,Manual,18.6,1197.0,81.83,5,13.034626646500051,delhi
Hyundai Santro Xing,Hyundai,Santro Xing,12,60000.0,2,Cng,Manual,11.88,1086.0,62.1,5,12.230765258120545,delhi
Maruti Wagon R,Maruti,Wagon R,7,53481.0,1,Cng,Manual,28.25,998.0,67.04,5,13.136268254957963,delhi
Maruti Wagon R,Maruti,Wagon R,14,40000.0,2,Petrol,Manual,18.9,998.0,67.1,5,12.388398368982115,delhi
Maruti Baleno,Maruti,Baleno,7,25050.0,1,Petrol,Manual,21.4,1197.0,83.1,5,13.477238101919994,delhi
Mahindra XUV500,Mahindra,XUV500,10,77000.0,1,Diesel,Manual,16.0,1949.5,140.0,7,13.698977865303197,delhi
Maruti Swift,Maruti,Swift,20,120000.0,4,Petrol,Manual,16.1,1298.0,88.2,5,11.813037464800539,delhi
Honda Amaze,Honda,Amaze,12,58000.0,1,Petrol,Manual,18.0,1198.0,86.7,5,12.873904582205107,delhi
Honda City,Honda,City,12,96000.0,1,Petrol,Manual,17.8,1497.0,117.3,5,13.26212705890841,delhi
Maruti Celerio,Maruti,Celerio,7,51000.0,1,Cng,Manual,28.25,998.0,58.33,5,12.899222326086994,delhi
Honda Jazz,Honda,Jazz,11,70000.0,1,Diesel,Manual,27.3,1498.0,98.6,5,12.765691290604371,delhi
Hyundai Alcazar,Hyundai,Alcazar,4,27000.0,1,Diesel,Automatic,18.1,1498.0,113.42,7,14.53335083891935,delhi
Tata Nexon,Tata,Nexon,6,32456.0,1,Petrol,Manual,17.33,1199.0,118.35,5,13.623139877437296,delhi
Hyundai Verna,Hyundai,Verna,5,34940.0,1,Petrol,Manual,17.7,1497.0,113.18,5,13.76421831620775,delhi
Hyundai Verna,Hyundai,Verna,10,70000.0,3,Diesel,Manual,23.9,1582.0,126.2,5,13.122365377402328,delhi
Maruti Baleno,Maruti,Baleno,7,73679.0,1,Petrol,Manual,21.4,1197.0,83.1,5,13.317931805683793,delhi
Hyundai Grand i10,Hyundai,Grand i10,9,32722.0,2,Petrol,Manual,18.9,1197.0,81.86,5,12.955129822091815,delhi
Volkswagen Polo,Volkswagen,Polo,8,70000.0,2,Petrol,Automatic,17.21,1197.0,103.5,5,13.592368256649284,delhi
Hyundai Verna,Hyundai,Verna,7,59059.0,1,Petrol,Manual,17.0,1591.0,121.3,5,13.73430158713684,delhi
Hyundai Grand i10,Hyundai,Grand i10,9,34332.0,2,Petrol,Manual,18.9,1197.0,81.86,5,12.978495316450783,delhi
Ford Ecosport,Ford,Ecosport,8,72194.0,1,Diesel,Manual,21.7,1498.0,98.96,5,13.171155446333852,delhi
Maruti Baleno,Maruti,Baleno,9,56740.0,1,Petrol,Manual,21.4,1197.0,83.1,5,13.173058392858724,delhi
Mahindra TUV 300,Mahindra,TUV 300,7,72490.0,1,Diesel,Manual,18.49,1493.0,100.0,7,13.39239204133378,delhi
Hyundai Grand i10,Hyundai,Grand i10,8,35828.0,1,Petrol,Manual,18.9,1197.0,81.86,5,13.036807667689546,delhi
Audi Q3,Audi,Q3,11,57088.0,1,Diesel,Automatic,15.73,1949.5,174.33,5,14.187074804051692,delhi
Toyota Yaris,Toyota,Yaris,6,70382.0,1,Petrol,Automatic,17.8,1496.0,105.5,5,13.670485941982712,delhi
Maruti Ignis,Maruti,Ignis,4,20000.0,1,Petrol,Manual,20.89,1197.0,81.8,5,13.217675375388819,delhi
Hyundai Verna,Hyundai,Verna,8,17000.0,1,Diesel,Automatic,22.0,1582.0,126.2,5,13.933294482509151,delhi
MG Hector,MG,Hector,6,30000.0,1,Petrol,Automatic,13.96,1451.0,141.0,5,14.220976332738882,delhi
Honda Jazz,Honda,Jazz,14,70000.0,1,Petrol,Manual,16.7,1198.0,88.8,5,12.472279517715116,delhi
Maruti Ertiga,Maruti,Ertiga,7,65202.0,1,Petrol,Automatic,18.69,1462.0,103.0,7,13.76421831620775,delhi
Maruti Ertiga,Maruti,Ertiga,13,72000.0,1,Petrol,Manual,16.02,1373.0,93.7,7,13.091904169919621,delhi
Maruti Wagon R,Maruti,Wagon R,5,45313.0,1,Cng,Manual,28.25,998.0,58.33,5,13.142166004700508,delhi
Mercedes-Benz C-Class,Mercedes-Benz,C-Class,11,40000.0,1,Diesel,Automatic,19.27,1949.5,170.0,5,14.731801689838349,delhi
Mahindra XUV500,Mahindra,XUV500,12,120000.0,1,Diesel,Manual,15.1,1949.5,140.0,7,13.406038934481533,delhi
Maruti Ritz,Maruti,Ritz,12,54235.0,2,Petrol,Manual,18.5,1197.0,85.8,5,12.556733038263905,delhi
Maruti Ignis,Maruti,Ignis,8,52777.0,1,Petrol,Automatic,20.89,1197.0,81.8,5,13.161586013632684,delhi
Hyundai i20,Hyundai,i20,8,26000.0,1,Petrol,Manual,18.6,1197.0,81.83,5,13.28787951079572,delhi
Skoda Rapid,Skoda,Rapid,8,77937.0,1,Petrol,Manual,15.41,1598.0,103.2,5,13.39239204133378,delhi
Tata Tigor,Tata,Tigor,5,40663.0,1,Petrol,Manual,19.28,1199.0,84.82,5,13.457407451830088,delhi
Hyundai Grand i10,Hyundai,Grand i10,11,40000.0,1,Petrol,Manual,18.9,1197.0,82.0,5,12.886643575525625,delhi
Toyota Etios,Toyota,Etios,15,115500.0,1,Petrol,Manual,17.6,1496.0,88.7,5,12.28765724080691,delhi
Skoda Superb,Skoda,Superb,11,67000.0,1,Petrol,Automatic,13.7,1798.0,157.75,5,13.753636218075409,delhi
Hyundai Creta,Hyundai,Creta,10,16312.0,1,Petrol,Manual,13.0,1591.0,121.3,5,13.695600261291716,delhi
Maruti Swift Dzire,Maruti,Swift Dzire,10,60000.0,2,Petrol,Manual,20.85,1197.0,83.14,5,13.081543466215237,delhi
Honda Mobilio,Honda,Mobilio,12,90000.0,1,Petrol,Manual,17.3,1497.0,117.3,7,12.959846800844963,delhi
Hyundai Grand i10,Hyundai,Grand i10,8,67000.0,1,Cng,Manual,18.9,1197.0,65.39,5,13.112315061750808,delhi
Maruti Ciaz,Maruti,Ciaz,11,80000.0,2,Petrol,Manual,20.73,1373.0,91.1,5,13.217675375388819,delhi
Hyundai i10,Hyundai,i10,15,60000.0,1,Petrol,Manual,19.81,1086.0,68.05,5,11.827743504053695,delhi
Honda City,Honda,City,11,34253.0,1,Petrol,Automatic,18.0,1497.0,117.3,5,13.244582780038517,delhi
Kia Seltos,Kia,Seltos,7,27000.0,1,Petrol,Automatic,16.8,1497.0,113.42,5,14.070153551531353,delhi
Maruti Celerio,Maruti,Celerio,9,64000.0,2,Petrol,Automatic,23.1,998.0,67.04,5,12.779875885354993,delhi
Hyundai Xcent,Hyundai,Xcent,11,67827.0,1,Petrol,Manual,19.1,1197.0,82.0,5,12.863595239117187,delhi
Maruti Baleno,Maruti,Baleno,8,79094.0,1,Petrol,Manual,21.4,1197.0,83.1,5,13.149978544437301,delhi
Hyundai Verna,Hyundai,Verna,14,64589.0,2,Petrol,Manual,17.01,1591.0,121.3,5,12.691583538230217,delhi
Hyundai i20 Active,Hyundai,i20 Active,11,88309.0,1,Petrol,Manual,17.19,1197.0,81.86,5,13.138238695062618,delhi
Maruti Swift,Maruti,Swift,8,66688.0,2,Petrol,Manual,22.38,1197.0,88.5,5,13.248116346376765,delhi
Maruti Baleno,Maruti,Baleno,4,20000.0,1,Petrol,Manual,21.01,1197.0,81.8,5,13.415034483903348,delhi
Maruti Ciaz,Maruti,Ciaz,8,60653.0,1,Petrol,Automatic,20.28,1462.0,103.25,5,13.541075028051122,delhi
Kia Carnival,Kia,Carnival,4,70000.0,1,Diesel,Automatic,14.11,1949.5,180.02499999999998,7,15.024471202308668,delhi
Hyundai Grand i10,Hyundai,Grand i10,9,86527.0,1,Petrol,Manual,18.9,1197.0,81.86,5,12.894209796826232,delhi
Honda Amaze,Honda,Amaze,9,67000.0,1,Petrol,Manual,19.5,1199.0,88.76,5,13.091904169919621,delhi
Honda Jazz,Honda,Jazz,17,70000.0,3,Petrol,Manual,16.0,1198.0,180.02499999999998,5,11.813037464800539,delhi
Ford Ecosport,Ford,Ecosport,13,70000.0,3,Petrol,Automatic,16.5,1499.0,110.0,5,12.611541086966115,delhi
Honda Amaze,Honda,Amaze,8,70311.0,1,Petrol,Manual,18.6,1199.0,88.76,5,13.171155446333852,delhi
Tata Tiago,Tata,Tiago,10,54000.0,1,Petrol,Manual,23.84,1199.0,84.0,5,12.834683971615659,delhi
Honda City,Honda,City,17,80000.0,3,Petrol,Manual,17.0,1497.0,180.02499999999998,5,11.775297421715827,delhi
Honda WR-V,Honda,WR-V,9,52000.0,1,Diesel,Manual,25.5,1498.0,98.6,5,13.296318365198623,delhi
Maruti Wagon R,Maruti,Wagon R,16,20000.0,1,Petrol,Manual,18.9,1061.0,67.0,5,12.206077645517674,delhi
Hyundai i20,Hyundai,i20,7,80000.0,1,Diesel,Manual,22.54,1396.0,88.76,5,13.182519183461475,delhi
Maruti Wagon R,Maruti,Wagon R,17,110000.0,3,Petrol,Manual,18.9,1061.0,67.0,5,11.918397239722838,delhi
Maruti Wagon R,Maruti,Wagon R,7,69821.0,1,Cng,Manual,28.25,998.0,67.04,5,13.12834743715147,delhi
Tata Altroz,Tata,Altroz,5,12754.0,1,Petrol,Manual,18.05,1199.0,108.48,5,13.66701054964583,delhi
Toyota Corolla Altis,Toyota,Corolla Altis,9,69000.0,1,Petrol,Manual,14.28,1798.0,138.03,5,13.68767832281738,delhi
Maruti Wagon R,Maruti,Wagon R,12,98390.0,1,Petrol,Manual,20.51,998.0,67.04,5,12.513561021741964,delhi
Maruti Ciaz,Maruti,Ciaz,10,84195.0,1,Petrol,Automatic,19.12,1373.0,91.1,5,13.348703414510117,delhi
Mercedes-Benz CLA,Mercedes-Benz,CLA,8,17000.0,1,Petrol,Automatic,15.04,1949.5,180.02499999999998,5,14.862829903121964,delhi
Maruti Ignis,Maruti,Ignis,9,77184.0,1,Petrol,Manual,20.89,1197.0,81.8,5,12.966880811009803,delhi
Tata Manza,Tata,Manza,14,40000.0,1,Petrol,Manual,13.7,1368.0,88.8,5,12.07254696717504,delhi
Hyundai Grand i10,Hyundai,Grand i10,9,82848.0,1,Petrol,Manual,18.9,1197.0,81.86,5,12.933621252807452,delhi
Tata Tiago,Tata,Tiago,7,30000.0,1,Petrol,Automatic,23.84,1199.0,83.83,5,13.142166004700508,delhi
Honda Jazz,Honda,Jazz,10,50000.0,1,Petrol,Manual,18.7,1199.0,88.7,5,13.217675375388819,delhi
Toyota Innova Crysta,Toyota,Innova Crysta,4,40000.0,1,Diesel,Automatic,12.0,1949.5,148.0,7,14.666089173640833,delhi
Maruti Alto K10,Maruti,Alto K10,13,70000.0,1,Petrol,Manual,20.92,998.0,67.1,5,12.04355959836804,delhi
Maruti Baleno,Maruti,Baleno,9,47688.0,1,Petrol,Manual,21.01,1197.0,81.8,5,13.017005083966255,delhi
Toyota Corolla Altis,Toyota,Corolla Altis,17,100000.0,3,Petrol,Manual,14.53,1798.0,138.0,5,11.608244735642321,delhi
Nissan Micra,Nissan,Micra,12,90000.0,2,Diesel,Manual,23.08,1461.0,63.1,5,12.206077645517674,delhi
Maruti Wagon R,Maruti,Wagon R,20,40000.0,1,Petrol,Manual,18.9,998.0,67.1,5,10.404293143019792,delhi
Mahindra KUV 100 NXT,Mahindra,KUV 100 NXT,8,40000.0,2,Petrol,Manual,18.15,1198.0,82.0,6,12.765691290604371,delhi
Renault Duster,Renault,Duster,10,50000.0,1,Diesel,Manual,19.87,1461.0,83.8,5,12.92391243868049,delhi
Toyota Corolla Altis,Toyota,Corolla Altis,14,30000.0,2,Petrol,Manual,14.53,1798.0,138.1,5,13.122365377402328,delhi
Maruti Baleno,Maruti,Baleno,8,106711.0,2,Petrol,Automatic,21.4,1197.0,83.1,5,13.204866440535003,delhi
Hyundai i20,Hyundai,i20,9,83741.0,1,Petrol,Manual,18.6,1197.0,81.83,5,13.149978544437301,delhi
Audi Q5,Audi,Q5,12,50000.0,1,Diesel,Automatic,14.16,1949.5,174.3,5,13.955273369904273,delhi
Volkswagen Vento,Volkswagen,Vento,8,105792.0,1,Diesel,Manual,22.27,1498.0,108.6,5,13.523821802802145,delhi
Maruti Baleno,Maruti,Baleno,7,88750.0,1,Petrol,Manual,21.4,1197.0,83.1,5,13.292951364319082,delhi
Mahindra XUV500,Mahindra,XUV500,12,70000.0,1,Diesel,Manual,15.1,1949.5,140.0,7,13.710151153416941,delhi
Hyundai i20 Active,Hyundai,i20 Active,8,89972.0,1,Petrol,Manual,17.19,1197.0,81.86,5,13.197472705176983,delhi
Volkswagen Vento,Volkswagen,Vento,12,50000.0,1,Petrol,Manual,15.04,1598.0,103.6,5,12.721888795877375,delhi
Honda Jazz,Honda,Jazz,7,36785.0,2,Petrol,Manual,18.2,1199.0,88.7,5,13.29463628184505,delhi
Hyundai Verna,Hyundai,Verna,7,48000.0,1,Petrol,Manual,19.1,1368.0,98.6,5,13.721200977393528,delhi
Mercedes-Benz C-Class,Mercedes-Benz,C-Class,3,7000.0,1,Petrol,Automatic,16.9,1496.0,180.02499999999998,5,15.607270193858982,delhi
Renault Triber,Renault,Triber,5,50000.0,1,Petrol,Automatic,18.2,999.0,71.01,7,13.541075028051122,delhi
Maruti Vitara Brezza,Maruti,Vitara Brezza,10,40000.0,1,Diesel,Manual,24.3,1248.0,88.5,5,13.102162710901053,delhi
Hyundai i20,Hyundai,i20,9,59000.0,1,Petrol,Manual,18.6,1197.0,81.83,5,13.163507240119458,delhi
Jeep Compass,Jeep,Compass,7,70000.0,1,Petrol,Automatic,16.0,1368.0,160.0,5,14.151983508870947,delhi
Kia Seltos,Kia,Seltos,7,110000.0,1,Diesel,Manual,20.8,1493.0,113.43,5,13.710151153416941,delhi
Mahindra Scorpio,Mahindra,Scorpio,11,100000.0,1,Diesel,Manual,15.4,1949.5,120.0,7,13.76421831620775,delhi
Mercedes-Benz GLS,Mercedes-Benz,GLS,9,30000.0,2,Diesel,Automatic,11.0,1949.5,180.02499999999998,7,15.520258832020865,delhi
Skoda Rapid,Skoda,Rapid,6,48000.0,1,Petrol,Manual,18.97,999.0,108.62,5,13.547632419997361,delhi
Hyundai Xcent,Hyundai,Xcent,9,22424.0,1,Petrol,Manual,20.14,1197.0,81.86,5,13.22672519452875,delhi
Hyundai Xcent,Hyundai,Xcent,9,58147.0,1,Petrol,Manual,20.14,1197.0,81.86,5,13.075271769870477,delhi
Hyundai Grand i10,Hyundai,Grand i10,11,67000.0,1,Petrol,Manual,18.9,1197.0,81.86,5,12.739640688812674,delhi
Maruti Celerio,Maruti,Celerio,7,112479.0,1,Petrol,Automatic,23.1,998.0,67.04,5,13.073175234051686,delhi
Maruti Swift Dzire,Maruti,Swift Dzire,8,25494.0,1,Petrol,Automatic,21.21,1197.0,81.8,5,13.322853874813605,delhi
Hyundai Creta,Hyundai,Creta,10,78000.0,2,Diesel,Automatic,17.01,1582.0,126.2,5,13.579789490265188,delhi
Hyundai i20,Hyundai,i20,10,51276.0,2,Petrol,Manual,18.6,1197.0,81.83,5,13.148033073468746,delhi
Hyundai Creta,Hyundai,Creta,9,85000.0,1,Diesel,Manual,19.67,1582.0,126.2,5,13.623139877437296,delhi
Honda Jazz,Honda,Jazz,8,75402.0,2,Petrol,Manual,18.7,1199.0,88.7,5,13.277657974137664,delhi
Toyota Corolla Altis,Toyota,Corolla Altis,12,109000.0,1,Petrol,Manual,14.28,1798.0,138.03,5,13.407543823396258,delhi
BMW 5 Series,BMW,5 Series,5,14500.0,1,Petrol,Automatic,15.01,1949.5,180.02499999999998,5,15.663965528349177,delhi
Audi Q7,Audi,Q7,9,76000.0,2,Diesel,Automatic,14.75,1949.5,180.02499999999998,7,15.341567078850604,delhi
Honda Amaze,Honda,Amaze,9,34000.0,1,Petrol,Manual,17.8,1198.0,86.7,5,13.07107218827772,delhi
Hyundai Xcent,Hyundai,Xcent,11,80000.0,2,Petrol,Manual,19.1,1197.0,82.0,5,12.706850963741102,delhi
Honda Amaze,Honda,Amaze,8,60000.0,1,Diesel,Automatic,23.8,1498.0,78.9,5,13.361381852676738,delhi
Nissan Terrano,Nissan,Terrano,12,60000.0,1,Diesel,Manual,19.01,1461.0,108.5,5,12.896719202134523,delhi
Maruti Swift Dzire,Maruti,Swift Dzire,12,59000.0,2,Petrol,Manual,19.1,1197.0,85.8,5,12.948012371209098,delhi
Ford Ecosport,Ford,Ecosport,10,99000.0,1,Diesel,Manual,21.7,1498.0,98.96,5,13.038981768465277,delhi
Jeep Compass,Jeep,Compass,5,17000.0,1,Petrol,Automatic,14.1,1368.0,160.77,5,14.680508416503422,delhi
Maruti Ciaz,Maruti,Ciaz,8,79982.0,1,Petrol,Manual,21.56,1462.0,103.25,5,13.487007879880162,delhi
Honda City,Honda,City,9,67047.0,1,Petrol,Automatic,18.0,1497.0,117.3,5,13.648275820620759,delhi
Volkswagen Jetta,Volkswagen,Jetta,14,50000.0,1,Diesel,Manual,19.33,1949.5,138.1,5,13.122365377402328,delhi
Maruti Baleno,Maruti,Baleno,9,85782.0,1,Petrol,Manual,21.4,1197.0,83.1,5,13.062615496138552,delhi
Maruti Baleno,Maruti,Baleno,10,99547.0,1,Petrol,Manual,21.4,1197.0,83.1,5,13.008076473152153,delhi
Renault KWID,Renault,KWID,8,30000.0,1,Petrol,Automatic,24.04,999.0,67.0,5,12.807655372286902,delhi
Maruti Celerio,Maruti,Celerio,9,69455.0,1,Petrol,Manual,25.24,998.0,65.71,5,12.777055016970678,delhi
Volkswagen Taigun,Volkswagen,Taigun,4,14000.0,1,Petrol,Automatic,17.88,1498.0,147.51,5,14.316286451937186,delhi
Ford Ecosport,Ford,Ecosport,7,40738.0,1,Petrol,Automatic,14.8,1497.0,121.36,5,13.685401872617254,delhi
Mercedes-Benz C-Class,Mercedes-Benz,C-Class,11,76000.0,1,Petrol,Automatic,11.7,1796.0,178.0,5,14.462614323582885,delhi
Maruti Swift,Maruti,Swift,6,30000.0,1,Petrol,Manual,21.21,1197.0,81.8,5,13.171155446333852,delhi
Ford Ecosport,Ford,Ecosport,6,50000.0,1,Diesel,Manual,23.0,1498.0,98.96,5,13.629182184591333,delhi
Nissan Sunny,Nissan,Sunny,14,90000.0,2,Petrol,Manual,16.95,1498.0,97.7,5,12.206077645517674,delhi
Honda City,Honda,City,4,10700.0,1,Petrol,Automatic,18.3,1498.0,119.35,5,14.111905314512224,delhi
Honda City,Honda,City,4,10000.0,1,Petrol,Automatic,18.3,1498.0,119.35,5,14.111905314512224,delhi
Maruti Wagon R,Maruti,Wagon R,9,80000.0,2,Petrol,Manual,20.51,998.0,67.04,5,12.765691290604371,delhi
Audi Q7,Audi,Q7,8,36000.0,1,Diesel,Automatic,14.75,1949.5,180.02499999999998,7,15.519349327803464,delhi
Ford Endeavour,Ford,Endeavour,8,70000.0,1,Diesel,Automatic,10.91,1949.5,180.02499999999998,7,14.648420115681892,delhi
Toyota Fortuner,Toyota,Fortuner,11,60000.0,1,Diesel,Automatic,12.55,1949.5,168.5,7,14.285514812209815,delhi
Mercedes-Benz CLA,Mercedes-Benz,CLA,8,34000.0,1,Petrol,Automatic,15.04,1949.5,180.02499999999998,5,14.876767406109316,delhi
Honda City,Honda,City,10,48430.0,1,Petrol,Manual,17.8,1497.0,117.3,5,13.522482219667573,delhi
Ford Ecosport,Ford,Ecosport,8,93671.0,1,Diesel,Manual,23.0,1498.0,98.96,5,13.367661298303675,delhi
Toyota Fortuner,Toyota,Fortuner,11,100000.0,2,Diesel,Automatic,12.55,1949.5,168.7,7,14.186384911433706,delhi
Maruti Ciaz,Maruti,Ciaz,8,108665.0,2,Petrol,Automatic,20.28,1462.0,103.25,5,13.508986756405742,delhi
Tata Tiago,Tata,Tiago,4,17447.0,1,Cng,Manual,26.49,1199.0,72.0,5,13.52649559761195,delhi
Renault Duster,Renault,Duster,7,100579.0,2,Diesel,Manual,19.87,1461.0,108.5,5,13.448786721172443,delhi
Nissan Micra,Nissan,Micra,13,80000.0,1,Petrol,Automatic,19.34,1198.0,76.0,5,12.524530013005734,delhi
Hyundai Santro,Hyundai,Santro,7,65039.0,1,Petrol,Manual,20.3,1086.0,68.0,5,13.07107218827772,delhi
Ford Endeavour,Ford,Endeavour,9,60000.0,1,Diesel,Automatic,10.91,1949.5,180.02499999999998,7,14.648420115681892,delhi
Hyundai i10,Hyundai,i10,16,50000.0,4,Petrol,Manual,19.81,1086.0,68.05,5,11.918397239722838,delhi
Honda City,Honda,City,11,65000.0,1,Petrol,Automatic,18.0,1497.0,117.3,5,13.407543823396258,delhi
Hyundai i20,Hyundai,i20,15,84000.0,3,Petrol,Manual,17.0,1197.0,180.02499999999998,5,12.323860125621126,delhi
Toyota Fortuner,Toyota,Fortuner,5,35000.0,1,Petrol,Automatic,10.26,1949.5,163.7,7,15.068273812173887,delhi
Maruti Vitara Brezza,Maruti,Vitara Brezza,8,80000.0,1,Diesel,Manual,24.3,1248.0,88.5,5,13.652992804936396,delhi
Toyota Hyryder,Toyota,Hyryder,3,16500.0,1,Petrol,Manual,19.39,1462.0,101.64,5,14.50112997588164,delhi
Toyota Fortuner,Toyota,Fortuner,7,40000.0,2,Diesel,Manual,14.24,1949.5,174.5,7,14.946912992035967,delhi
Honda City,Honda,City,10,50500.0,1,Petrol,Manual,17.8,1497.0,117.3,5,13.217675375388819,delhi
Tata Zest,Tata,Zest,10,90000.0,2,Petrol,Manual,17.57,1193.0,88.7,5,12.560247968016562,delhi
Honda City,Honda,City,16,80000.0,2,Petrol,Automatic,16.8,1497.0,180.02499999999998,5,12.611541086966115,delhi
Maruti Swift,Maruti,Swift,8,40000.0,1,Petrol,Manual,22.0,1197.0,81.8,5,13.171155446333852,delhi
Maruti Swift Dzire,Maruti,Swift Dzire,13,150000.0,1,Diesel,Manual,23.4,1248.0,74.0,5,12.834683971615659,delhi
Hyundai Verna,Hyundai,Verna,6,47761.0,1,Petrol,Manual,17.7,1497.0,113.18,5,13.827439128829548,delhi
Maruti S-Presso,Maruti,S-Presso,6,70000.0,1,Cng,Manual,28.25,998.0,58.33,4,12.899222326086994,delhi
Tata New Safari,Tata,New Safari,4,17204.0,1,Diesel,Manual,16.14,1949.5,167.67,7,14.47303107901565,delhi
Hyundai Grand i10,Hyundai,Grand i10,9,66000.0,1,Petrol,Automatic,18.9,1197.0,81.86,5,13.171155446333852,delhi
Renault KWID,Renault,KWID,7,41900.0,1,Petrol,Manual,25.17,799.0,53.3,5,12.959846800844963,delhi
Hyundai Grand i10,Hyundai,Grand i10,7,45000.0,1,Petrol,Manual,18.9,1197.0,81.86,5,13.171155446333852,delhi
Volkswagen Polo,Volkswagen,Polo,13,52000.0,1,Petrol,Manual,16.47,1198.0,74.0,5,12.834683971615659,delhi
Hyundai Alcazar,Hyundai,Alcazar,5,40000.0,1,Diesel,Automatic,18.1,1493.0,113.42,7,14.557448378884015,delhi
Honda Amaze,Honda,Amaze,11,64000.0,1,Petrol,Manual,18.0,1198.0,86.7,5,12.92391243868049,delhi
Mahindra KUV 100 NXT,Mahindra,KUV 100 NXT,8,76500.0,1,Cng,Manual,18.15,1198.0,82.0,6,12.983101310070822,delhi
Honda City,Honda,City,10,48000.0,1,Petrol,Manual,17.8,1497.0,117.3,5,13.377007146164305,delhi
Tata Nexon,Tata,Nexon,7,42000.0,1,Petrol,Automatic,17.0,1198.0,108.5,5,13.560619598657233,delhi
Renault Duster,Renault,Duster,12,50000.0,2,Petrol,Manual,13.24,1598.0,102.57,5,12.834683971615659,delhi
Ford Ecosport,Ford,Ecosport,9,55000.0,2,Petrol,Manual,15.9,1496.0,120.69,5,13.384729180332174,delhi
Volkswagen Vento,Volkswagen,Vento,16,90000.0,2,Petrol,Manual,15.04,1598.0,103.6,5,12.230765258120545,delhi
Mercedes-Benz E-Class,Mercedes-Benz,E-Class,11,72000.0,1,Petrol,Automatic,12.0,1949.5,180.02499999999998,5,14.686804342317648,delhi
Mahindra KUV 100,Mahindra,KUV 100,8,33091.0,2,Petrol,Manual,18.15,1198.0,82.0,6,13.178745601197818,delhi
Renault KWID,Renault,KWID,8,40838.0,1,Petrol,Manual,22.25,799.0,53.26,5,12.611541086966115,delhi
Mercedes-Benz C-Class,Mercedes-Benz,C-Class,11,56000.0,1,Petrol,Automatic,11.74,1796.0,180.02499999999998,5,14.690979711984754,delhi
Maruti Swift,Maruti,Swift,9,67043.0,1,Petrol,Manual,22.38,1197.0,88.5,5,13.120363378739663,delhi
Mini Cooper Countryman,Mini,Cooper Countryman,5,18000.0,1,Petrol,Automatic,14.34,1949.5,180.02499999999998,5,15.001828732394953,delhi
Toyota Etios,Toyota,Etios,15,100010.0,1,Petrol,Manual,17.6,1496.0,88.7,5,12.240474072247506,delhi
Maruti Celerio,Maruti,Celerio,10,70000.0,2,Petrol,Automatic,23.1,998.0,67.04,5,12.873904582205107,delhi
Honda City,Honda,City,11,56857.0,1,Petrol,Manual,17.4,1497.0,117.3,5,13.30967413408274,delhi
Toyota Camry,Toyota,Camry,12,120000.0,1,Petrol,Automatic,19.16,1949.5,158.2,5,14.151983508870947,delhi
Mercedes-Benz GL-Class,Mercedes-Benz,GL-Class,11,92000.0,1,Diesel,Automatic,11.3,1949.5,180.02499999999998,7,14.962913328262083,delhi
Mercedes-Benz E-Class,Mercedes-Benz,E-Class,7,45000.0,1,Diesel,Automatic,16.1,1949.5,180.02499999999998,5,15.424948670398354,delhi
Toyota Innova Crysta,Toyota,Innova Crysta,7,68000.0,1,Diesel,Automatic,11.36,1949.5,171.5,8,14.360738188157574,delhi
Mercedes-Benz GLC,Mercedes-Benz,GLC,6,36000.0,1,Petrol,Automatic,12.74,1949.5,180.02499999999998,5,15.471832247136902,delhi
BMW 7 Series,BMW,7 Series,14,67000.0,2,Petrol,Automatic,10.25,1949.5,180.02499999999998,5,14.285514812209815,delhi
Toyota Corolla Altis,Toyota,Corolla Altis,9,37000.0,1,Petrol,Manual,14.28,1798.0,138.03,5,14.038654909278163,delhi
MG Hector Plus,MG,Hector Plus,5,9150.0,1,Petrol,Automatic,16.56,1451.0,141.0,6,14.470437045184406,delhi
Hyundai i20,Hyundai,i20,14,100000.0,3,Diesel,Manual,23.0,1396.0,180.02499999999998,5,12.429220196836383,delhi
Honda Amaze,Honda,Amaze,4,10000.0,1,Petrol,Automatic,18.3,1199.0,88.5,5,13.74830287778897,delhi
Maruti Ertiga,Maruti,Ertiga,13,116059.0,1,Cng,Manual,26.11,1462.0,86.63,7,13.219491903015438,delhi
Maruti Ignis,Maruti,Ignis,4,18254.0,1,Petrol,Manual,20.89,1197.0,81.8,5,13.134291948269603,delhi
Land Rover Range Rover Sport,Land,Rover Range Rover Sport,10,61200.0,1,Diesel,Automatic,12.65,1949.5,180.02499999999998,5,15.656060350091908,delhi
Honda Amaze,Honda,Amaze,10,108133.0,1,Petrol,Manual,18.0,1198.0,86.7,5,12.952762962683588,delhi
Maruti Ertiga,Maruti,Ertiga,12,66198.0,1,Petrol,Manual,20.51,1462.0,101.65,7,13.355062726308148,delhi
Maruti Baleno,Maruti,Baleno,9,49000.0,1,Petrol,Manual,21.01,1197.0,81.8,5,13.28787951079572,delhi
Hyundai Grand i10,Hyundai,Grand i10,9,89733.0,1,Petrol,Automatic,18.9,1197.0,81.86,5,13.120363378739663,delhi
Maruti Swift,Maruti,Swift,4,20000.0,1,Petrol,Automatic,22.56,1197.0,88.5,5,13.573440270649085,delhi
Hyundai i20,Hyundai,i20,12,90360.0,2,Diesel,Manual,21.9,1396.0,88.76,5,12.691583538230217,delhi
Land Rover Discovery Sport,Land,Rover Discovery Sport,9,44000.0,1,Petrol,Automatic,12.63,1949.5,177.0,5,15.096444681204078,delhi
Toyota Yaris,Toyota,Yaris,6,26000.0,1,Petrol,Automatic,17.8,1496.0,105.94,5,13.73755009757506,delhi
Maruti Ciaz,Maruti,Ciaz,10,68000.0,1,Petrol,Manual,20.73,1373.0,91.1,5,13.377007146164305,delhi
Maruti Ciaz,Maruti,Ciaz,8,60000.0,1,Petrol,Manual,21.56,1462.0,103.25,5,13.541075028051122,delhi
BMW 3 Series,BMW,3 Series,6,20000.0,1,Petrol,Automatic,16.13,1949.5,180.02499999999998,5,15.250595321348806,delhi
Honda City,Honda,City,5,8000.0,1,Petrol,Manual,17.4,1497.0,117.6,5,14.034646891093473,delhi
Renault Duster,Renault,Duster,12,120000.0,1,Diesel,Manual,19.01,1461.0,108.45,5,13.122365377402328,delhi
Maruti Wagon R,Maruti,Wagon R,11,70000.0,1,Cng,Manual,26.6,998.0,58.16,5,12.54254845357358,delhi
Honda City,Honda,City,17,90000.0,3,Petrol,Manual,17.0,1497.0,180.02499999999998,5,11.652687407345388,delhi
Ford Ecosport,Ford,Ecosport,8,70000.0,1,Diesel,Manual,23.0,1498.0,98.96,5,13.304686600863562,delhi
Tata Harrier,Tata,Harrier,5,70000.0,1,Diesel,Manual,16.35,1949.5,167.67,5,14.316286451937186,delhi
Hyundai Venue,Hyundai,Venue,5,14445.0,2,Petrol,Manual,18.27,998.0,118.35,5,13.656514826473817,delhi
Tata Nexon,Tata,Nexon,7,29847.0,2,Petrol,Automatic,17.0,1198.0,108.5,5,13.66585094484938,delhi
Volkswagen Vento,Volkswagen,Vento,15,80000.0,2,Petrol,Manual,15.04,1598.0,103.6,5,12.524530013005734,delhi
Hyundai Grand i10,Hyundai,Grand i10,12,88443.0,1,Petrol,Automatic,18.9,1197.0,82.0,5,12.94323910384853,delhi
Hyundai i10,Hyundai,i10,15,82892.0,2,Petrol,Manual,20.36,1197.0,78.9,5,12.154784614286667,delhi
Hyundai i20 Active,Hyundai,i20 Active,11,59549.0,1,Petrol,Manual,17.19,1197.0,81.86,5,13.159661088928443,delhi
Maruti Wagon R,Maruti,Wagon R,11,70000.0,1,Cng,Manual,26.6,998.0,58.16,5,12.676079399771027,delhi
Maruti Wagon R,Maruti,Wagon R,7,64228.0,2,Cng,Manual,28.25,998.0,67.04,5,13.124363376072994,delhi
Maruti Swift,Maruti,Swift,4,10000.0,1,Petrol,Manual,22.38,1197.0,88.5,5,13.45883704259595,delhi
Ford Ecosport,Ford,Ecosport,8,60000.0,2,Diesel,Manual,23.0,1498.0,98.96,5,13.304686600863562,delhi
Tata Nexon,Tata,Nexon,8,32000.0,1,Petrol,Automatic,17.0,1198.0,108.5,5,13.42246945133505,delhi
Maruti Swift,Maruti,Swift,7,20000.0,1,Petrol,Manual,21.21,1197.0,81.8,5,13.217675375388819,delhi
Maruti Wagon R,Maruti,Wagon R,10,65000.0,1,Cng,Manual,28.25,998.0,67.04,5,12.75130259456002,delhi
Maruti Wagon R,Maruti,Wagon R,5,23900.0,1,Cng,Manual,28.25,998.0,67.04,5,13.201176406255746,delhi
Maruti Alto K10,Maruti,Alto K10,3,2900.0,1,Petrol,Manual,24.39,998.0,65.71,5,12.971542813248437,delhi
Hyundai Santro,Hyundai,Santro,4,11200.0,1,Petrol,Manual,20.3,1086.0,68.05,5,13.180634172318978,delhi
Kia Sonet,Kia,Sonet,3,1900.0,1,Petrol,Manual,18.2,998.0,118.36,5,13.883170141017091,delhi
Hyundai i10,Hyundai,i10,16,70098.0,1,Petrol,Manual,20.36,1197.0,78.9,5,12.06105265381003,delhi
Nissan Magnite,Nissan,Magnite,5,30498.0,1,Petrol,Manual,18.75,999.0,71.02,5,13.468787359304866,delhi
Honda Amaze,Honda,Amaze,5,33000.0,1,Petrol,Automatic,18.3,1199.0,88.5,5,13.617059619240436,delhi
Renault Kiger,Renault,Kiger,5,7243.0,1,Petrol,Manual,20.5,999.0,98.63,5,13.626768433367397,delhi
Maruti Brezza,Maruti,Brezza,3,7867.0,1,Petrol,Manual,19.89,1462.0,101.65,5,14.042646927360453,delhi
Maruti Vitara Brezza,Maruti,Vitara Brezza,8,110000.0,2,Diesel,Manual,24.3,1248.0,88.5,5,13.444448325847754,delhi
Renault Triber,Renault,Triber,4,49650.0,1,Petrol,Manual,20.0,999.0,71.01,7,13.331003865890963,delhi
Tata New Safari,Tata,New Safari,4,5301.0,1,Diesel,Manual,16.14,1949.5,167.67,6,14.556972075219997,delhi
Hyundai Venue,Hyundai,Venue,7,21366.0,1,Petrol,Manual,18.27,998.0,118.35,5,13.592368256649284,delhi
Jeep Compass,Jeep,Compass,5,40099.0,1,Diesel,Automatic,14.9,1949.5,167.67,5,14.711598990684092,delhi
Ford Aspire,Ford,Aspire,11,100000.0,1,Diesel,Manual,25.83,1498.0,99.0,5,12.660331092405906,delhi
Ford Aspire,Ford,Aspire,11,100000.0,1,Diesel,Manual,25.83,1498.0,99.0,5,12.660331092405906,delhi
Honda City,Honda,City,11,48000.0,1,Petrol,Manual,17.4,1497.0,117.3,5,13.384729180332174,delhi
Maruti Wagon R,Maruti,Wagon R,9,120000.0,1,Cng,Manual,26.6,998.0,58.16,5,12.644330802262578,delhi
Tata Nexon,Tata,Nexon,7,58000.0,1,Petrol,Automatic,17.0,1198.0,108.5,5,13.623139877437296,delhi
Honda Amaze,Honda,Amaze,10,58000.0,1,Petrol,Manual,17.8,1198.0,86.7,5,13.091904169919621,delhi
Honda Amaze,Honda,Amaze,11,50000.0,1,Petrol,Manual,18.0,1198.0,86.7,5,12.765691290604371,delhi
Honda Amaze,Honda,Amaze,7,32000.0,1,Petrol,Automatic,18.1,1199.0,88.7,5,13.586098651497313,delhi
BMW 3 Series,BMW,3 Series,6,9900.0,1,Diesel,Automatic,20.37,1949.5,180.02499999999998,5,15.224055772517731,delhi
Maruti Swift,Maruti,Swift,9,3721.0,1,Petrol,Manual,20.4,1197.0,83.11,5,13.060490101343552,delhi
Hyundai Grand i10 Nios,Hyundai,Grand i10 Nios,6,16564.0,1,Petrol,Manual,20.7,1197.0,81.86,5,13.345508528717259,delhi
BMW X5,BMW,X5,7,34000.0,1,Diesel,Automatic,13.38,1949.5,180.02499999999998,5,15.802014241159043,delhi
Tata Punch,Tata,Punch,4,15992.0,1,Petrol,Manual,20.09,1199.0,86.63,5,13.584839999674324,delhi
Maruti Alto K10,Maruti,Alto K10,11,91380.0,1,Petrol,Manual,23.95,998.0,67.05,5,12.491255347155265,delhi
Mercedes-Benz CLA,Mercedes-Benz,CLA,9,50000.0,1,Petrol,Automatic,15.04,1949.5,180.02499999999998,5,14.686804342317648,delhi
Maruti Alto K10,Maruti,Alto K10,9,47231.0,2,Petrol,Manual,24.39,998.0,65.71,5,12.598118111678868,delhi
Toyota Fortuner,Toyota,Fortuner,8,20500.0,1,Diesel,Automatic,12.9,1949.5,174.5,7,14.94368197249847,delhi
Maruti Vitara Brezza,Maruti,Vitara Brezza,8,89908.0,1,Diesel,Manual,24.3,1248.0,88.5,5,13.316285717486736,delhi
Mercedes-Benz GLC,Mercedes-Benz,GLC,8,60000.0,1,Diesel,Automatic,17.9,1949.5,170.0,5,15.201805169084134,delhi
BMW X1,BMW,X1,8,34000.0,1,Diesel,Automatic,20.68,1949.5,180.02499999999998,5,14.827111833279051,delhi
Toyota Glanza,Toyota,Glanza,4,30000.0,1,Petrol,Manual,22.35,1197.0,88.5,5,13.51440681653079,delhi
Fiat Punto,Fiat,Punto,13,120000.0,1,Diesel,Manual,20.3,1248.0,75.0,5,11.652687407345388,delhi
Hyundai i10,Hyundai,i10,16,99100.0,1,Petrol,Manual,19.81,1086.0,68.05,5,12.025755079404917,delhi
Jeep Compass,Jeep,Compass,7,22000.0,1,Petrol,Automatic,16.0,1368.0,160.0,5,14.204169225721929,delhi
BMW X1,BMW,X1,9,22120.0,1,Diesel,Automatic,20.68,1949.5,180.02499999999998,5,14.506155109559108,delhi
Renault Triber,Renault,Triber,3,4000.0,1,Petrol,Automatic,18.2,999.0,71.01,7,13.635188201437066,delhi
Hyundai Venue,Hyundai,Venue,5,14800.0,1,Diesel,Manual,23.7,1493.0,98.6,5,13.90626583447433,delhi
Honda Civic,Honda,Civic,6,8120.0,1,Petrol,Automatic,16.5,1799.0,139.46,5,14.48334044336031,delhi
Hyundai i20,Hyundai,i20,14,54650.0,1,Petrol,Manual,18.5,1197.0,82.85,5,12.6410997921206,delhi
Hyundai i10,Hyundai,i10,16,99343.0,1,Petrol,Manual,19.81,1086.0,68.05,5,12.230765258120545,delhi
Jeep Compass,Jeep,Compass,6,22800.0,1,Diesel,Manual,17.1,1949.5,170.0,5,14.34555040065407,delhi
Maruti Wagon R,Maruti,Wagon R,12,37961.0,2,Petrol,Manual,20.51,998.0,67.04,5,12.621491384816093,delhi
Maruti Alto K10,Maruti,Alto K10,10,76751.0,2,Petrol,Manual,24.39,998.0,65.71,5,12.483708170000067,delhi
MG Astor,MG,Astor,5,24788.0,1,Petrol,Automatic,14.34,1349.0,138.08,5,14.24794276323131,delhi
Mitsubishi Outlander,Mitsubishi,Outlander,16,90000.0,2,Petrol,Automatic,11.3,1949.5,170.0,5,12.899222326086994,delhi
Maruti Alto K10,Maruti,Alto K10,9,70036.0,1,Petrol,Manual,24.39,998.0,65.71,5,12.637858308703688,delhi
Mahindra XUV500,Mahindra,XUV500,7,45500.0,2,Diesel,Manual,16.0,1949.5,138.0,7,13.815511557963774,delhi
Audi Q5,Audi,Q5,4,16000.0,1,Petrol,Automatic,13.47,1949.5,180.02499999999998,5,15.555976908243359,delhi
Hyundai i20,Hyundai,i20,14,75000.0,1,Petrol,Manual,17.0,1197.0,180.02499999999998,5,12.388398368982115,delhi
Mercedes-Benz S-Class,Mercedes-Benz,S-Class,14,19000.0,1,Petrol,Automatic,10.25,1949.5,180.02499999999998,5,14.711598990684092,delhi
Mercedes-Benz A Class,Mercedes-Benz,A Class,12,40000.0,2,Diesel,Automatic,20.0,1949.5,107.3,5,14.070153551531353,delhi
Jaguar XE,Jaguar,XE,7,20000.0,1,Petrol,Automatic,13.5,1949.5,180.02499999999998,5,14.99416586199818,delhi
Honda City,Honda,City,13,61000.0,2,Petrol,Automatic,15.6,1497.0,116.3,5,12.994532278619134,delhi
Toyota Innova,Toyota,Innova,13,126000.0,1,Diesel,Manual,12.99,1949.5,100.0,7,13.415034483903348,delhi
Maruti Ciaz,Maruti,Ciaz,8,30000.0,1,Petrol,Automatic,19.12,1373.0,91.1,5,13.592368256649284,delhi
Maruti Ertiga,Maruti,Ertiga,7,77293.0,1,Petrol,Manual,19.34,1462.0,103.0,7,13.733216401013184,delhi
Maruti Swift Dzire,Maruti,Swift Dzire,13,110000.0,1,Petrol,Manual,19.1,1197.0,85.8,5,12.644330802262578,delhi
Maruti Alto K10,Maruti,Alto K10,7,25502.0,1,Petrol,Manual,24.39,998.0,65.71,5,12.788291058675025,delhi
Maruti Celerio,Maruti,Celerio,10,57120.0,1,Petrol,Automatic,26.0,998.0,65.71,5,12.873904582205107,delhi
Toyota Innova Crysta,Toyota,Innova Crysta,10,97000.0,1,Diesel,Automatic,11.36,1949.5,171.5,8,14.115615891155079,delhi
Maruti Wagon R,Maruti,Wagon R,9,51868.0,1,Petrol,Manual,20.51,998.0,67.04,5,12.75130259456002,delhi
Hyundai i10,Hyundai,i10,16,52725.0,1,Petrol,Manual,20.36,1197.0,78.9,5,12.245298166364206,delhi
Maruti Swift,Maruti,Swift,12,50000.0,1,Diesel,Manual,25.2,1248.0,74.0,5,12.676079399771027,delhi
Hyundai i10,Hyundai,i10,14,84929.0,1,Petrol,Manual,20.36,1197.0,78.9,5,12.25486757159303,delhi
Honda WR-V,Honda,WR-V,9,42000.0,1,Petrol,Manual,17.5,1199.0,88.7,5,13.42246945133505,delhi
Maruti XL6,Maruti,XL6,7,21515.0,1,Petrol,Automatic,20.27,1462.0,101.65,6,13.910821646859095,delhi
Audi A6,Audi,A6,11,50000.0,2,Diesel,Automatic,17.68,1949.5,174.33,5,13.997832948091215,delhi
Mercedes-Benz GLC,Mercedes-Benz,GLC,6,42000.0,1,Petrol,Automatic,12.74,1949.5,180.02499999999998,5,15.46416937585933,delhi
Tata Tiago,Tata,Tiago,7,53000.0,1,Petrol,Manual,23.84,1199.0,84.0,5,12.994532278619134,delhi
Maruti Celerio,Maruti,Celerio,10,71000.0,1,Petrol,Automatic,23.1,998.0,67.04,5,12.861001210669146,delhi
Honda Amaze,Honda,Amaze,7,48000.0,1,Petrol,Automatic,18.1,1199.0,88.7,5,13.487007879880162,delhi
Maruti Baleno,Maruti,Baleno,8,56000.0,1,Petrol,Manual,21.4,1197.0,83.1,5,13.199326270390594,delhi
Maruti Vitara Brezza,Maruti,Vitara Brezza,8,60000.0,1,Diesel,Manual,24.3,1248.0,88.5,5,13.623139877437296,delhi
Tata Altroz,Tata,Altroz,5,50000.0,1,Petrol,Manual,19.33,1199.0,86.83,5,13.487007879880162,delhi
Maruti Wagon R,Maruti,Wagon R,10,120000.0,1,Cng,Manual,26.6,998.0,58.16,5,12.345834587905333,delhi
Maruti Ritz,Maruti,Ritz,15,50000.0,2,Petrol,Manual,18.5,1197.0,85.8,5,12.206077645517674,delhi
Maruti Ertiga,Maruti,Ertiga,4,30000.0,1,Cng,Manual,26.11,1462.0,86.63,7,13.963931425151141,delhi
Maruti Swift,Maruti,Swift,3,3819.0,1,Petrol,Manual,22.38,1197.0,88.5,5,13.49116588426581,delhi
Hyundai i20,Hyundai,i20,6,7825.0,1,Petrol,Automatic,19.65,1197.0,86.8,5,13.599840262182784,delhi
Honda City,Honda,City,10,70000.0,2,Petrol,Manual,17.8,1497.0,117.3,5,13.45883704259595,delhi
Maruti Celerio,Maruti,Celerio,7,27436.0,1,Petrol,Automatic,23.1,998.0,67.04,5,13.136268254957963,delhi
Maruti Ertiga,Maruti,Ertiga,13,40673.0,1,Petrol,Manual,16.02,1373.0,93.7,7,13.120363378739663,delhi
Hyundai Verna,Hyundai,Verna,4,60000.0,1,Diesel,Manual,25.0,1493.0,113.45,5,14.077875591662238,delhi
Maruti Swift,Maruti,Swift,8,33100.0,1,Petrol,Automatic,22.56,1197.0,88.5,5,13.367661298303675,delhi
Maruti SX4,Maruti,SX4,17,80000.0,2,Petrol,Manual,15.0,1586.0,104.68,5,11.775297421715827,delhi
Maruti Alto K10,Maruti,Alto K10,7,57929.0,1,Petrol,Manual,24.39,998.0,65.71,5,12.709876675502672,delhi
Hyundai i20,Hyundai,i20,4,8500.0,1,Petrol,Manual,21.0,1197.0,81.8,5,13.579789490265188,delhi
Honda City,Honda,City,15,60000.0,1,Petrol,Manual,17.0,1497.0,180.02499999999998,5,12.837347081942964,delhi
Mercedes-Benz CLA,Mercedes-Benz,CLA,8,40000.0,1,Diesel,Automatic,17.9,1949.5,136.0,5,14.790070575320824,delhi
Maruti Swift,Maruti,Swift,13,120000.0,2,Petrol,Manual,18.6,1197.0,85.8,5,12.644330802262578,delhi
Mercedes-Benz CLA,Mercedes-Benz,CLA,8,40000.0,1,Diesel,Automatic,17.9,1949.5,136.0,5,14.790070575320824,delhi
Mitsubishi Outlander,Mitsubishi,Outlander,15,76000.0,1,Petrol,Automatic,11.3,1949.5,170.0,5,13.25339339419516,delhi
Maruti Ertiga,Maruti,Ertiga,5,35000.0,1,Cng,Manual,26.08,1462.0,91.19,7,13.878486296092358,delhi
Honda City,Honda,City,11,19681.0,1,Petrol,Manual,17.4,1497.0,117.3,5,13.25339339419516,delhi
Ford Fiesta Classic,Ford,Fiesta Classic,14,68866.0,2,Petrol,Manual,14.09,1596.0,99.6,5,11.918397239722838,delhi
Maruti Vitara Brezza,Maruti,Vitara Brezza,8,100000.0,2,Diesel,Manual,24.3,1248.0,88.5,5,13.444448325847754,delhi
Maruti Ciaz,Maruti,Ciaz,10,70000.0,2,Petrol,Automatic,19.12,1373.0,91.1,5,13.217675375388819,delhi
Maruti Celerio,Maruti,Celerio,10,53338.0,1,Petrol,Automatic,26.0,998.0,65.71,5,12.945628585536271,delhi
Honda Amaze,Honda,Amaze,9,41558.0,1,Petrol,Manual,17.8,1198.0,86.7,5,13.134291948269603,delhi
Maruti Alto,Maruti,Alto,15,10000.0,2,Petrol,Manual,19.7,796.0,46.3,5,11.775297421715827,delhi
Maruti Baleno,Maruti,Baleno,9,25403.0,2,Petrol,Manual,21.4,1197.0,83.1,5,13.176853456625999,delhi
Honda City,Honda,City,12,52800.0,1,Petrol,Manual,17.4,1497.0,117.3,5,13.317931805683793,delhi
Toyota Innova Crysta,Toyota,Innova Crysta,7,60000.0,1,Diesel,Manual,13.68,1949.5,147.51,7,14.375126917328105,delhi
Maruti Swift,Maruti,Swift,14,92543.0,1,Petrol,Manual,22.0,1197.0,81.8,5,12.611541086966115,delhi
Audi A6,Audi,A6,11,28000.0,1,Diesel,Automatic,17.68,1949.5,174.33,5,14.220976332738882,delhi
Hyundai i10,Hyundai,i10,15,95525.0,2,Petrol,Manual,20.36,1197.0,78.9,5,12.08954444723597,delhi
Kia Seltos,Kia,Seltos,6,3200.0,1,Diesel,Manual,20.8,1493.0,113.43,5,14.096923772119156,delhi
Toyota Innova Crysta,Toyota,Innova Crysta,4,9000.0,1,Petrol,Automatic,10.25,1949.5,163.6,7,14.77102238760702,delhi
Jeep Compass,Jeep,Compass,4,31000.0,1,Diesel,Automatic,14.9,1949.5,167.67,5,14.946912992035967,delhi
Maruti Brezza,Maruti,Brezza,4,23000.0,1,Petrol,Manual,17.38,1462.0,101.65,5,13.758940206475879,delhi
Maruti Swift,Maruti,Swift,3,2700.0,1,Petrol,Manual,22.38,1197.0,88.5,5,13.45883704259595,delhi
Hyundai Grand i10,Hyundai,Grand i10,11,30000.0,1,Petrol,Manual,18.9,1197.0,82.0,5,12.896719202134523,delhi
Ford Ecosport,Ford,Ecosport,9,130000.0,2,Petrol,Automatic,14.8,1497.0,121.36,5,13.228525371792253,delhi
Mahindra XUV500,Mahindra,XUV500,10,60000.0,1,Diesel,Manual,16.0,1949.5,140.0,7,13.704578997256993,delhi
Chevrolet Spark,Chevrolet,Spark,17,12400.0,2,Petrol,Manual,18.0,995.0,62.0,5,11.407564949312402,delhi
Volkswagen Polo,Volkswagen,Polo,12,79000.0,2,Diesel,Manual,20.14,1498.0,88.8,5,12.715900771961074,delhi
Honda Civic,Honda,Civic,6,32000.0,3,Petrol,Automatic,16.5,1799.0,139.46,5,14.151983508870947,delhi
Volkswagen Polo,Volkswagen,Polo,15,39368.0,1,Petrol,Manual,16.47,1198.0,73.9,5,12.688501881189456,delhi
Hyundai i20,Hyundai,i20,13,49597.0,1,Petrol,Manual,18.5,1197.0,82.9,5,12.791080452981857,delhi
Mercedes-Benz E-Class,Mercedes-Benz,E-Class,15,70000.0,2,Petrol,Automatic,12.3,1796.0,180.02499999999998,5,13.76421831620775,delhi
Maruti Alto K10,Maruti,Alto K10,10,34174.0,1,Petrol,Automatic,23.95,998.0,67.05,5,12.759960632315702,delhi
Maruti Ignis,Maruti,Ignis,5,11171.0,1,Petrol,Manual,20.89,1197.0,81.8,5,13.184400648021263,delhi
Audi Q7,Audi,Q7,12,68000.0,1,Diesel,Automatic,12.07,1949.5,180.02499999999998,7,14.470437045184406,delhi
Honda City,Honda,City,16,62545.0,1,Petrol,Manual,17.0,1497.0,180.02499999999998,5,12.337100907936577,delhi
Maruti Wagon R,Maruti,Wagon R,10,94480.0,1,Petrol,Manual,21.79,998.0,67.05,5,12.59473402514672,delhi
Maruti Alto 800,Maruti,Alto 800,9,19299.0,1,Petrol,Manual,22.05,796.0,47.33,5,12.601490784782536,delhi
Honda City,Honda,City,16,60000.0,1,Petrol,Manual,17.0,1497.0,180.02499999999998,5,12.765691290604371,delhi
Hyundai Creta,Hyundai,Creta,9,34000.0,2,Diesel,Automatic,17.01,1582.0,126.2,5,13.815511557963774,delhi
Tata Tiago,Tata,Tiago,6,30000.0,1,Petrol,Manual,19.01,1199.0,84.82,5,12.793862088206213,delhi
Audi Q5,Audi,Q5,9,55000.0,1,Diesel,Automatic,14.16,1949.5,174.3,5,14.430696737594902,delhi
Maruti Swift Dzire,Maruti,Swift Dzire,6,120000.0,1,Petrol,Automatic,21.21,1197.0,81.8,5,13.270785106659046,delhi
Ford Ecosport,Ford,Ecosport,9,70000.0,2,Petrol,Manual,15.85,1499.0,110.4,5,13.384729180332174,delhi
MG Hector,MG,Hector,7,40000.0,2,Petrol,Automatic,13.96,1451.0,141.0,5,14.173185701536545,delhi
Hyundai Verna,Hyundai,Verna,12,120000.0,2,Diesel,Automatic,19.08,1582.0,126.32,5,12.936036208848487,delhi
Hyundai i10,Hyundai,i10,17,70000.0,2,Petrol,Manual,20.36,1197.0,78.9,5,11.461642696843066,delhi
Maruti FRONX,Maruti,FRONX,3,1500.0,1,Petrol,Automatic,20.01,998.0,98.69,5,14.038654909278163,delhi
MG Hector,MG,Hector,6,30000.0,1,Petrol,Automatic,13.96,1451.0,141.0,5,14.285514812209815,delhi
Honda City,Honda,City,10,53464.0,1,Petrol,Automatic,18.0,1497.0,117.3,5,13.401510631691982,delhi
Hyundai Grand i10,Hyundai,Grand i10,10,43216.0,2,Petrol,Manual,18.9,1197.0,82.0,5,12.894209796826232,delhi
Tata Safari Storme,Tata,Safari Storme,12,70000.0,1,Diesel,Manual,14.0,1949.5,138.1,7,12.765691290604371,delhi
Tata Tiago,Tata,Tiago,4,16372.0,1,Cng,Manual,26.49,1199.0,72.0,5,13.45883704259595,delhi
Hyundai Grand i10,Hyundai,Grand i10,8,14515.0,1,Petrol,Manual,18.9,1197.0,81.86,5,13.032440858057756,delhi
Hyundai Verna,Hyundai,Verna,7,30000.0,1,Petrol,Automatic,17.0,1591.0,121.3,5,13.815511557963774,delhi
Maruti Swift,Maruti,Swift,14,85617.0,1,Petrol,Manual,18.6,1197.0,85.8,5,12.59473402514672,delhi
MG Gloster,MG,Gloster,5,70000.0,1,Diesel,Automatic,12.4,1949.5,180.02499999999998,6,15.053885078862573,delhi
Maruti Wagon R,Maruti,Wagon R,16,76605.0,1,Petrol,Manual,18.9,998.0,67.1,5,12.185875040240456,delhi
Kia Seltos,Kia,Seltos,5,20000.0,2,Petrol,Manual,16.8,1497.0,113.43,5,13.73755009757506,delhi
Kia Sonet,Kia,Sonet,4,10000.0,1,Petrol,Manual,18.2,998.0,118.36,5,13.910821646859095,delhi
Chevrolet Beat,Chevrolet,Beat,11,70000.0,1,Diesel,Manual,25.44,936.0,56.3,5,11.608244735642321,delhi
Hyundai Grand i10,Hyundai,Grand i10,9,80000.0,3,Diesel,Manual,24.0,1186.0,73.97,5,12.847929163278053,delhi
Maruti Swift,Maruti,Swift,9,55000.0,1,Petrol,Manual,20.4,1197.0,81.8,5,12.983101310070822,delhi
Kia Seltos,Kia,Seltos,5,20000.0,2,Petrol,Manual,16.8,1497.0,113.43,5,13.73755009757506,delhi
Land Rover Range Rover Sport,Land,Rover Range Rover Sport,8,35000.0,0,Diesel,Automatic,12.65,1949.5,180.02499999999998,5,16.14765455028724,delhi
Mini Cooper,Mini,Cooper,12,22000.0,2,Petrol,Automatic,13.6,1598.0,180.02499999999998,4,14.508658238524095,delhi
Honda Amaze,Honda,Amaze,7,26000.0,1,Petrol,Automatic,19.0,1199.0,88.76,5,13.51440681653079,delhi
Maruti Alto 800,Maruti,Alto 800,8,21387.0,1,Petrol,Manual,22.05,796.0,47.33,5,12.637858308703688,delhi
Maruti Swift,Maruti,Swift,8,64568.0,1,Petrol,Manual,22.38,1197.0,88.5,5,13.140205260167273,delhi
Volkswagen Taigun,Volkswagen,Taigun,4,25000.0,1,Petrol,Automatic,18.41,999.0,113.98,5,14.360738188157574,delhi
Maruti Swift,Maruti,Swift,14,73568.0,1,Petrol,Manual,22.38,1197.0,88.5,5,12.628070334272698,delhi
Maruti Swift,Maruti,Swift,12,87755.0,1,Petrol,Manual,22.0,1197.0,81.8,5,12.762830066509972,delhi
Jeep Compass,Jeep,Compass,5,34000.0,1,Diesel,Automatic,17.1,1949.5,173.0,5,14.467836264837162,delhi
Hyundai i20 N Line,Hyundai,i20 N Line,5,25319.0,1,Petrol,Automatic,20.25,998.0,118.41,5,13.711261646467772,delhi
Mahindra Thar,Mahindra,Thar,4,11000.0,1,Petrol,Manual,15.2,1949.5,150.0,4,14.269766465162304,delhi
Maruti Ignis,Maruti,Ignis,6,23051.0,1,Petrol,Automatic,20.89,1197.0,81.8,5,13.386266457287837,delhi
Maruti Swift,Maruti,Swift,14,80000.0,3,Petrol,Manual,18.6,1197.0,85.8,5,12.611541086966115,delhi
Hyundai Santro,Hyundai,Santro,5,20000.0,1,Petrol,Manual,20.3,1086.0,68.05,5,13.180634172318978,delhi
Toyota Innova Crysta,Toyota,Innova Crysta,8,70123.0,1,Diesel,Manual,13.68,1949.5,147.51,8,14.269766465162304,delhi
Honda City,Honda,City,10,71156.0,1,Petrol,Automatic,18.0,1497.0,117.3,5,13.507627138738266,delhi
Hyundai Grand i10 Nios,Hyundai,Grand i10 Nios,5,10000.0,1,Petrol,Automatic,20.7,1197.0,81.86,5,13.460264592549233,delhi
Maruti Ertiga,Maruti,Ertiga,11,80000.0,1,Diesel,Manual,20.77,1248.0,88.76,7,13.217675375388819,delhi
Fiat Linea,Fiat,Linea,17,30000.0,1,Petrol,Manual,14.6,1368.0,88.7,5,11.695255355062795,delhi
Honda Brio,Honda,Brio,9,36000.0,1,Petrol,Automatic,16.5,1198.0,86.8,5,13.102162710901053,delhi
Renault KWID,Renault,KWID,9,50000.0,3,Petrol,Manual,25.17,799.0,53.3,5,12.230765258120545,delhi
Mahindra XUV300,Mahindra,XUV300,4,30211.0,1,Diesel,Manual,20.0,1497.0,115.0,5,13.828427770397164,delhi
Honda Amaze,Honda,Amaze,7,40000.0,1,Petrol,Manual,19.5,1199.0,88.76,5,13.329379172803593,delhi
Maruti Baleno,Maruti,Baleno,10,72368.0,2,Petrol,Manual,21.4,1197.0,83.1,5,12.978495316450783,delhi
Honda WR-V,Honda,WR-V,8,51260.0,2,Diesel,Manual,25.5,1498.0,98.6,5,13.316285717486736,delhi
Honda Brio,Honda,Brio,13,30000.0,2,Petrol,Manual,19.4,1198.0,86.8,5,12.644330802262578,delhi
Hyundai i20,Hyundai,i20,8,79166.0,1,Petrol,Manual,18.6,1197.0,81.83,5,13.242811303528269,delhi
BMW 3 Series GT,BMW,3 Series GT,10,120000.0,2,Diesel,Automatic,21.76,1949.5,180.02499999999998,5,14.220976332738882,delhi
Datsun GO Plus,Datsun,GO Plus,5,10512.0,1,Petrol,Manual,19.02,1198.0,67.05,7,13.169248871698304,delhi
BMW 3 Series GT,BMW,3 Series GT,10,110000.0,2,Diesel,Automatic,21.76,1949.5,180.02499999999998,5,14.220976332738882,delhi
Honda Jazz,Honda,Jazz,11,70000.0,2,Petrol,Manual,18.7,1199.0,88.7,5,12.75130259456002,delhi
Hyundai Creta,Hyundai,Creta,9,30000.0,1,Petrol,Manual,15.29,1591.0,121.3,5,13.444448325847754,delhi
Tata Altroz,Tata,Altroz,5,50000.0,1,Petrol,Manual,19.33,1199.0,86.83,5,13.500801182986649,delhi
Ford Ecosport,Ford,Ecosport,9,100000.0,1,Diesel,Manual,23.0,1498.0,98.96,5,13.199326270390594,delhi
Hyundai EON,Hyundai,EON,12,40000.0,1,Petrol,Manual,21.1,814.0,55.2,5,12.25486757159303,delhi
Hyundai Creta,Hyundai,Creta,8,74000.0,1,Diesel,Manual,22.1,1396.0,88.7,5,13.74830287778897,delhi
Ford Aspire,Ford,Aspire,11,60000.0,1,Diesel,Manual,25.83,1498.0,99.0,5,12.847929163278053,delhi
Tata Harrier,Tata,Harrier,7,120000.0,1,Diesel,Manual,17.0,1949.5,138.1,5,14.187074804051692,delhi
Hyundai i10,Hyundai,i10,15,9545.0,1,Petrol,Manual,20.36,1197.0,78.9,5,12.206077645517674,delhi
Ford Ecosport,Ford,Ecosport,8,36002.0,1,Petrol,Manual,17.0,1497.0,121.31,5,13.581054510971494,delhi
Maruti Baleno,Maruti,Baleno,5,30854.0,2,Petrol,Automatic,19.56,1197.0,81.8,5,13.565767608549109,delhi
Maruti Swift Dzire,Maruti,Swift Dzire,8,45000.0,1,Diesel,Manual,28.25,1248.0,74.02,5,13.384729180332174,delhi
Maruti Swift,Maruti,Swift,7,52654.0,1,Petrol,Manual,22.38,1197.0,88.5,5,13.085701467719382,delhi
Hyundai Santro,Hyundai,Santro,7,34151.0,1,Cng,Manual,28.25,1086.0,58.0,5,13.239258908233676,delhi
Renault KWID,Renault,KWID,9,29000.0,1,Petrol,Manual,23.01,999.0,67.0,5,12.644330802262578,delhi
Honda City,Honda,City,7,31873.0,1,Petrol,Manual,17.4,1497.0,117.6,5,13.70122253263775,delhi
Hyundai Verna,Hyundai,Verna,11,24000.0,1,Petrol,Manual,17.01,1591.0,121.3,5,13.180634172318978,delhi
Maruti Baleno,Maruti,Baleno,10,52129.0,1,Petrol,Manual,21.4,1197.0,83.1,5,13.215855541983634,delhi
Honda City,Honda,City,17,82000.0,2,Petrol,Manual,17.0,1497.0,180.02499999999998,5,12.367345048436391,delhi
Maruti Ciaz,Maruti,Ciaz,11,64000.0,1,Petrol,Manual,20.73,1373.0,91.1,5,13.296318365198623,delhi
Mercedes-Benz GL-Class,Mercedes-Benz,GL-Class,10,75000.0,1,Diesel,Automatic,11.3,1949.5,180.02499999999998,7,15.163583966004193,delhi
Renault Triber,Renault,Triber,6,50000.0,1,Petrol,Manual,20.0,999.0,72.0,7,13.281076775042335,delhi
BMW X1,BMW,X1,8,63000.0,1,Diesel,Automatic,20.68,1949.5,180.02499999999998,5,14.521080752349816,delhi
Maruti Celerio,Maruti,Celerio,12,63000.0,1,Petrol,Automatic,23.1,998.0,67.04,5,12.861001210669146,delhi
Tata Safari Storme,Tata,Safari Storme,12,79000.0,1,Diesel,Manual,14.0,1949.5,138.1,7,13.208542908506082,delhi
Honda Brio,Honda,Brio,14,64000.0,1,Petrol,Manual,19.4,1198.0,86.8,5,12.59473402514672,delhi
Mercedes-Benz E-Class,Mercedes-Benz,E-Class,9,28000.0,1,Diesel,Automatic,16.1,1949.5,180.02499999999998,5,15.18922639004183,delhi
Renault KWID,Renault,KWID,4,6624.0,1,Petrol,Manual,21.46,999.0,67.06,5,13.10011776845701,delhi
Honda Amaze,Honda,Amaze,13,48077.0,2,Petrol,Manual,18.0,1198.0,86.7,5,12.694655727828803,delhi
Audi A4,Audi,A4,10,36000.0,1,Diesel,Automatic,18.25,1949.5,180.02499999999998,5,14.25312076497659,delhi
Hyundai i20,Hyundai,i20,10,71355.0,1,Petrol,Manual,18.6,1197.0,81.83,5,13.212205909556012,delhi
Hyundai Grand i10 Nios,Hyundai,Grand i10 Nios,7,76282.0,1,Petrol,Automatic,20.7,1197.0,81.86,5,13.327751835792448,delhi
Jaguar XJ,Jaguar,XJ,8,40000.0,2,Diesel,Automatic,14.47,1949.5,180.02499999999998,5,15.483217567201578,delhi
Hyundai Grand i10,Hyundai,Grand i10,9,25091.0,1,Petrol,Manual,18.9,1197.0,81.86,5,13.005831808336863,delhi
Mercedes-Benz CLA,Mercedes-Benz,CLA,8,80000.0,1,Diesel,Automatic,17.9,1949.5,136.0,5,14.603968372873895,delhi
Hyundai i10,Hyundai,i10,13,42857.0,1,Petrol,Manual,20.36,1197.0,78.9,5,12.560247968016562,delhi
Mahindra TUV 300,Mahindra,TUV 300,9,70000.0,1,Diesel,Manual,18.49,1493.0,100.0,7,13.304686600863562,delhi
BMW 5 Series,BMW,5 Series,10,96000.0,1,Diesel,Automatic,18.12,1949.5,180.02499999999998,5,14.669926311652166,delhi
Mercedes-Benz CLA,Mercedes-Benz,CLA,8,33000.0,1,Diesel,Automatic,17.9,1949.5,136.0,5,14.862829903121964,delhi
Toyota Corolla Altis,Toyota,Corolla Altis,12,65000.0,1,Petrol,Automatic,14.28,1798.0,138.03,5,13.451668563394815,delhi
Maruti Baleno,Maruti,Baleno,8,49000.0,1,Petrol,Automatic,21.4,1197.0,83.1,5,13.493928313146206,delhi
Mercedes-Benz E-Class,Mercedes-Benz,E-Class,16,80000.0,2,Petrol,Automatic,10.93,1949.5,180.02499999999998,2,13.579789490265188,delhi
Toyota Innova,Toyota,Innova,12,88000.0,2,Diesel,Manual,12.99,1949.5,100.6,7,13.790193775620484,delhi
Maruti Swift Dzire,Maruti,Swift Dzire,12,74000.0,1,Diesel,Manual,23.4,1248.0,74.0,5,13.122365377402328,delhi
MG Hector,MG,Hector,6,23000.0,1,Petrol,Automatic,13.96,1451.0,141.0,5,14.316286451937186,delhi
Maruti Alto K10,Maruti,Alto K10,11,32192.0,1,Petrol,Manual,24.39,998.0,65.71,5,12.441144767709657,delhi
Maruti Swift Dzire,Maruti,Swift Dzire,9,53930.0,1,Petrol,Manual,22.41,1197.0,88.5,5,13.114333221834064,delhi
Ford Ecosport,Ford,Ecosport,9,70000.0,2,Petrol,Manual,17.0,1497.0,121.31,5,13.142166004700508,delhi
Honda City,Honda,City,11,47121.0,2,Petrol,Manual,17.4,1497.0,117.3,5,13.224921770781943,delhi
Toyota Fortuner,Toyota,Fortuner,12,65000.0,1,Diesel,Automatic,12.55,1949.5,168.5,7,14.169683073439028,delhi
Hyundai i20,Hyundai,i20,9,39000.0,2,Petrol,Manual,18.6,1197.0,81.83,5,13.091904169919621,delhi
Maruti Grand Vitara,Maruti,Grand Vitara,3,20000.0,1,Cng,Manual,26.6,1462.0,86.63,5,14.169683073439028,delhi
Hyundai Xcent,Hyundai,Xcent,10,150000.0,1,Diesel,Manual,24.4,1120.0,71.0,5,12.840003118946523,delhi
Maruti Wagon R,Maruti,Wagon R,17,110000.0,3,Petrol,Manual,18.9,1061.0,67.0,5,11.51293546492023,delhi
Ford Endeavour,Ford,Endeavour,9,70000.0,2,Diesel,Automatic,10.91,1949.5,180.02499999999998,7,14.626441218624949,delhi
Hyundai i20,Hyundai,i20,10,80000.0,2,Petrol,Manual,18.6,1197.0,81.83,5,12.959846800844963,delhi
Maruti Swift,Maruti,Swift,10,40000.0,2,Petrol,Manual,21.21,1197.0,81.8,5,12.936036208848487,delhi
Skoda Kushaq,Skoda,Kushaq,5,20000.0,1,Petrol,Automatic,17.2,999.0,113.98,5,14.272936037914342,delhi
Maruti Wagon R,Maruti,Wagon R,15,74000.0,2,Petrol,Manual,20.52,1197.0,81.8,5,12.013706813470414,delhi
BMW 5 Series,BMW,5 Series,8,62000.0,2,Diesel,Automatic,20.37,1949.5,180.02499999999998,5,15.0824584431417,delhi
Maruti Swift,Maruti,Swift,17,80000.0,1,Petrol,Manual,16.1,1298.0,88.2,5,11.362114203075018,delhi
Maruti Ertiga,Maruti,Ertiga,12,100000.0,2,Diesel,Manual,20.77,1248.0,88.76,7,13.235693848424024,delhi
Maruti Baleno,Maruti,Baleno,6,23256.0,1,Petrol,Manual,21.01,1197.0,81.8,5,13.359805810705184,delhi
Maruti Ignis,Maruti,Ignis,4,29120.0,1,Petrol,Manual,20.89,1197.0,81.8,5,13.171155446333852,delhi
Ford Ecosport,Ford,Ecosport,8,62000.0,1,Diesel,Manual,21.7,1498.0,98.96,5,13.399996629152975,delhi
Maruti Swift Dzire,Maruti,Swift Dzire,9,90513.0,1,Diesel,Manual,28.25,1248.0,74.02,5,13.239258908233676,delhi
Hyundai Creta,Hyundai,Creta,8,49396.0,1,Diesel,Manual,19.67,1582.0,126.2,5,13.923468597135031,delhi
Toyota Corolla Altis,Toyota,Corolla Altis,18,120000.0,2,Petrol,Manual,14.53,1798.0,138.1,5,11.51293546492023,delhi
Maruti Alto 800,Maruti,Alto 800,7,18475.0,1,Petrol,Manual,22.05,796.0,47.33,5,12.748399843328054,delhi
Audi Q7,Audi,Q7,8,100000.0,2,Diesel,Automatic,12.07,1949.5,180.02499999999998,7,15.373655386537118,delhi
Hyundai Santro,Hyundai,Santro,7,27792.0,1,Cng,Manual,28.25,1086.0,58.0,5,13.180634172318978,delhi
BMW 5 Series,BMW,5 Series,7,55000.0,1,Petrol,Automatic,15.01,1949.5,180.02499999999998,5,15.319588176962746,delhi
Honda City,Honda,City,15,72000.0,1,Petrol,Manual,17.0,1497.0,180.02499999999998,5,12.535379989788607,delhi
Mahindra Alturas G4,Mahindra,Alturas G4,5,25000.0,1,Diesel,Automatic,12.05,1949.5,178.49,7,14.930652476452392,delhi
Hyundai Creta,Hyundai,Creta,9,40000.0,1,Petrol,Manual,15.29,1591.0,121.3,5,13.444448325847754,delhi
Maruti Ertiga,Maruti,Ertiga,12,150000.0,1,Diesel,Manual,20.77,1248.0,88.8,7,13.217675375388819,delhi
Maruti Ciaz,Maruti,Ciaz,6,80000.0,1,Petrol,Automatic,20.04,1462.0,103.25,5,13.617059619240436,delhi
Volkswagen Polo,Volkswagen,Polo,15,120000.0,2,Petrol,Manual,15.26,1598.0,103.5,5,12.25486757159303,delhi
Mahindra XUV500,Mahindra,XUV500,13,60000.0,1,Diesel,Manual,15.1,1949.5,140.0,7,12.896719202134523,delhi
Honda City,Honda,City,8,70000.0,1,Petrol,Manual,17.4,1497.0,117.6,5,13.487007879880162,delhi
Hyundai Grand i10,Hyundai,Grand i10,12,57100.0,1,Petrol,Manual,18.9,1197.0,82.0,5,12.73670383776449,delhi
Ford Ecosport,Ford,Ecosport,11,100000.0,3,Petrol,Manual,18.88,999.0,123.37,5,12.847929163278053,delhi
Maruti Swift Dzire,Maruti,Swift Dzire,7,7660.0,1,Petrol,Automatic,21.21,1197.0,81.8,5,13.389333939650964,delhi
Hyundai Xcent,Hyundai,Xcent,10,35272.0,1,Diesel,Manual,25.4,1186.0,73.97,5,12.962196972666593,delhi
Renault KWID,Renault,KWID,5,8526.0,1,Petrol,Automatic,22.0,999.0,67.0,5,13.049794835104816,delhi
Hyundai i20,Hyundai,i20,15,62929.0,1,Petrol,Manual,18.5,1197.0,82.85,5,12.409017571151187,delhi
Maruti Alto,Maruti,Alto,16,30000.0,2,Cng,Manual,26.83,796.0,38.4,5,11.289794413577894,delhi
Maruti Swift,Maruti,Swift,9,53127.0,2,Petrol,Manual,20.4,1197.0,83.11,5,12.976183182038383,delhi
Maruti Ertiga,Maruti,Ertiga,8,42000.0,1,Petrol,Manual,17.5,1373.0,91.1,7,13.64709190633931,delhi
Ford Ecosport,Ford,Ecosport,9,20000.0,1,Diesel,Manual,23.0,1498.0,98.96,5,13.270785106659046,delhi
Maruti Wagon R,Maruti,Wagon R,13,57000.0,1,Petrol,Manual,18.9,998.0,67.1,5,12.367345048436391,delhi
Maruti Wagon R,Maruti,Wagon R,13,44000.0,1,Petrol,Manual,20.51,998.0,67.04,5,12.506180941677357,delhi
Ford Ecosport,Ford,Ecosport,11,64000.0,1,Petrol,Automatic,14.7,1496.0,120.69,5,13.345508528717259,delhi
Skoda Octavia,Skoda,Octavia,12,49000.0,1,Petrol,Automatic,15.1,1798.0,178.0,5,13.864301674514206,delhi
Toyota Glanza,Toyota,Glanza,4,30000.0,1,Petrol,Manual,22.35,1197.0,88.5,5,13.51440681653079,delhi
Skoda Octavia,Skoda,Octavia,9,37000.0,0,Petrol,Manual,16.7,1395.0,148.0,5,13.863348840666827,delhi
Hyundai i20,Hyundai,i20,8,30000.0,2,Petrol,Manual,18.6,1197.0,81.86,5,13.25339339419516,delhi
Honda Brio,Honda,Brio,14,90000.0,1,Petrol,Manual,19.4,1198.0,86.8,5,12.524530013005734,delhi
Maruti 800,Maruti,800,12,40000.0,2,Petrol,Manual,16.1,796.0,37.0,4,12.429220196836383,delhi
Jeep Compass,Jeep,Compass,7,64336.0,1,Petrol,Automatic,16.0,1368.0,160.0,5,14.126665719201661,delhi
Volkswagen Polo,Volkswagen,Polo,10,83425.0,1,Petrol,Manual,16.2,1199.0,74.0,5,12.969214528909768,delhi
Land Rover Range Rover Evoque,Land,Rover Range Rover Evoque,12,85000.0,3,Diesel,Automatic,12.7,1949.5,180.02499999999998,5,14.599412558413583,delhi
Maruti Swift Dzire,Maruti,Swift Dzire,10,66181.0,1,Diesel,Manual,26.59,1248.0,74.0,5,13.206706364071684,delhi
Maruti Alto 800,Maruti,Alto 800,7,25486.0,2,Petrol,Manual,24.7,796.0,47.3,5,12.724869415131389,delhi
Mercedes-Benz C-Class,Mercedes-Benz,C-Class,9,35000.0,1,Petrol,Automatic,14.74,1949.5,180.02499999999998,5,14.930652476452392,delhi
Maruti Swift,Maruti,Swift,10,25489.0,1,Petrol,Manual,22.38,1197.0,88.5,5,13.014780393893403,delhi
Ford Endeavour,Ford,Endeavour,5,40000.0,2,Diesel,Automatic,13.9,1949.5,167.62,7,15.150511887854474,delhi
Maruti Baleno,Maruti,Baleno,8,85363.0,1,Petrol,Manual,21.4,1197.0,83.1,5,13.12834743715147,delhi
Maruti SX4,Maruti,SX4,17,110000.0,3,Petrol,Manual,15.0,1586.0,104.68,5,11.736077016252437,delhi
Ford Ecosport,Ford,Ecosport,12,40000.0,1,Diesel,Manual,22.7,1498.0,89.84,5,12.765691290604371,delhi
Land Rover Range Rover Sport,Land,Rover Range Rover Sport,8,40000.0,1,Petrol,Automatic,12.65,1949.5,180.02499999999998,5,16.077273760604726,delhi
Maruti Jimny,Maruti,Jimny,3,1500.0,1,Petrol,Automatic,16.39,1462.0,103.39,4,14.377979984682511,delhi
Maruti SX4,Maruti,SX4,17,110000.0,3,Petrol,Manual,15.0,1586.0,104.68,5,11.736077016252437,delhi
Ford Figo,Ford,Figo,15,80000.0,2,Petrol,Manual,15.6,1196.0,70.0,5,11.51293546492023,delhi
Maruti Swift Dzire,Maruti,Swift Dzire,4,20000.0,1,Cng,Manual,28.25,1197.0,76.43,5,13.652992804936396,delhi
Maruti Brezza,Maruti,Brezza,3,20000.0,1,Petrol,Manual,17.38,1462.0,101.65,5,13.997832948091215,delhi
Hyundai i20,Hyundai,i20,14,62000.0,2,Petrol,Manual,17.0,1197.0,180.02499999999998,5,12.524530013005734,delhi
Mercedes-Benz C-Class,Mercedes-Benz,C-Class,16,50000.0,4,Petrol,Automatic,11.7,1796.0,178.0,5,12.959846800844963,delhi
Maruti Swift Dzire,Maruti,Swift Dzire,12,90000.0,2,Diesel,Manual,23.4,1248.0,74.0,5,12.765691290604371,delhi
Hyundai i10,Hyundai,i10,15,67985.0,1,Petrol,Manual,20.36,1197.0,78.9,5,12.30592250537653,delhi
Honda WR-V,Honda,WR-V,6,89722.0,1,Diesel,Manual,25.5,1498.0,98.6,5,13.626768433367397,delhi
Ford Ecosport,Ford,Ecosport,9,80000.0,1,Diesel,Manual,23.0,1498.0,98.96,5,13.304686600863562,delhi
Toyota Innova Crysta,Toyota,Innova Crysta,6,49647.0,2,Petrol,Automatic,10.25,1949.5,163.6,7,14.25762962639379,delhi
Renault Triber,Renault,Triber,6,110490.0,1,Petrol,Manual,20.0,999.0,71.01,7,13.155800087724673,delhi
Maruti Swift Dzire,Maruti,Swift Dzire,14,78000.0,2,Petrol,Manual,17.5,1197.0,85.8,5,12.691583538230217,delhi
Maruti Wagon R,Maruti,Wagon R,9,51165.0,1,Petrol,Manual,20.51,998.0,67.04,5,12.82396003700373,delhi
Maruti S-Presso,Maruti,S-Presso,4,14000.0,1,Petrol,Manual,21.7,998.0,65.71,5,13.07107218827772,delhi
Hyundai Grand i10,Hyundai,Grand i10,11,50576.0,1,Petrol,Manual,18.9,1197.0,82.0,5,12.91410843858387,delhi
Maruti XL6,Maruti,XL6,5,55000.0,1,Petrol,Manual,19.01,1462.0,103.2,6,13.901689171636098,delhi
Hyundai Venue,Hyundai,Venue,7,70000.0,1,Petrol,Automatic,18.15,998.0,118.35,5,13.698977865303197,delhi
Maruti Wagon R,Maruti,Wagon R,17,80000.0,2,Petrol,Manual,18.9,1061.0,67.0,5,11.51293546492023,delhi
Mercedes-Benz E-Class,Mercedes-Benz,E-Class,12,65000.0,1,Petrol,Automatic,12.0,1949.5,180.02499999999998,5,14.452087387035824,delhi
Mahindra Bolero,Mahindra,Bolero,11,90000.0,3,Diesel,Manual,15.96,1949.5,62.1,7,13.091904169919621,delhi
Mahindra Scorpio,Mahindra,Scorpio,10,71000.0,1,Diesel,Manual,15.4,1949.5,120.0,7,13.641158361294979,delhi
Honda City,Honda,City,7,60000.0,1,Petrol,Automatic,18.0,1497.0,117.6,5,13.710151153416941,delhi
Kia Sonet,Kia,Sonet,5,20000.0,1,Petrol,Manual,18.4,1197.0,81.86,5,13.76421831620775,delhi
Hyundai Verna,Hyundai,Verna,15,60000.0,1,Petrol,Manual,17.01,1591.0,121.3,5,12.94323910384853,delhi
Hyundai Creta,Hyundai,Creta,7,38000.0,1,Diesel,Manual,20.5,1582.0,126.2,5,13.993657580167481,delhi
MG Gloster,MG,Gloster,3,7000.0,0,Diesel,Automatic,12.04,1949.5,180.02499999999998,6,15.350225139719656,delhi
Volkswagen Polo,Volkswagen,Polo,4,20000.0,1,Petrol,Automatic,16.47,999.0,108.62,5,13.858571005278668,hyderabad
Hyundai EON,Hyundai,EON,12,85582.0,2,Petrol,Manual,21.1,814.0,55.2,5,12.468440756144114,hyderabad
Maruti Baleno,Maruti,Baleno,9,50750.0,1,Petrol,Manual,21.4,1197.0,83.1,5,13.416525906265674,hyderabad
Kia Sonet,Kia,Sonet,5,10000.0,1,Petrol,Manual,18.2,998.0,118.36,5,13.979329492089743,hyderabad
Maruti Celerio,Maruti,Celerio,9,66366.0,1,Petrol,Automatic,23.1,998.0,67.04,5,13.10011776845701,hyderabad
Hyundai Verna,Hyundai,Verna,4,5000.0,1,Petrol,Automatic,19.2,998.0,118.41,5,14.24794276323131,hyderabad
Maruti Celerio,Maruti,Celerio,9,72544.0,1,Petrol,Manual,23.1,998.0,67.04,5,13.049794835104816,hyderabad
Ford Figo,Ford,Figo,5,29154.0,1,Petrol,Manual,18.5,1194.0,94.93,5,13.498057700804253,hyderabad
Tata Tiago,Tata,Tiago,8,70000.0,1,Petrol,Automatic,23.84,1199.0,83.83,5,13.180634172318978,hyderabad
Datsun RediGO,Datsun,RediGO,5,33730.0,1,Petrol,Manual,21.7,999.0,67.05,5,13.051943059028227,hyderabad
Renault KWID,Renault,KWID,6,51113.0,1,Petrol,Manual,23.01,999.0,67.0,5,13.032440858057756,hyderabad
Volkswagen Polo,Volkswagen,Polo,13,40000.0,2,Diesel,Manual,22.07,1199.0,73.9,5,12.765691290604371,hyderabad
Maruti Wagon R,Maruti,Wagon R,17,40000.0,1,Petrol,Manual,18.9,1061.0,67.0,5,12.577639650232573,hyderabad
BMW X1,BMW,X1,6,60000.0,1,Diesel,Automatic,20.68,1949.5,180.02499999999998,5,15.150511887854474,hyderabad
Maruti Wagon R,Maruti,Wagon R,12,64500.0,1,Petrol,Manual,21.79,998.0,67.05,5,12.834683971615659,hyderabad
Maruti Wagon R,Maruti,Wagon R,6,40000.0,1,Petrol,Manual,21.79,998.0,67.05,5,13.304686600863562,hyderabad
Jeep Compass,Jeep,Compass,8,80000.0,1,Diesel,Manual,17.1,1949.5,170.0,5,14.151983508870947,hyderabad
Jeep Compass,Jeep,Compass,7,50000.0,1,Diesel,Manual,16.3,1949.5,170.63,5,14.45736497045232,hyderabad
Hyundai i20,Hyundai,i20,6,40000.0,1,Petrol,Manual,20.0,998.0,118.36,5,13.51440681653079,hyderabad
Hyundai Aura,Hyundai,Aura,6,39886.0,2,Petrol,Automatic,20.1,1197.0,81.86,5,13.548938754204904,hyderabad
Renault Duster,Renault,Duster,12,107588.0,1,Diesel,Manual,20.45,1461.0,83.8,5,12.994532278619134,hyderabad
Hyundai Grand i10,Hyundai,Grand i10,9,36621.0,1,Petrol,Manual,18.9,1197.0,81.86,5,13.159661088928443,hyderabad
MG Hector Plus,MG,Hector Plus,6,80000.0,1,Diesel,Manual,16.65,1949.5,167.67,6,14.285514812209815,hyderabad
Maruti S-Presso,Maruti,S-Presso,4,18900.0,1,Petrol,Manual,24.76,998.0,65.71,5,13.171155446333852,hyderabad
Kia Seltos,Kia,Seltos,7,70754.0,1,Diesel,Manual,20.8,1493.0,113.43,5,13.918068048816036,hyderabad
Maruti S-Presso,Maruti,S-Presso,6,59832.0,1,Petrol,Manual,21.7,998.0,65.71,5,12.948012371209098,hyderabad
Maruti Swift Dzire,Maruti,Swift Dzire,9,60068.0,2,Petrol,Manual,21.21,1197.0,81.8,5,13.312985389904174,hyderabad
Maruti Alto 800,Maruti,Alto 800,8,41261.0,1,Petrol,Manual,22.05,796.0,47.33,5,12.694655727828803,hyderabad
Ford Ecosport,Ford,Ecosport,6,32209.0,1,Petrol,Manual,17.0,1497.0,121.31,5,13.76421831620775,hyderabad
Honda Jazz,Honda,Jazz,8,75747.0,1,Petrol,Manual,18.7,1199.0,88.7,5,13.367661298303675,hyderabad
Hyundai i20,Hyundai,i20,8,49241.0,2,Petrol,Manual,18.6,1197.0,81.83,5,13.475834594887509,hyderabad
Mercedes-Benz GLE,Mercedes-Benz,GLE,8,100000.0,2,Diesel,Automatic,17.9,1949.5,180.02499999999998,5,14.914123179965662,hyderabad
Ford Endeavour,Ford,Endeavour,10,119422.0,1,Diesel,Automatic,10.91,1949.5,180.02499999999998,7,14.626441218624949,hyderabad
Maruti Swift,Maruti,Swift,5,33488.0,1,Petrol,Manual,22.38,1197.0,88.5,5,13.415034483903348,hyderabad
Mahindra Thar,Mahindra,Thar,5,30000.0,1,Petrol,Manual,15.2,1949.5,150.0,4,14.316286451937186,hyderabad
Tata Altroz,Tata,Altroz,4,21000.0,1,Petrol,Manual,19.33,1199.0,86.83,5,13.681980308196241,hyderabad
Jeep Compass,Jeep,Compass,8,56545.0,1,Diesel,Manual,17.1,1949.5,170.63,5,14.285514812209815,hyderabad
Volkswagen Polo,Volkswagen,Polo,9,64000.0,1,Petrol,Manual,18.78,999.0,75.0,5,13.42246945133505,hyderabad
Volkswagen Ameo,Volkswagen,Ameo,8,71413.0,2,Petrol,Manual,19.44,999.0,75.0,5,13.186278579318829,hyderabad
Renault KWID,Renault,KWID,6,31920.0,2,Petrol,Manual,22.3,799.0,53.26,5,13.096021455450709,hyderabad
BMW X1,BMW,X1,7,46000.0,1,Diesel,Automatic,20.68,1949.5,180.02499999999998,5,15.03634077434184,hyderabad
Maruti S-Presso,Maruti,S-Presso,4,9939.0,2,Petrol,Manual,21.7,998.0,65.71,5,13.173058392858724,hyderabad
Maruti Baleno,Maruti,Baleno,4,7156.0,1,Petrol,Manual,21.01,1197.0,81.8,5,13.738630593541341,hyderabad
Toyota Yaris,Toyota,Yaris,8,20608.0,1,Petrol,Manual,17.1,1496.0,105.94,5,13.652992804936396,hyderabad
Maruti Swift Dzire,Maruti,Swift Dzire,7,92000.0,2,Petrol,Manual,22.0,1197.0,81.8,5,13.493928313146206,hyderabad
Maruti Celerio,Maruti,Celerio,8,67553.0,2,Petrol,Automatic,23.1,998.0,67.04,5,13.124363376072994,hyderabad
Maruti Swift Dzire,Maruti,Swift Dzire,9,95286.0,1,Petrol,Manual,20.85,1197.0,83.14,5,13.265599278590988,hyderabad
Mahindra XUV500,Mahindra,XUV500,11,66000.0,1,Diesel,Manual,16.0,1949.5,140.0,7,13.704578997256993,hyderabad
Hyundai Grand i10,Hyundai,Grand i10,7,35929.0,1,Petrol,Manual,18.9,1197.0,81.86,5,13.163507240119458,hyderabad
Honda BR-V,Honda,BR-V,10,136035.0,1,Petrol,Manual,15.4,1497.0,117.3,7,13.384729180332174,hyderabad
Maruti Ertiga,Maruti,Ertiga,13,93997.0,1,Diesel,Manual,20.77,1248.0,88.8,7,13.415034483903348,hyderabad
Skoda Rapid,Skoda,Rapid,8,60000.0,1,Petrol,Manual,15.41,1598.0,103.2,5,13.560619598657233,hyderabad
Maruti Vitara Brezza,Maruti,Vitara Brezza,7,52220.0,1,Diesel,Manual,24.3,1248.0,88.5,5,13.795308871054397,hyderabad
Maruti Ciaz,Maruti,Ciaz,7,61659.0,2,Petrol,Manual,21.56,1462.0,103.25,5,13.629182184591333,hyderabad
Maruti Swift Dzire,Maruti,Swift Dzire,6,65000.0,1,Petrol,Manual,22.41,1197.0,88.5,5,13.527829818844937,hyderabad
Mahindra KUV 100 NXT,Mahindra,KUV 100 NXT,8,120000.0,1,Diesel,Manual,25.32,1198.0,77.0,6,13.017005083966255,hyderabad
Maruti Swift,Maruti,Swift,9,110000.0,2,Diesel,Manual,25.2,1248.0,74.0,5,13.304686600863562,hyderabad
Maruti Alto 800,Maruti,Alto 800,9,78969.0,1,Petrol,Manual,22.05,796.0,47.33,5,12.618185607609803,hyderabad
Hyundai Grand i10 Nios,Hyundai,Grand i10 Nios,5,38939.0,2,Petrol,Manual,20.7,1197.0,81.86,5,13.508986756405742,hyderabad
Maruti Ignis,Maruti,Ignis,7,88637.0,1,Petrol,Manual,20.89,1197.0,81.8,5,13.081543466215237,hyderabad
Hyundai i20,Hyundai,i20,5,19070.0,1,Petrol,Manual,20.0,998.0,118.36,5,13.78195480856106,hyderabad
Maruti S-Presso,Maruti,S-Presso,6,68556.0,1,Petrol,Manual,21.7,998.0,65.71,5,12.976183182038383,hyderabad
Ford Figo,Ford,Figo,7,44356.0,1,Petrol,Manual,20.4,1194.0,94.93,5,13.304686600863562,hyderabad
Maruti Swift Dzire,Maruti,Swift Dzire,10,73143.0,1,Petrol,Manual,22.41,1197.0,88.5,5,13.321215875492413,hyderabad
Volvo XC60,Volvo,XC60,14,146769.0,1,Diesel,Automatic,14.7,1949.5,163.0,5,14.038654909278163,hyderabad
Datsun GO,Datsun,GO,8,67527.0,1,Petrol,Manual,19.02,1198.0,67.05,5,12.727841176689147,hyderabad
Hyundai Santro,Hyundai,Santro,7,79467.0,1,Petrol,Automatic,20.3,1086.0,68.0,5,13.174957725054906,hyderabad
BMW 5 Series,BMW,5 Series,12,103174.0,1,Diesel,Automatic,18.12,1949.5,180.02499999999998,5,14.375126917328105,hyderabad
Volkswagen Polo,Volkswagen,Polo,9,103046.0,3,Petrol,Manual,16.2,1199.0,74.0,5,13.215855541983634,hyderabad
Fiat Punto EVO,Fiat,Punto EVO,9,85110.0,2,Petrol,Manual,15.8,1172.0,67.1,5,12.506180941677357,hyderabad
Tata Manza,Tata,Manza,15,114000.0,1,Diesel,Manual,19.0,1248.0,90.0,5,12.560247968016562,hyderabad
Renault Captur,Renault,Captur,9,70000.0,1,Diesel,Manual,20.37,1461.0,108.45,5,13.790193775620484,hyderabad
Hyundai i20,Hyundai,i20,8,72000.0,1,Diesel,Manual,22.54,1396.0,88.73,5,13.493928313146206,hyderabad
Kia Seltos,Kia,Seltos,5,22500.0,1,Petrol,Automatic,16.8,1497.0,113.42,5,14.375126917328105,hyderabad
Hyundai i20,Hyundai,i20,10,54708.0,1,Petrol,Manual,18.6,1197.0,81.83,5,13.339087971220277,hyderabad
Maruti Baleno,Maruti,Baleno,9,78031.0,1,Petrol,Manual,21.4,1197.0,83.1,5,13.358227280903897,hyderabad
BMW 5 Series,BMW,5 Series,4,32000.0,1,Diesel,Automatic,20.37,1949.5,180.02499999999998,5,15.747032114495013,hyderabad
Hyundai Grand i10,Hyundai,Grand i10,7,24337.0,2,Petrol,Manual,18.9,1197.0,81.86,5,13.151924121391561,hyderabad
Maruti Baleno,Maruti,Baleno,7,82243.0,1,Petrol,Manual,21.4,1197.0,83.1,5,13.428377879293798,hyderabad
Maruti Ignis,Maruti,Ignis,9,104701.0,2,Petrol,Automatic,20.89,1197.0,81.8,5,13.31957518872681,hyderabad
Toyota Urban cruiser,Toyota,Urban cruiser,5,54000.0,2,Petrol,Manual,17.03,1462.0,103.26,5,13.815511557963774,hyderabad
Maruti Swift,Maruti,Swift,5,118937.0,1,Petrol,Manual,22.38,1197.0,88.5,5,13.28787951079572,hyderabad
Maruti Swift,Maruti,Swift,9,105133.0,1,Diesel,Manual,25.2,1248.0,74.0,5,13.25339339419516,hyderabad
MG Hector,MG,Hector,3,10000.0,1,Petrol,Automatic,12.34,1451.0,141.0,5,14.790070575320824,hyderabad
Maruti Swift Dzire,Maruti,Swift Dzire,8,36290.0,1,Petrol,Automatic,21.21,1197.0,81.8,5,13.428377879293798,hyderabad
Hyundai i20,Hyundai,i20,8,29084.0,1,Petrol,Manual,18.6,1197.0,81.86,5,13.369225017834633,hyderabad
Maruti Celerio,Maruti,Celerio,6,66911.0,1,Petrol,Manual,21.63,998.0,67.05,5,13.07107218827772,hyderabad
Honda City,Honda,City,15,110000.0,1,Petrol,Automatic,16.8,1497.0,180.02499999999998,5,12.971542813248437,hyderabad
Maruti Grand Vitara,Maruti,Grand Vitara,4,7033.0,1,Petrol,Manual,21.11,1462.0,101.64,5,14.346139397261565,hyderabad
Volkswagen Taigun,Volkswagen,Taigun,5,40000.0,1,Petrol,Manual,17.88,1498.0,147.51,5,14.48334044336031,hyderabad
Mahindra XUV500,Mahindra,XUV500,12,80000.0,2,Diesel,Manual,15.1,1949.5,140.0,7,13.45883704259595,hyderabad
Hyundai Grand i10,Hyundai,Grand i10,8,22000.0,1,Petrol,Automatic,18.9,1197.0,81.86,5,13.42246945133505,hyderabad
Datsun GO,Datsun,GO,8,70200.0,1,Petrol,Manual,19.02,1198.0,67.05,5,12.971542813248437,hyderabad
Renault KWID,Renault,KWID,7,60004.0,1,Petrol,Manual,23.01,999.0,67.0,5,12.948012371209098,hyderabad
Maruti Wagon R,Maruti,Wagon R,6,60000.0,1,Petrol,Manual,20.52,1197.0,81.8,5,13.270785106659046,hyderabad
Hyundai i10,Hyundai,i10,13,57078.0,2,Petrol,Manual,19.81,1086.0,68.05,5,12.718899265966332,hyderabad
Maruti Ritz,Maruti,Ritz,12,63789.0,1,Petrol,Manual,18.5,1197.0,85.8,5,12.904207367601158,hyderabad
Chevrolet Beat,Chevrolet,Beat,10,120000.0,1,Diesel,Manual,25.44,936.0,56.3,5,12.388398368982115,hyderabad
Maruti Ciaz,Maruti,Ciaz,8,118207.0,2,Diesel,Automatic,28.09,1248.0,88.5,5,13.506265669993544,hyderabad
Honda City,Honda,City,9,53000.0,1,Petrol,Manual,17.4,1497.0,117.6,5,13.586098651497313,hyderabad
Maruti Baleno,Maruti,Baleno,10,105224.0,2,Petrol,Manual,21.4,1197.0,83.1,5,13.25339339419516,hyderabad
Hyundai Santro,Hyundai,Santro,5,20837.0,2,Petrol,Manual,20.3,1086.0,68.05,5,13.219491903015438,hyderabad
Hyundai i20,Hyundai,i20,16,100000.0,2,Petrol,Manual,18.5,1197.0,180.02499999999998,5,12.54254845357358,hyderabad
Datsun RediGO,Datsun,RediGO,5,24021.0,1,Petrol,Manual,20.71,799.0,53.64,5,13.045484492893253,hyderabad
Maruti Ciaz,Maruti,Ciaz,10,61000.0,1,Petrol,Manual,20.73,1373.0,91.1,5,13.345508528717259,hyderabad
Volvo S60,Volvo,S60,13,120000.0,2,Diesel,Automatic,10.25,1949.5,180.02499999999998,5,13.592368256649284,hyderabad
Ford Fiesta,Ford,Fiesta,18,64000.0,2,Petrol,Manual,15.3,1596.0,101.0,5,12.206077645517674,hyderabad
Maruti Alto,Maruti,Alto,15,120000.0,1,Petrol,Manual,19.7,796.0,46.3,5,12.04355959836804,hyderabad
Volkswagen Taigun,Volkswagen,Taigun,4,30000.0,1,Petrol,Manual,17.88,1498.0,147.51,5,14.48334044336031,hyderabad
Maruti Alto 800,Maruti,Alto 800,8,49000.0,1,Petrol,Manual,22.05,796.0,47.33,5,12.691583538230217,hyderabad
Mahindra Marazzo,Mahindra,Marazzo,8,115000.0,1,Diesel,Manual,17.3,1497.0,121.0,7,13.527829818844937,hyderabad
Maruti Alto 800,Maruti,Alto 800,10,50000.0,1,Petrol,Manual,24.7,796.0,47.3,5,12.524530013005734,hyderabad
Datsun RediGO,Datsun,RediGO,5,18569.0,1,Petrol,Manual,21.7,999.0,67.05,5,13.010316110729669,hyderabad
Hyundai Grand i10,Hyundai,Grand i10,8,98455.0,1,Diesel,Manual,24.0,1186.0,73.97,5,13.267330877756825,hyderabad
Skoda Rapid,Skoda,Rapid,11,85000.0,1,Diesel,Automatic,21.66,1498.0,103.52,5,13.304686600863562,hyderabad
Volkswagen Ameo,Volkswagen,Ameo,10,97921.0,1,Petrol,Manual,17.0,1198.0,73.75,5,13.169248871698304,hyderabad
Datsun RediGO,Datsun,RediGO,6,19205.0,2,Petrol,Manual,21.7,999.0,67.05,5,12.904207367601158,hyderabad
Maruti Swift,Maruti,Swift,7,122000.0,2,Diesel,Manual,28.25,1248.0,74.0,5,13.410546824147012,hyderabad
Maruti Ignis,Maruti,Ignis,8,97644.0,1,Petrol,Manual,20.89,1197.0,81.8,5,13.221305136851795,hyderabad
Hyundai i10,Hyundai,i10,16,82000.0,1,Petrol,Manual,20.36,1197.0,78.9,5,12.487488878546145,hyderabad
Maruti Swift,Maruti,Swift,13,70607.0,2,Diesel,Manual,22.9,1248.0,74.0,5,13.001327306361068,hyderabad
Hyundai Verna,Hyundai,Verna,10,71144.0,1,Petrol,Automatic,17.01,1591.0,121.3,5,13.488395803228677,hyderabad
Hyundai Verna,Hyundai,Verna,4,2373.0,1,Petrol,Automatic,18.45,1497.0,113.18,5,14.253766134056512,hyderabad
Hyundai i20,Hyundai,i20,5,56753.0,1,Petrol,Automatic,20.28,998.0,118.41,5,13.903522351037484,hyderabad
Maruti Vitara Brezza,Maruti,Vitara Brezza,8,72000.0,1,Diesel,Manual,24.3,1248.0,88.5,5,13.698977865303197,hyderabad
Maruti Baleno,Maruti,Baleno,8,64487.0,2,Petrol,Manual,21.4,1197.0,83.1,5,13.217675375388819,hyderabad
Maruti Baleno,Maruti,Baleno,9,95783.0,1,Petrol,Manual,21.4,1197.0,83.1,5,13.31957518872681,hyderabad
Tata Hexa,Tata,Hexa,7,60000.0,2,Diesel,Automatic,17.6,1949.5,153.86,7,14.187074804051692,hyderabad
Maruti XL6,Maruti,XL6,5,59108.0,1,Petrol,Manual,19.01,1462.0,103.2,6,13.910821646859095,hyderabad
Mercedes-Benz C-Class,Mercedes-Benz,C-Class,7,50000.0,2,Diesel,Automatic,12.6,1949.5,180.02499999999998,5,15.150511887854474,hyderabad
Nissan Kicks,Nissan,Kicks,6,31500.0,2,Petrol,Manual,14.23,1330.0,153.87,5,13.99699926803766,hyderabad
Mahindra XUV500,Mahindra,XUV500,11,128193.0,1,Diesel,Manual,15.1,1949.5,140.0,7,13.64709190633931,hyderabad
Hyundai Verna,Hyundai,Verna,8,87810.0,1,Diesel,Manual,22.0,1582.0,126.2,5,13.828427770397164,hyderabad
Hyundai Creta,Hyundai,Creta,9,64951.0,2,Petrol,Manual,13.0,1591.0,121.3,5,13.82347971967645,hyderabad
Hyundai Santro Xing,Hyundai,Santro Xing,14,50000.0,2,Petrol,Manual,17.92,1086.0,62.1,5,12.468440756144114,hyderabad
Hyundai Creta,Hyundai,Creta,9,97161.0,1,Diesel,Manual,19.67,1582.0,126.2,5,13.932405199115093,hyderabad
Volkswagen Ameo,Volkswagen,Ameo,9,67805.0,1,Petrol,Manual,17.0,1198.0,73.75,5,13.31957518872681,hyderabad
Audi Q3,Audi,Q3,12,152115.125,2,Diesel,Automatic,15.73,1949.5,174.33,5,14.187074804051692,hyderabad
Maruti Alto K10,Maruti,Alto K10,12,70435.0,2,Petrol,Manual,24.39,998.0,65.71,5,12.513561021741964,hyderabad
MG Hector,MG,Hector,6,49287.0,1,Diesel,Manual,17.41,1949.5,167.68,5,14.220976332738882,hyderabad
Hyundai Santro,Hyundai,Santro,8,84759.0,2,Petrol,Automatic,20.3,1086.0,68.0,5,13.165424782571753,hyderabad
Maruti Baleno,Maruti,Baleno,9,74538.0,2,Petrol,Manual,21.4,1197.0,83.1,5,13.342303402904738,hyderabad
Mahindra Scorpio,Mahindra,Scorpio,16,53000.0,1,Diesel,Manual,12.05,1949.5,120.0,8,13.279368835614243,hyderabad
Maruti Alto 800,Maruti,Alto 800,9,79024.0,2,Petrol,Manual,22.05,796.0,47.33,5,12.604852121186608,hyderabad
Maruti Celerio,Maruti,Celerio,10,80000.0,1,Diesel,Manual,27.62,793.0,47.0,5,12.899222326086994,hyderabad
Mercedes-Benz E-Class,Mercedes-Benz,E-Class,7,56000.0,1,Diesel,Automatic,16.1,1949.5,180.02499999999998,5,15.42094064980403,hyderabad
Hyundai Creta,Hyundai,Creta,8,62125.0,1,Diesel,Manual,19.67,1582.0,126.2,5,13.8924725250259,hyderabad
Toyota Etios Cross,Toyota,Etios Cross,12,95596.0,1,Diesel,Manual,23.59,1364.0,67.06,5,13.161586013632684,hyderabad
Hyundai Grand i10,Hyundai,Grand i10,7,18500.0,1,Petrol,Manual,18.9,1197.0,81.86,5,13.429849547739444,hyderabad
Maruti Swift,Maruti,Swift,10,144000.0,2,Diesel,Manual,28.25,1248.0,74.0,5,13.122365377402328,hyderabad
Honda City,Honda,City,5,55200.0,1,Petrol,Manual,18.6,1498.0,119.35,5,13.99699926803766,hyderabad
Hyundai i20,Hyundai,i20,10,152115.125,1,Diesel,Manual,22.54,1396.0,88.73,5,13.118357364036902,hyderabad
Hyundai i20,Hyundai,i20,10,71779.0,1,Petrol,Manual,18.6,1197.0,81.83,5,13.358227280903897,hyderabad
Honda City,Honda,City,11,101176.0,3,Petrol,Manual,17.4,1497.0,117.3,5,13.239258908233676,hyderabad
Maruti Celerio,Maruti,Celerio,10,75000.0,1,Diesel,Manual,27.62,793.0,47.0,5,13.07107218827772,hyderabad
Honda Jazz,Honda,Jazz,9,66676.0,1,Petrol,Manual,18.7,1199.0,88.7,5,13.30635187740947,hyderabad
Maruti Alto 800,Maruti,Alto 800,8,2236.0,1,Petrol,Manual,22.05,796.0,47.33,5,12.77138929548529,hyderabad
Mahindra Alturas G4,Mahindra,Alturas G4,7,62000.0,1,Diesel,Automatic,12.05,1949.5,178.49,7,14.6888942063636,hyderabad
Hyundai i10,Hyundai,i10,14,74754.0,2,Petrol,Manual,19.81,1086.0,68.05,5,12.611541086966115,hyderabad
Maruti Baleno,Maruti,Baleno,8,66244.0,1,Petrol,Manual,21.01,1197.0,81.8,5,13.487007879880162,hyderabad
Renault KWID,Renault,KWID,4,17341.0,1,Petrol,Manual,21.46,999.0,67.06,5,13.201176406255746,hyderabad
Hyundai Grand i10,Hyundai,Grand i10,8,44675.0,1,Petrol,Manual,18.9,1197.0,81.86,5,13.149978544437301,hyderabad
Maruti Baleno,Maruti,Baleno,4,30829.0,1,Petrol,Manual,22.35,1197.0,88.5,5,13.567050480716235,hyderabad
Tata Zest,Tata,Zest,11,100000.0,2,Petrol,Manual,17.6,1193.0,88.7,5,12.899222326086994,hyderabad
Maruti Ciaz,Maruti,Ciaz,7,53800.0,1,Diesel,Manual,26.82,1498.0,93.87,5,13.81049801614073,hyderabad
Hyundai Creta,Hyundai,Creta,9,122000.0,1,Diesel,Manual,22.1,1396.0,88.7,5,13.753636218075409,hyderabad
Mahindra XUV500,Mahindra,XUV500,9,107220.0,1,Diesel,Manual,16.0,1949.5,140.0,7,14.214287349062356,hyderabad
Honda City,Honda,City,11,129000.0,1,Diesel,Manual,26.0,1498.0,98.6,5,13.270785106659046,hyderabad
Mercedes-Benz GLS,Mercedes-Benz,GLS,9,60000.0,1,Diesel,Automatic,11.0,1949.5,180.02499999999998,7,15.716871686472597,hyderabad
Datsun RediGO,Datsun,RediGO,8,83829.0,1,Petrol,Manual,22.5,999.0,67.0,5,12.834683971615659,hyderabad
Audi Q5,Audi,Q5,9,70000.0,1,Diesel,Automatic,14.16,1949.5,174.3,5,14.914123179965662,hyderabad
Honda Brio,Honda,Brio,13,52996.0,2,Petrol,Manual,19.4,1198.0,86.8,5,12.657151449598695,hyderabad
Renault KWID,Renault,KWID,5,16105.0,2,Petrol,Automatic,22.0,999.0,67.0,5,13.228525371792253,hyderabad
Mercedes-Benz C-Class,Mercedes-Benz,C-Class,10,151901.0,1,Diesel,Manual,15.8,1949.5,170.0,5,14.862829903121964,hyderabad
Maruti Baleno,Maruti,Baleno,5,15680.0,1,Petrol,Manual,21.01,1197.0,81.8,5,13.575984798046763,hyderabad
Maruti Swift,Maruti,Swift,7,55065.0,1,Petrol,Automatic,22.56,1197.0,88.5,5,13.296318365198623,hyderabad
Toyota Etios Liva,Toyota,Etios Liva,10,120000.0,2,Diesel,Manual,23.59,1364.0,67.04,5,12.899222326086994,hyderabad
Tata Tiago,Tata,Tiago,5,15518.0,2,Petrol,Automatic,19.0,1199.0,84.82,5,13.555444949561487,hyderabad
Honda Amaze,Honda,Amaze,8,39907.0,1,Diesel,Automatic,21.0,1498.0,78.9,5,13.579789490265188,hyderabad
Hyundai i20,Hyundai,i20,9,45560.0,1,Petrol,Manual,18.6,1197.0,81.83,5,13.39239204133378,hyderabad
Hyundai i10,Hyundai,i10,14,42096.0,1,Petrol,Manual,20.36,1197.0,78.9,5,12.724869415131389,hyderabad
Mercedes-Benz CLA,Mercedes-Benz,CLA,11,70500.0,2,Diesel,Automatic,17.9,1949.5,134.1,5,14.389311544271775,hyderabad
Honda City,Honda,City,8,63886.0,1,Petrol,Manual,17.4,1497.0,117.6,5,13.631588921725701,hyderabad
Tata Hexa,Tata,Hexa,9,95600.0,1,Diesel,Manual,17.6,1949.5,153.86,7,13.840204146163925,hyderabad
Mercedes-Benz E-Class,Mercedes-Benz,E-Class,13,101000.0,1,Diesel,Automatic,13.0,1949.5,180.02499999999998,5,14.506155109559108,hyderabad
Mercedes-Benz E-Class,Mercedes-Benz,E-Class,11,61000.0,1,Diesel,Automatic,13.0,1949.5,180.02499999999998,5,14.790070575320824,hyderabad
BMW X1,BMW,X1,10,95000.0,1,Diesel,Automatic,17.05,1949.5,180.02499999999998,5,14.711598990684092,hyderabad
Audi Q3,Audi,Q3,9,97000.0,1,Diesel,Automatic,15.73,1949.5,174.33,5,14.751604309291395,hyderabad
Maruti Swift,Maruti,Swift,10,61000.0,1,Diesel,Manual,25.2,1248.0,74.0,5,13.296318365198623,hyderabad
Hyundai Grand i10,Hyundai,Grand i10,9,18000.0,1,Petrol,Automatic,18.9,1197.0,81.86,5,13.345508528717259,hyderabad
Hyundai Grand i10,Hyundai,Grand i10,10,63000.0,1,Petrol,Automatic,18.9,1197.0,82.0,5,13.303018546545275,hyderabad
Maruti Baleno,Maruti,Baleno,8,52617.0,2,Petrol,Manual,21.4,1197.0,83.1,5,13.329379172803593,hyderabad
Maruti Celerio,Maruti,Celerio,7,51865.0,1,Petrol,Manual,25.24,998.0,65.71,5,13.149978544437301,hyderabad
Audi Q3,Audi,Q3,9,93000.0,1,Diesel,Manual,17.32,1949.5,138.13,5,14.680508416503422,hyderabad
Maruti Swift,Maruti,Swift,11,110410.0,1,Petrol,Manual,22.38,1197.0,88.5,5,13.034626646500051,hyderabad
Maruti Ciaz,Maruti,Ciaz,9,55846.0,1,Petrol,Automatic,19.12,1373.0,91.1,5,13.45883704259595,hyderabad
Renault KWID,Renault,KWID,6,47000.0,1,Petrol,Manual,21.46,999.0,67.06,5,13.151924121391561,hyderabad
Ford Ecosport,Ford,Ecosport,8,39914.0,1,Petrol,Manual,17.0,1497.0,121.31,5,13.619496890582589,hyderabad
Hyundai Santro Xing,Hyundai,Santro Xing,16,73000.0,1,Petrol,Manual,17.92,1086.0,62.1,5,12.487488878546145,hyderabad
Hyundai i20,Hyundai,i20,10,88048.0,1,Petrol,Manual,18.6,1197.0,81.83,5,13.269059483669357,hyderabad
Hyundai i10,Hyundai,i10,13,92278.0,2,Petrol,Manual,20.36,1197.0,78.9,5,12.669809806411457,hyderabad
Honda City,Honda,City,10,92960.0,1,Petrol,Manual,17.8,1497.0,117.3,5,13.3739015584285,hyderabad
Tata Altroz,Tata,Altroz,6,63000.0,1,Petrol,Manual,19.33,1199.0,86.83,5,13.527829818844937,hyderabad
Renault Kiger,Renault,Kiger,5,20000.0,1,Petrol,Automatic,19.03,999.0,71.01,5,13.623139877437296,hyderabad
Jeep Compass,Jeep,Compass,4,7000.0,1,Petrol,Automatic,14.1,1368.0,160.77,5,14.79946031214395,hyderabad
Maruti S-Presso,Maruti,S-Presso,4,4600.0,1,Petrol,Automatic,25.3,998.0,65.71,5,13.321215875492413,hyderabad
Honda City,Honda,City,5,22800.0,1,Petrol,Manual,17.4,1497.0,117.6,5,13.901689171636098,hyderabad
Ford Fiesta,Ford,Fiesta,20,150000.0,1,Diesel,Manual,17.8,1399.0,68.0,5,11.51293546492023,hyderabad
Maruti Swift Dzire Tour,Maruti,Swift Dzire Tour,6,10000.0,1,Petrol,Manual,19.95,1197.0,81.8,5,13.345508528717259,hyderabad
Ford Figo,Ford,Figo,16,70000.0,2,Petrol,Manual,15.6,1196.0,70.0,5,12.128116509451258,hyderabad
Maruti Alto 800,Maruti,Alto 800,6,44790.0,1,Petrol,Manual,22.05,796.0,47.33,5,12.785493861878301,hyderabad
Maruti S-Presso,Maruti,S-Presso,4,14213.0,1,Petrol,Manual,21.7,998.0,65.71,5,13.212205909556012,hyderabad
Maruti Vitara Brezza,Maruti,Vitara Brezza,8,102000.0,2,Diesel,Manual,24.3,1248.0,88.5,5,13.592368256649284,hyderabad
Hyundai i10,Hyundai,i10,14,40724.0,3,Petrol,Manual,20.36,1197.0,78.9,5,12.647551406590285,hyderabad
Maruti Baleno,Maruti,Baleno,9,55724.0,2,Petrol,Manual,21.4,1197.0,83.1,5,13.25339339419516,hyderabad
Maruti Swift Dzire,Maruti,Swift Dzire,16,100000.0,1,Petrol,Manual,17.5,1298.0,85.8,5,12.611541086966115,hyderabad
Maruti Alto 800,Maruti,Alto 800,9,85396.0,1,Petrol,Manual,22.05,796.0,47.33,5,12.712893259942282,hyderabad
Maruti Baleno,Maruti,Baleno,10,50000.0,2,Petrol,Manual,21.4,1197.0,83.1,5,13.142166004700508,hyderabad
Maruti Alto 800,Maruti,Alto 800,10,27136.0,1,Petrol,Manual,24.7,796.0,47.3,5,12.691583538230217,hyderabad
Ford Freestyle,Ford,Freestyle,7,44591.0,1,Petrol,Manual,19.0,1194.0,94.68,5,13.375455557880317,hyderabad
Mercedes-Benz C-Class,Mercedes-Benz,C-Class,5,6000.0,1,Petrol,Automatic,11.9,1949.5,180.02499999999998,4,15.919644834185693,hyderabad
Maruti Ignis,Maruti,Ignis,8,20034.0,1,Petrol,Manual,20.89,1197.0,81.8,5,13.176853456625999,hyderabad
Hyundai Santro Xing,Hyundai,Santro Xing,14,50000.0,2,Petrol,Manual,17.92,1086.0,62.1,5,12.468440756144114,hyderabad
Maruti Baleno,Maruti,Baleno,9,46739.0,1,Petrol,Automatic,19.56,1197.0,81.8,5,13.51440681653079,hyderabad
Hyundai Verna,Hyundai,Verna,14,150000.0,2,Diesel,Manual,22.32,1582.0,126.32,5,12.92391243868049,hyderabad
Maruti Celerio X,Maruti,Celerio X,7,62000.0,1,Petrol,Automatic,21.63,998.0,67.0,5,13.303018546545275,hyderabad
Maruti XL6,Maruti,XL6,5,45000.0,1,Petrol,Manual,19.01,1462.0,103.2,6,13.933294482509151,hyderabad
Honda City,Honda,City,6,36000.0,1,Petrol,Automatic,18.3,1498.0,119.35,5,14.07710606547538,hyderabad
Honda City,Honda,City,7,40000.0,1,Petrol,Manual,17.14,1497.0,117.6,5,13.864301674514206,hyderabad
Datsun RediGO,Datsun,RediGO,6,15850.0,1,Petrol,Manual,22.5,999.0,67.0,5,12.938442943086665,hyderabad
Maruti Swift Dzire,Maruti,Swift Dzire,9,62535.0,1,Petrol,Automatic,21.21,1197.0,81.8,5,13.372345140303285,hyderabad
Maruti Vitara Brezza,Maruti,Vitara Brezza,8,94600.0,1,Diesel,Manual,24.3,1248.0,88.5,5,13.651815643149092,hyderabad
Maruti Swift Dzire,Maruti,Swift Dzire,13,80375.0,2,Petrol,Manual,22.41,1197.0,88.5,5,12.980802117227352,hyderabad
Honda Brio,Honda,Brio,14,97935.0,3,Petrol,Manual,19.4,1198.0,86.8,5,12.52815976788113,hyderabad
Hyundai i20,Hyundai,i20,7,38300.0,1,Petrol,Manual,18.6,1197.0,81.86,5,13.47302165746721,hyderabad
Maruti Baleno,Maruti,Baleno,9,81917.0,1,Petrol,Manual,21.4,1197.0,83.1,5,13.270785106659046,hyderabad
Maruti Baleno,Maruti,Baleno,10,69000.0,1,Petrol,Manual,21.4,1197.0,83.1,5,13.26212705890841,hyderabad
Hyundai Grand i10,Hyundai,Grand i10,10,43566.0,2,Petrol,Manual,18.9,1197.0,82.0,5,13.118357364036902,hyderabad
Hyundai i20,Hyundai,i20,11,94201.0,2,Petrol,Manual,18.6,1197.0,81.83,5,13.186278579318829,hyderabad
Maruti Baleno,Maruti,Baleno,9,50000.0,1,Petrol,Automatic,21.4,1197.0,83.1,5,13.457407451830088,hyderabad
Tata Tiago,Tata,Tiago,7,40689.0,1,Petrol,Manual,23.84,1199.0,84.0,5,13.161586013632684,hyderabad
Honda Amaze,Honda,Amaze,8,35849.0,1,Petrol,Manual,19.5,1199.0,88.76,5,13.487007879880162,hyderabad
MG Hector,MG,Hector,5,15833.0,1,Diesel,Manual,17.41,1949.5,167.68,5,14.403297778421795,hyderabad
Skoda Laura,Skoda,Laura,15,90000.0,2,Diesel,Manual,20.0,1949.5,108.5,5,12.847929163278053,hyderabad
Hyundai i20,Hyundai,i20,7,62000.0,1,Petrol,Manual,18.6,1197.0,81.86,5,13.52649559761195,hyderabad
Maruti Alto K10,Maruti,Alto K10,9,40000.0,3,Petrol,Manual,23.95,998.0,67.05,5,12.706850963741102,hyderabad
Tata New Safari,Tata,New Safari,5,20000.0,1,Diesel,Automatic,14.08,1949.5,167.67,6,14.60169306007217,hyderabad
Tata Tiago NRG,Tata,Tiago NRG,4,10000.0,1,Petrol,Manual,20.09,1199.0,84.48,5,13.45883704259595,hyderabad
Hyundai i20,Hyundai,i20,10,69552.0,1,Petrol,Manual,18.6,1197.0,81.83,5,13.377007146164305,hyderabad
Renault KWID,Renault,KWID,8,97610.0,1,Petrol,Automatic,24.04,999.0,67.0,5,12.876465396508989,hyderabad
Honda City,Honda,City,14,74914.0,2,Petrol,Automatic,16.8,1497.0,116.3,5,13.140205260167273,hyderabad
Tata Harrier,Tata,Harrier,4,41000.0,1,Diesel,Automatic,14.6,1949.5,167.67,5,14.637491049927531,hyderabad
Hyundai i20,Hyundai,i20,11,101887.0,2,Petrol,Manual,18.6,1197.0,81.83,5,13.153863982446317,hyderabad
Maruti Wagon R,Maruti,Wagon R,14,42217.0,2,Petrol,Manual,18.9,998.0,67.1,5,12.650761671914688,hyderabad
Jeep Compass,Jeep,Compass,7,63000.0,1,Petrol,Automatic,16.0,1368.0,160.0,5,14.496079462646344,hyderabad
Maruti Celerio,Maruti,Celerio,10,80315.0,2,Petrol,Automatic,26.68,998.0,65.71,5,12.980802117227352,hyderabad
Maruti Wagon R,Maruti,Wagon R,13,55000.0,1,Petrol,Manual,18.9,998.0,67.1,5,12.834683971615659,hyderabad
Datsun GO,Datsun,GO,7,64447.0,1,Petrol,Manual,19.83,1198.0,67.0,5,12.976183182038383,hyderabad
Hyundai Grand i10 Nios,Hyundai,Grand i10 Nios,7,76947.0,1,Petrol,Automatic,20.7,1197.0,81.86,5,13.441545570402797,hyderabad
Datsun RediGO,Datsun,RediGO,8,23110.0,1,Petrol,Manual,22.7,799.0,53.64,5,12.765691290604371,hyderabad
Hyundai Grand i10,Hyundai,Grand i10,8,40235.0,2,Petrol,Manual,18.9,1197.0,81.86,5,13.114333221834064,hyderabad
Maruti Swift,Maruti,Swift,9,48992.0,1,Petrol,Manual,22.0,1197.0,81.8,5,13.353476685668044,hyderabad
Hyundai Grand i10,Hyundai,Grand i10,7,21000.0,1,Petrol,Automatic,18.9,1197.0,81.86,5,13.437175577097312,hyderabad
Citroen C5 Aircross,Citroen,C5 Aircross,5,30465.0,1,Diesel,Automatic,18.6,1949.5,174.33,5,14.978661680269907,hyderabad
Maruti Celerio,Maruti,Celerio,4,50000.0,1,Cng,Manual,28.25,998.0,55.92,5,13.353476685668044,hyderabad
Honda Mobilio,Honda,Mobilio,11,90000.0,2,Petrol,Manual,17.3,1497.0,117.3,7,13.217675375388819,hyderabad
Honda Mobilio,Honda,Mobilio,12,136083.0,1,Diesel,Manual,24.2,1498.0,98.6,7,13.161586013632684,hyderabad
Honda City,Honda,City,19,90000.0,2,Petrol,Manual,17.7,1497.0,78.0,5,12.429220196836383,hyderabad
Maruti Vitara Brezza,Maruti,Vitara Brezza,7,100000.0,1,Diesel,Manual,24.3,1248.0,88.5,5,13.815511557963774,hyderabad
Maruti Ignis,Maruti,Ignis,8,39817.0,2,Petrol,Manual,20.89,1197.0,81.8,5,13.114333221834064,hyderabad
Maruti Ciaz,Maruti,Ciaz,9,54063.0,1,Diesel,Manual,28.09,1248.0,88.5,5,13.577254637874743,hyderabad
Hyundai i20 N Line,Hyundai,i20 N Line,5,37000.0,1,Petrol,Manual,20.0,998.0,118.41,5,13.81049801614073,hyderabad
Hyundai Grand i10,Hyundai,Grand i10,13,67372.0,1,Petrol,Manual,18.9,1197.0,82.0,5,12.938442943086665,hyderabad
Maruti Alto 800,Maruti,Alto 800,7,76685.0,1,Petrol,Manual,24.7,796.0,47.3,5,12.748399843328054,hyderabad
Maruti Swift,Maruti,Swift,12,115595.0,1,Diesel,Manual,22.9,1248.0,74.0,5,13.017005083966255,hyderabad
Volkswagen Polo,Volkswagen,Polo,7,89956.0,2,Petrol,Manual,17.74,999.0,75.1,5,13.167338655091122,hyderabad
Maruti Swift Dzire,Maruti,Swift Dzire,15,120000.0,2,Diesel,Manual,19.3,1248.0,73.9,5,12.73670383776449,hyderabad
Hyundai Grand i10,Hyundai,Grand i10,7,87189.0,1,Petrol,Manual,18.9,1197.0,81.86,5,13.161586013632684,hyderabad
Maruti Swift,Maruti,Swift,7,42662.0,1,Petrol,Manual,22.38,1197.0,88.5,5,13.350297037805756,hyderabad
Maruti Swift,Maruti,Swift,12,69000.0,1,Diesel,Manual,25.2,1248.0,74.0,5,13.171155446333852,hyderabad
Hyundai Santro,Hyundai,Santro,7,63002.0,1,Petrol,Automatic,20.3,1086.0,68.0,5,13.149978544437301,hyderabad
Volkswagen Passat,Volkswagen,Passat,8,120000.0,1,Diesel,Automatic,17.42,1949.5,175.0,5,14.346139397261565,hyderabad
Hyundai Verna,Hyundai,Verna,18,108000.0,1,Petrol,Manual,13.9,1599.0,103.2,5,12.577639650232573,hyderabad
Mahindra Marazzo,Mahindra,Marazzo,6,110000.0,2,Diesel,Manual,17.3,1497.0,120.96,7,13.76421831620775,hyderabad
Hyundai Verna,Hyundai,Verna,8,40022.0,2,Petrol,Manual,17.0,1591.0,121.3,5,13.710151153416941,hyderabad
Maruti Baleno,Maruti,Baleno,7,81000.0,1,Diesel,Manual,27.39,1248.0,74.0,5,13.527829818844937,hyderabad
Tata Manza,Tata,Manza,15,70000.0,1,Diesel,Manual,21.12,1248.0,88.8,5,12.611541086966115,hyderabad
Mahindra TUV 300,Mahindra,TUV 300,7,46000.0,1,Diesel,Manual,18.49,1493.0,100.0,7,13.795308871054397,hyderabad
Maruti Swift,Maruti,Swift,8,45911.0,1,Petrol,Automatic,22.56,1197.0,88.5,5,13.42246945133505,hyderabad
Honda City,Honda,City,10,87335.0,1,Petrol,Manual,17.8,1497.0,117.3,5,13.331003865890963,hyderabad
Maruti Gypsy,Maruti,Gypsy,22,15600.0,3,Petrol,Manual,11.96,1298.0,80.0,8,13.217675375388819,hyderabad
Ford Ecosport,Ford,Ecosport,8,41108.0,2,Petrol,Manual,17.0,1497.0,121.31,5,13.609716873485151,hyderabad
Maruti Baleno,Maruti,Baleno,7,35545.0,1,Petrol,Manual,21.4,1197.0,83.1,5,13.527829818844937,hyderabad
Hyundai Xcent,Hyundai,Xcent,9,120000.0,1,Diesel,Manual,24.4,1120.0,71.0,5,13.017005083966255,hyderabad
Hyundai Grand i10,Hyundai,Grand i10,10,54631.0,1,Petrol,Manual,18.9,1197.0,82.0,5,13.118357364036902,hyderabad
Maruti Ciaz,Maruti,Ciaz,11,107000.0,1,Diesel,Manual,26.21,1248.0,88.5,5,13.384729180332174,hyderabad
Hyundai Grand i10,Hyundai,Grand i10,7,38471.0,2,Petrol,Manual,18.9,1197.0,81.86,5,13.174957725054906,hyderabad
Maruti Wagon R,Maruti,Wagon R,11,72393.0,2,Petrol,Manual,20.51,998.0,67.04,5,12.703816069256568,hyderabad
Ford Figo,Ford,Figo,11,58000.0,1,Petrol,Manual,15.6,1196.0,70.02,5,12.765691290604371,hyderabad
Hyundai Santro,Hyundai,Santro,8,20266.0,1,Petrol,Manual,20.3,1086.0,68.0,5,13.201176406255746,hyderabad
Hyundai i20,Hyundai,i20,14,120000.0,3,Diesel,Manual,21.9,1396.0,88.76,5,12.73670383776449,hyderabad
Hyundai Santro Xing,Hyundai,Santro Xing,18,90000.0,2,Petrol,Manual,17.92,1086.0,62.1,5,12.128116509451258,hyderabad
Hyundai Creta,Hyundai,Creta,9,84910.0,1,Diesel,Manual,19.67,1582.0,126.2,5,13.933294482509151,hyderabad
Honda City,Honda,City,6,70000.0,1,Petrol,Manual,17.4,1497.0,117.6,5,13.815511557963774,hyderabad
Mahindra KUV 100 NXT,Mahindra,KUV 100 NXT,8,120000.0,2,Diesel,Manual,25.32,1198.0,77.0,5,13.017005083966255,hyderabad
Hyundai Xcent,Hyundai,Xcent,10,120000.0,2,Diesel,Manual,24.4,1120.0,71.0,5,13.005831808336863,hyderabad
Hyundai Creta,Hyundai,Creta,8,109000.0,1,Diesel,Manual,19.67,1582.0,126.2,5,13.993657580167481,hyderabad
Maruti Celerio,Maruti,Celerio,10,44000.0,1,Petrol,Manual,23.1,998.0,67.04,5,12.994532278619134,hyderabad
Maruti Celerio X,Maruti,Celerio X,7,44363.0,1,Petrol,Manual,21.63,998.0,67.05,5,13.12834743715147,hyderabad
Maruti Swift Dzire,Maruti,Swift Dzire,8,39461.0,1,Petrol,Automatic,21.21,1197.0,81.8,5,13.461690107508359,hyderabad
Mercedes-Benz E-Class,Mercedes-Benz,E-Class,14,120000.0,2,Diesel,Automatic,10.25,1949.5,170.0,5,13.976779556623864,hyderabad
Maruti Baleno,Maruti,Baleno,8,59126.0,1,Petrol,Manual,21.4,1197.0,83.1,5,13.444448325847754,hyderabad
Hyundai Grand i10,Hyundai,Grand i10,8,65331.0,1,Petrol,Manual,18.9,1197.0,81.86,5,13.161586013632684,hyderabad
Maruti Baleno,Maruti,Baleno,9,45000.0,1,Petrol,Manual,21.1,998.0,100.0,5,13.457407451830088,hyderabad
Maruti Swift,Maruti,Swift,13,41378.0,2,Petrol,Manual,22.38,1197.0,88.5,5,12.985399815906522,hyderabad
Tata Manza,Tata,Manza,13,120000.0,1,Diesel,Manual,21.02,1248.0,88.76,5,12.429220196836383,hyderabad
Honda City,Honda,City,12,124781.0,1,Petrol,Manual,17.4,1497.0,117.3,5,13.126355398673866,hyderabad
Maruti Swift,Maruti,Swift,10,63313.0,1,Petrol,Manual,22.38,1197.0,88.5,5,13.142166004700508,hyderabad
Maruti Baleno,Maruti,Baleno,10,62535.0,1,Diesel,Manual,27.39,1248.0,74.0,5,13.399996629152975,hyderabad
Maruti Baleno,Maruti,Baleno,9,89581.0,1,Petrol,Manual,21.4,1197.0,83.1,5,13.303018546545275,hyderabad
Ford Fiesta Classic,Ford,Fiesta Classic,15,120000.0,2,Diesel,Manual,19.68,1399.0,67.0,5,12.429220196836383,hyderabad
Jaguar XE,Jaguar,XE,9,78866.0,1,Diesel,Automatic,13.6,1949.5,177.0,5,15.039286283703994,hyderabad
Volkswagen Jetta,Volkswagen,Jetta,12,120000.0,2,Diesel,Automatic,16.96,1949.5,138.03,5,13.527829818844937,hyderabad
Mahindra XUV500,Mahindra,XUV500,8,58000.0,1,Diesel,Manual,15.1,1949.5,152.87,7,14.282384921160133,hyderabad
Maruti Wagon R,Maruti,Wagon R,14,90000.0,1,Petrol,Manual,21.79,998.0,67.05,5,12.644330802262578,hyderabad
Maruti Baleno,Maruti,Baleno,9,59000.0,1,Petrol,Manual,21.1,998.0,100.0,5,13.42246945133505,hyderabad
Jaguar XJ,Jaguar,XJ,13,66000.0,1,Diesel,Automatic,10.5,1949.5,180.02499999999998,4,15.068273812173887,hyderabad
Maruti S-Presso,Maruti,S-Presso,7,99003.0,1,Petrol,Manual,21.7,998.0,67.05,5,12.879019669789754,hyderabad
Maruti S-Presso,Maruti,S-Presso,7,76003.0,1,Petrol,Manual,21.7,998.0,67.05,5,12.901719200051183,hyderabad
Audi Q5,Audi,Q5,9,70000.0,1,Diesel,Automatic,14.16,1949.5,174.3,5,15.250595321348806,hyderabad
Maruti Baleno,Maruti,Baleno,9,101863.0,3,Petrol,Manual,21.4,1197.0,83.1,5,13.272507757002963,hyderabad
Volkswagen Vento,Volkswagen,Vento,8,107344.0,1,Diesel,Automatic,22.15,1498.0,108.6,5,13.720101473269022,hyderabad
Hyundai Grand i10,Hyundai,Grand i10,8,56129.0,1,Petrol,Manual,18.9,1197.0,81.86,5,13.204866440535003,hyderabad
Maruti Ertiga,Maruti,Ertiga,7,70599.0,1,Diesel,Manual,24.52,1248.0,88.5,7,13.910821646859095,hyderabad
Honda Amaze,Honda,Amaze,8,97208.0,1,Diesel,Automatic,23.8,1498.0,78.9,5,13.51845266959401,hyderabad
Skoda Rapid,Skoda,Rapid,6,53509.0,2,Petrol,Manual,18.97,999.0,108.62,5,13.8125070519525,hyderabad
Jeep Compass,Jeep,Compass,9,52000.0,1,Diesel,Manual,17.1,1949.5,170.0,5,14.284889617206765,hyderabad
Hyundai i20,Hyundai,i20,5,97621.0,1,Petrol,Manual,21.0,1197.0,81.8,5,13.606024566142413,hyderabad
Hyundai i10,Hyundai,i10,17,113000.0,1,Petrol,Manual,19.81,1086.0,68.05,5,12.429220196836383,hyderabad
Toyota Innova,Toyota,Innova,18,152000.0,1,Diesel,Manual,12.8,1949.5,102.0,8,13.384729180332174,hyderabad
Maruti SX4 S Cross,Maruti,SX4 S Cross,8,78000.0,1,Diesel,Manual,25.1,1248.0,88.5,5,13.790193775620484,hyderabad
Audi A4,Audi,A4,15,93000.0,1,Diesel,Automatic,16.55,1949.5,147.51,5,13.99699926803766,hyderabad
Mercedes-Benz S-Class,Mercedes-Benz,S-Class,25,48000.0,1,Petrol,Manual,13.0,1949.5,180.02499999999998,5,13.81451105863119,hyderabad
Chevrolet Enjoy,Chevrolet,Enjoy,13,55000.0,1,Diesel,Manual,18.2,1248.0,73.8,7,13.171155446333852,hyderabad
Maruti Swift Dzire,Maruti,Swift Dzire,14,131852.0,1,Diesel,Manual,19.3,1248.0,73.9,5,12.948012371209098,hyderabad
Maruti Swift,Maruti,Swift,5,20000.0,1,Petrol,Manual,21.21,1197.0,81.8,5,13.304686600863562,hyderabad
Renault Duster,Renault,Duster,7,44416.0,1,Diesel,Manual,19.6,1461.0,108.45,5,13.811503540582295,hyderabad
Honda Brio,Honda,Brio,14,69408.0,3,Petrol,Manual,19.4,1198.0,86.8,5,12.647551406590285,hyderabad
Volkswagen Taigun,Volkswagen,Taigun,4,10000.0,1,Petrol,Manual,20.08,999.0,113.98,5,14.346139397261565,hyderabad
Maruti Baleno,Maruti,Baleno,10,78911.0,2,Petrol,Manual,21.4,1197.0,83.1,5,13.256896018612155,hyderabad
Datsun GO,Datsun,GO,9,85298.0,1,Petrol,Manual,19.02,1198.0,67.05,5,12.634606283893019,hyderabad
Honda City,Honda,City,12,60529.0,1,Petrol,Manual,17.4,1497.0,117.3,5,13.025854679664231,hyderabad
Skoda Rapid,Skoda,Rapid,9,115276.0,2,Diesel,Manual,21.13,1498.0,108.6,5,13.560619598657233,hyderabad
Maruti Vitara Brezza,Maruti,Vitara Brezza,7,60000.0,1,Diesel,Automatic,24.3,1248.0,88.5,5,13.652992804936396,hyderabad
Renault Duster,Renault,Duster,6,30241.0,1,Petrol,Manual,16.42,1498.0,104.55,5,13.717898831632498,hyderabad
Hyundai Santro,Hyundai,Santro,7,24197.0,1,Petrol,Manual,20.3,1086.0,68.0,5,13.140205260167273,hyderabad
Hyundai i20 N Line,Hyundai,i20 N Line,5,44981.0,1,Petrol,Manual,20.0,998.0,118.41,5,13.753636218075409,hyderabad
Nissan Micra,Nissan,Micra,15,85497.0,2,Diesel,Manual,23.08,1461.0,63.1,5,12.33270970174018,hyderabad
Audi Q5,Audi,Q5,4,20000.0,1,Petrol,Automatic,13.47,1949.5,180.02499999999998,5,15.64006001130563,hyderabad
Maruti Baleno,Maruti,Baleno,7,30000.0,1,Petrol,Manual,21.4,1197.0,83.1,5,13.384729180332174,hyderabad
Maruti Swift,Maruti,Swift,9,80000.0,1,Diesel,Manual,28.25,1248.0,74.0,5,13.270785106659046,hyderabad
Honda Brio,Honda,Brio,9,41000.0,1,Petrol,Automatic,16.5,1198.0,86.8,5,13.296318365198623,hyderabad
Hyundai Creta,Hyundai,Creta,9,73000.0,1,Diesel,Automatic,17.01,1582.0,126.2,5,13.910821646859095,hyderabad
Maruti Swift Dzire,Maruti,Swift Dzire,4,40000.0,1,Petrol,Manual,22.41,1197.0,88.5,5,13.554147092530322,hyderabad
Maruti Swift,Maruti,Swift,8,27000.0,1,Petrol,Manual,22.0,1197.0,81.8,5,13.451668563394815,hyderabad
Tata Tiago,Tata,Tiago,8,57380.0,3,Petrol,Manual,23.84,1199.0,84.0,5,13.114333221834064,hyderabad
Hyundai Elantra,Hyundai,Elantra,8,81334.0,1,Diesel,Automatic,18.23,1582.0,126.2,5,14.047416407968154,hyderabad
Maruti Swift Dzire,Maruti,Swift Dzire,4,70000.0,1,Cng,Manual,28.25,1197.0,76.43,5,13.681980308196241,hyderabad
Tata Nexon,Tata,Nexon,5,32483.0,1,Diesel,Manual,23.22,1497.0,113.42,5,13.740787011768338,hyderabad
Maruti Vitara Brezza,Maruti,Vitara Brezza,10,71220.0,2,Diesel,Manual,24.3,1248.0,88.5,5,13.597354548161103,hyderabad
Kia Sonet,Kia,Sonet,5,17459.0,1,Petrol,Manual,18.2,998.0,118.36,5,13.910821646859095,hyderabad
Maruti Brezza,Maruti,Brezza,3,6517.0,1,Petrol,Manual,17.38,1462.0,101.65,5,14.058457520888082,hyderabad
Hyundai Creta,Hyundai,Creta,8,70427.0,1,Diesel,Manual,22.1,1396.0,88.7,5,13.76421831620775,hyderabad
Maruti Alto K10,Maruti,Alto K10,8,52306.0,1,Petrol,Automatic,23.95,998.0,67.1,5,12.899222326086994,hyderabad
Volkswagen Vento,Volkswagen,Vento,11,111670.0,1,Diesel,Automatic,21.21,1498.0,103.2,5,13.217675375388819,hyderabad
Maruti Wagon R,Maruti,Wagon R,7,40000.0,1,Petrol,Manual,21.79,998.0,67.05,5,13.07107218827772,hyderabad
Hyundai i20 Active,Hyundai,i20 Active,9,67000.0,1,Diesel,Manual,21.19,1396.0,88.73,5,13.487007879880162,hyderabad
BMW 5 Series,BMW,5 Series,8,77000.0,1,Diesel,Automatic,20.37,1949.5,180.02499999999998,5,15.214227685996272,hyderabad
BMW X5,BMW,X5,10,71000.0,1,Diesel,Automatic,15.97,1949.5,180.02499999999998,5,15.170056478834066,hyderabad
Honda City,Honda,City,14,88471.0,3,Petrol,Manual,16.8,1497.0,116.3,5,12.940843898859598,hyderabad
Hyundai Grand i10,Hyundai,Grand i10,8,88479.0,1,Diesel,Manual,24.0,1186.0,73.97,5,13.184400648021263,hyderabad
Maruti XL6,Maruti,XL6,6,39000.0,1,Petrol,Manual,19.01,1462.0,103.2,6,13.955273369904273,hyderabad
Volkswagen Vento,Volkswagen,Vento,8,50003.0,1,Diesel,Automatic,22.15,1498.0,108.6,5,13.75788250444911,hyderabad
Hyundai Grand i10,Hyundai,Grand i10,9,82163.0,1,Petrol,Manual,18.9,1197.0,81.86,5,13.124363376072994,hyderabad
Maruti Baleno,Maruti,Baleno,4,40000.0,1,Petrol,Manual,22.35,1197.0,88.5,5,13.652992804936396,hyderabad
Maruti Swift,Maruti,Swift,10,108560.0,1,Petrol,Manual,22.38,1197.0,88.5,5,13.064736383209516,hyderabad
Mahindra XUV500,Mahindra,XUV500,12,70000.0,1,Diesel,Manual,15.1,1949.5,140.0,7,13.664688831019712,hyderabad
Datsun RediGO,Datsun,RediGO,5,28292.0,1,Petrol,Manual,21.7,999.0,67.05,5,13.058360179622305,hyderabad
Maruti Alto 800,Maruti,Alto 800,9,117467.0,1,Petrol,Manual,24.7,796.0,47.3,5,12.574185427296195,hyderabad
Maruti Baleno,Maruti,Baleno,7,65000.0,1,Petrol,Manual,21.4,1197.0,83.1,5,13.444448325847754,hyderabad
Hyundai i10,Hyundai,i10,14,60541.0,1,Petrol,Manual,20.36,1197.0,78.9,5,12.679199517372098,hyderabad
Ford Ecosport,Ford,Ecosport,11,60000.0,1,Petrol,Manual,18.88,999.0,123.37,5,13.26212705890841,hyderabad
Honda City,Honda,City,7,76355.0,1,Petrol,Manual,17.4,1497.0,117.6,5,13.698977865303197,hyderabad
Maruti S-Presso,Maruti,S-Presso,5,60000.0,1,Petrol,Automatic,21.7,998.0,67.05,5,13.171155446333852,hyderabad
Nissan Terrano,Nissan,Terrano,7,50000.0,1,Diesel,Manual,19.87,1461.0,83.14,5,13.710151153416941,hyderabad
MG Hector,MG,Hector,7,96000.0,1,Diesel,Manual,17.41,1949.5,167.68,5,14.316286451937186,hyderabad
Mahindra XUV300,Mahindra,XUV300,6,63000.0,1,Diesel,Manual,20.0,1497.0,115.0,5,13.928840136128022,hyderabad
Hyundai Grand i10 Nios,Hyundai,Grand i10 Nios,6,40000.0,1,Petrol,Manual,20.7,1197.0,81.86,5,13.303018546545275,hyderabad
Hyundai Venue,Hyundai,Venue,5,30000.0,1,Petrol,Manual,18.0,998.0,118.35,5,13.835313185260453,hyderabad
Maruti Swift Dzire,Maruti,Swift Dzire,12,101543.0,1,Petrol,Manual,22.41,1197.0,88.5,5,13.001327306361068,hyderabad
Maruti Baleno,Maruti,Baleno,10,66424.0,1,Petrol,Manual,21.4,1197.0,83.1,5,13.375455557880317,hyderabad
Maruti SX4 S Cross,Maruti,SX4 S Cross,6,120000.0,1,Petrol,Manual,18.55,1462.0,103.25,5,13.527829818844937,hyderabad
Tata Tiago,Tata,Tiago,8,33433.0,1,Petrol,Manual,23.84,1199.0,84.0,5,13.159661088928443,hyderabad
Hyundai i20,Hyundai,i20,10,72169.0,1,Diesel,Manual,22.54,1396.0,88.73,5,13.451668563394815,hyderabad
Honda City,Honda,City,8,48175.0,1,Petrol,Automatic,18.0,1497.0,117.6,5,13.796328757914972,hyderabad
Maruti Celerio,Maruti,Celerio,12,73452.0,1,Petrol,Manual,23.1,998.0,67.04,5,12.959846800844963,hyderabad
MG Hector,MG,Hector,6,54807.0,1,Petrol,Automatic,13.96,1451.0,141.0,5,14.245343673138608,hyderabad
Maruti Alto 800,Maruti,Alto 800,9,47118.0,1,Petrol,Manual,22.05,796.0,47.33,5,12.685410698175234,hyderabad
Tata Nexon,Tata,Nexon,9,100000.0,1,Petrol,Manual,17.0,1198.0,108.5,5,13.45883704259595,hyderabad
Nissan Magnite,Nissan,Magnite,5,41192.0,1,Petrol,Manual,18.75,999.0,71.02,5,13.603555432133808,hyderabad
Tata Harrier,Tata,Harrier,7,70000.0,1,Diesel,Manual,17.0,1949.5,138.1,5,14.394929533419809,hyderabad
Ford Endeavour,Ford,Endeavour,10,105264.0,1,Diesel,Automatic,10.91,1949.5,180.02499999999998,7,14.790070575320824,hyderabad
Honda CR-V,Honda,CR-V,14,70000.0,1,Petrol,Automatic,11.1,1949.5,158.8,5,13.993657580167481,hyderabad
Land Rover Range Rover Evoque,Land,Rover Range Rover Evoque,9,50380.0,1,Diesel,Automatic,15.68,1949.5,177.0,5,15.38412668421143,hyderabad
Tata Manza,Tata,Manza,16,80000.0,2,Diesel,Manual,19.0,1248.0,90.0,5,12.409017571151187,hyderabad
Maruti Celerio,Maruti,Celerio,10,51000.0,1,Petrol,Manual,23.1,998.0,67.04,5,12.959846800844963,hyderabad
Renault KWID,Renault,KWID,9,31846.0,1,Petrol,Manual,23.01,999.0,67.0,5,12.861001210669146,hyderabad
Hyundai Grand i10,Hyundai,Grand i10,11,63000.0,1,Diesel,Manual,24.0,1120.0,70.0,5,13.208542908506082,hyderabad
Hyundai i20,Hyundai,i20,11,114676.0,2,Diesel,Manual,22.54,1396.0,88.73,5,13.28448392755959,hyderabad
Hyundai i20,Hyundai,i20,7,82662.0,1,Diesel,Manual,22.54,1396.0,88.76,5,13.523821802802145,hyderabad
Maruti Alto K10,Maruti,Alto K10,12,50000.0,2,Petrol,Manual,23.95,998.0,67.05,5,12.54254845357358,hyderabad
Renault Triber,Renault,Triber,7,66518.0,1,Petrol,Manual,20.0,999.0,71.01,7,13.358227280903897,hyderabad
Honda City,Honda,City,9,57927.0,1,Petrol,Manual,17.8,1497.0,117.3,5,13.609716873485151,hyderabad
Maruti Ciaz,Maruti,Ciaz,7,40000.0,1,Petrol,Manual,21.56,1462.0,103.25,5,13.710151153416941,hyderabad
Tata Tiago,Tata,Tiago,5,16115.0,1,Petrol,Manual,19.01,1199.0,84.82,5,13.312985389904174,hyderabad
Hyundai i10,Hyundai,i10,17,50829.0,2,Petrol,Manual,20.36,1197.0,78.9,5,12.506180941677357,hyderabad
Hyundai Grand i10 Nios,Hyundai,Grand i10 Nios,7,25467.0,1,Petrol,Manual,20.7,1197.0,81.86,5,13.340696979437066,hyderabad
Maruti Alto 800,Maruti,Alto 800,6,71071.0,1,Petrol,Manual,22.05,796.0,47.33,5,12.666660207428574,hyderabad
Hyundai Verna,Hyundai,Verna,10,55000.0,1,Petrol,Manual,17.01,1591.0,121.3,5,13.586098651497313,hyderabad
Hyundai i20,Hyundai,i20,9,55563.0,2,Petrol,Manual,18.6,1197.0,81.83,5,13.308014385419147,hyderabad
Hyundai Grand i10,Hyundai,Grand i10,11,54000.0,1,Petrol,Automatic,18.9,1197.0,82.0,5,13.26212705890841,hyderabad
Hyundai i20,Hyundai,i20,7,70000.0,2,Petrol,Manual,18.6,1197.0,81.86,5,13.42246945133505,hyderabad
Volvo S60,Volvo,S60,9,54000.0,1,Diesel,Automatic,27.03,1949.5,180.02499999999998,5,14.508157613482537,hyderabad
Ford Ecosport,Ford,Ecosport,10,41000.0,1,Petrol,Automatic,14.7,1496.0,120.69,5,13.527829818844937,hyderabad
Hyundai i20,Hyundai,i20,15,70000.0,2,Petrol,Manual,18.5,1197.0,180.02499999999998,5,12.765691290604371,hyderabad
Maruti Baleno,Maruti,Baleno,6,62500.0,1,Petrol,Manual,21.01,1197.0,81.8,5,13.52649559761195,hyderabad
Hyundai Santro,Hyundai,Santro,5,20000.0,1,Petrol,Manual,20.3,1086.0,68.05,5,13.217675375388819,hyderabad
Hyundai i20,Hyundai,i20,10,60350.0,1,Petrol,Manual,18.6,1197.0,81.83,5,13.303018546545275,hyderabad
Hyundai i20,Hyundai,i20,11,52266.0,1,Petrol,Manual,18.6,1197.0,81.83,5,13.25339339419516,hyderabad
Maruti Ciaz,Maruti,Ciaz,8,58431.0,1,Diesel,Manual,28.09,1248.0,88.5,5,13.704578997256993,hyderabad
Honda City,Honda,City,9,41372.0,1,Petrol,Automatic,18.0,1497.0,117.3,5,13.826451487121803,hyderabad
Maruti Alto 800,Maruti,Alto 800,12,46863.0,2,Petrol,Manual,22.05,796.0,47.33,5,12.495007682693725,hyderabad
Nissan Sunny,Nissan,Sunny,12,66500.0,1,Petrol,Automatic,17.97,1498.0,99.6,5,13.25339339419516,hyderabad
Hyundai i10,Hyundai,i10,12,49374.0,2,Petrol,Manual,19.81,1086.0,68.05,5,12.818554633046093,hyderabad
Skoda Rapid,Skoda,Rapid,14,120000.0,2,Diesel,Manual,20.5,1598.0,103.5,5,12.793862088206213,hyderabad
Tata Tiago,Tata,Tiago,5,62832.0,1,Petrol,Manual,19.01,1199.0,84.82,5,13.312985389904174,hyderabad
Hyundai i20,Hyundai,i20,10,61155.0,2,Petrol,Manual,18.6,1197.0,81.83,5,13.279368835614243,hyderabad
BMW 1 Series,BMW,1 Series,12,75000.0,1,Diesel,Automatic,20.58,1949.5,143.0,5,14.40274151293267,hyderabad
Maruti Swift,Maruti,Swift,5,12045.0,2,Petrol,Manual,22.38,1197.0,88.5,5,13.49116588426581,hyderabad
Maruti Ciaz,Maruti,Ciaz,6,60700.0,1,Petrol,Manual,20.65,1462.0,103.25,5,13.704578997256993,hyderabad
Mercedes-Benz C-Class,Mercedes-Benz,C-Class,13,85000.0,1,Diesel,Automatic,14.84,1949.5,167.62,5,14.115615891155079,hyderabad
Honda City,Honda,City,6,44276.0,1,Petrol,Automatic,16.4,1497.0,78.0,5,14.093143052138025,hyderabad
Audi A4,Audi,A4,11,99000.0,1,Diesel,Automatic,17.11,1949.5,174.33,5,14.508157613482537,hyderabad
Audi A6,Audi,A6,11,78000.0,1,Diesel,Automatic,17.68,1949.5,174.33,5,14.731401609977073,hyderabad
Jaguar XF,Jaguar,XF,13,70000.0,2,Diesel,Automatic,16.36,1949.5,180.02499999999998,5,14.346139397261565,hyderabad
Jaguar XF,Jaguar,XF,13,70000.0,1,Diesel,Automatic,16.36,1949.5,180.02499999999998,5,14.403297778421795,hyderabad
Jaguar XF,Jaguar,XF,13,70000.0,1,Diesel,Automatic,16.36,1949.5,180.02499999999998,5,14.375126917328105,hyderabad
Maruti Alto 800,Maruti,Alto 800,5,22264.0,1,Petrol,Manual,22.05,796.0,47.33,5,12.969214528909768,hyderabad
Maruti Ignis,Maruti,Ignis,8,103763.0,1,Petrol,Manual,20.89,1197.0,81.8,5,12.837347081942964,hyderabad
Volvo XC60,Volvo,XC60,14,109000.0,1,Diesel,Automatic,14.7,1949.5,163.0,5,13.830400155679214,hyderabad
Hyundai i10,Hyundai,i10,14,49043.0,2,Petrol,Manual,20.36,1197.0,78.9,5,12.650761671914688,hyderabad
Maruti Celerio,Maruti,Celerio,9,70666.0,2,Petrol,Automatic,23.1,998.0,67.04,5,13.106236027992704,hyderabad
Land Rover Range Rover Sport,Land,Rover Range Rover Sport,15,128000.0,1,Diesel,Automatic,14.7,1949.5,180.02499999999998,5,15.123843647884687,hyderabad
Maruti Swift Dzire,Maruti,Swift Dzire,8,65815.0,1,Diesel,Automatic,28.25,1248.0,74.02,5,13.592368256649284,hyderabad
Maruti Alto,Maruti,Alto,16,79000.0,1,Petrol,Manual,19.7,796.0,46.3,5,12.013706813470414,hyderabad
Maruti Baleno,Maruti,Baleno,6,48580.0,1,Petrol,Automatic,21.4,1197.0,83.1,5,13.630386277206295,hyderabad
Hyundai i20,Hyundai,i20,8,44646.0,1,Petrol,Manual,18.6,1197.0,81.83,5,13.445896549926763,hyderabad
Maruti Wagon R,Maruti,Wagon R,18,71963.0,1,Petrol,Manual,21.79,998.0,67.05,5,12.07254696717504,hyderabad
Hyundai Grand i10,Hyundai,Grand i10,9,26678.0,2,Petrol,Manual,18.9,1197.0,81.86,5,13.108266481420335,hyderabad
Honda City,Honda,City,11,152000.0,1,Diesel,Manual,26.0,1498.0,98.6,5,13.303018546545275,hyderabad
Ford Endeavour,Ford,Endeavour,10,101000.0,1,Diesel,Automatic,12.62,1949.5,158.0,7,14.6888942063636,hyderabad
Chevrolet Beat,Chevrolet,Beat,14,41000.0,1,Diesel,Manual,25.44,936.0,57.6,5,12.676079399771027,hyderabad
Toyota Fortuner,Toyota,Fortuner,8,109000.0,1,Diesel,Manual,14.24,1949.5,174.5,7,14.962913328262083,hyderabad
Skoda Rapid,Skoda,Rapid,9,83000.0,1,Diesel,Manual,21.13,1498.0,108.6,5,13.623139877437296,hyderabad
Maruti Ritz,Maruti,Ritz,14,80000.0,1,Diesel,Manual,23.2,1248.0,73.94,5,12.834683971615659,hyderabad
Maruti Swift,Maruti,Swift,15,94514.0,3,Diesel,Manual,22.9,1248.0,74.0,5,12.685410698175234,hyderabad
Maruti Swift Dzire,Maruti,Swift Dzire,11,67037.0,1,Petrol,Manual,22.41,1197.0,88.5,5,13.096021455450709,hyderabad
Mahindra Scorpio,Mahindra,Scorpio,22,120000.0,1,Diesel,Manual,10.5,1949.5,120.0,8,12.577639650232573,hyderabad
Toyota Glanza,Toyota,Glanza,7,35540.0,2,Petrol,Manual,22.35,1197.0,88.5,5,13.471612215950506,hyderabad
Renault Captur,Renault,Captur,7,47627.0,1,Diesel,Manual,20.37,1461.0,108.45,5,13.798365416422785,hyderabad
Toyota Corolla Altis,Toyota,Corolla Altis,17,98000.0,1,Petrol,Automatic,14.53,1794.0,138.1,5,13.017005083966255,hyderabad
Hyundai i20,Hyundai,i20,8,55943.0,1,Petrol,Manual,18.6,1197.0,81.83,5,13.418015107599418,hyderabad
Hyundai Creta,Hyundai,Creta,8,71000.0,1,Diesel,Automatic,17.01,1582.0,126.2,5,14.115615891155079,hyderabad
Maruti Celerio,Maruti,Celerio,8,117924.0,1,Petrol,Automatic,23.1,998.0,67.04,5,13.032440858057756,hyderabad
Maruti Wagon R,Maruti,Wagon R,13,92195.0,1,Petrol,Manual,18.9,998.0,67.1,5,12.647551406590285,hyderabad
Hyundai Sonata,Hyundai,Sonata,23,40000.0,3,Petrol,Automatic,11.0,1949.5,165.0,5,11.918397239722838,hyderabad
Maruti Swift,Maruti,Swift,8,49009.0,1,Petrol,Automatic,22.56,1197.0,88.5,5,13.342303402904738,hyderabad
Kia Sonet,Kia,Sonet,6,31650.0,1,Petrol,Automatic,18.3,998.0,118.36,5,13.901689171636098,hyderabad
Kia Carens,Kia,Carens,4,20000.0,1,Petrol,Manual,16.2,1353.0,138.05,7,14.285514812209815,hyderabad
Hyundai i10,Hyundai,i10,17,70000.0,1,Petrol,Manual,20.36,1197.0,78.9,5,12.206077645517674,hyderabad
Hyundai Verna,Hyundai,Verna,8,39000.0,1,Diesel,Automatic,18.0,1582.0,126.2,5,13.73755009757506,hyderabad
Mahindra XUV300,Mahindra,XUV300,4,10000.0,1,Petrol,Automatic,16.5,1197.0,108.62,5,13.955273369904273,hyderabad
Hyundai Creta,Hyundai,Creta,8,93615.0,1,Diesel,Automatic,17.01,1582.0,126.2,5,13.955273369904273,hyderabad
Toyota Innova Crysta,Toyota,Innova Crysta,4,6400.0,1,Petrol,Manual,10.25,1949.5,163.6,7,14.751604309291395,hyderabad
Maruti Ciaz,Maruti,Ciaz,4,16727.0,2,Petrol,Manual,20.65,1462.0,103.25,5,13.704578997256993,hyderabad
Hyundai Creta,Hyundai,Creta,7,63334.0,3,Petrol,Manual,15.8,1591.0,121.3,5,13.824471290415532,hyderabad
Nissan Magnite,Nissan,Magnite,5,14000.0,1,Petrol,Manual,20.0,999.0,98.63,5,13.864301674514206,hyderabad
Maruti Ignis,Maruti,Ignis,8,96540.0,1,Petrol,Manual,20.89,1197.0,81.8,5,12.996802422000108,hyderabad
Toyota Yaris,Toyota,Yaris,8,92585.0,1,Petrol,Automatic,17.8,1496.0,105.94,5,13.539758373899955,hyderabad
Ford Ecosport,Ford,Ecosport,12,53861.0,1,Petrol,Manual,15.8,1499.0,110.0,5,12.959846800844963,hyderabad
Maruti Wagon R,Maruti,Wagon R,14,65761.0,2,Petrol,Manual,18.9,998.0,67.1,5,12.631343648903034,hyderabad
Volkswagen Vento,Volkswagen,Vento,11,67000.0,2,Diesel,Manual,22.27,1498.0,108.6,5,13.304686600863562,hyderabad
Jeep Compass,Jeep,Compass,8,122100.0,2,Diesel,Manual,17.1,1949.5,170.0,5,14.141211419624977,hyderabad
Maruti Swift Dzire,Maruti,Swift Dzire,9,53873.0,1,Diesel,Automatic,28.25,1248.0,74.02,5,13.508986756405742,hyderabad
Maruti Vitara Brezza,Maruti,Vitara Brezza,7,60000.0,1,Diesel,Manual,24.3,1248.0,88.5,5,13.641158361294979,hyderabad
Maruti Swift,Maruti,Swift,13,89197.0,2,Diesel,Manual,22.9,1248.0,74.0,5,12.962196972666593,hyderabad
Datsun RediGO,Datsun,RediGO,6,30000.0,1,Petrol,Manual,22.7,799.0,53.64,5,12.628070334272698,hyderabad
Hyundai i20,Hyundai,i20,8,70000.0,1,Petrol,Manual,18.6,1197.0,81.83,5,13.351888125506433,hyderabad
Maruti Baleno,Maruti,Baleno,5,28700.0,1,Petrol,Automatic,19.56,1197.0,81.8,5,13.675099554994853,hyderabad
Volkswagen Virtus,Volkswagen,Virtus,4,20000.0,2,Petrol,Automatic,18.12,999.0,113.98,5,14.430696737594902,hyderabad
Hyundai i10,Hyundai,i10,14,91629.0,1,Petrol,Manual,20.36,1197.0,78.9,5,12.611541086966115,hyderabad
Ford Freestyle,Ford,Freestyle,5,30000.0,1,Diesel,Manual,23.8,1499.0,98.96,5,13.652992804936396,hyderabad
Maruti Baleno,Maruti,Baleno,4,7058.0,1,Petrol,Manual,21.01,1197.0,81.8,5,13.676248490630767,hyderabad
Maruti Swift Dzire,Maruti,Swift Dzire,9,86500.0,1,Diesel,Automatic,28.25,1248.0,74.02,5,13.560619598657233,hyderabad
Honda Amaze,Honda,Amaze,11,76438.0,2,Petrol,Manual,18.0,1198.0,86.7,5,12.938442943086665,hyderabad
Hyundai Creta,Hyundai,Creta,9,24489.0,2,Petrol,Manual,13.0,1591.0,121.3,5,13.840204146163925,hyderabad
Maruti Swift,Maruti,Swift,4,20000.0,1,Petrol,Automatic,22.56,1197.0,88.5,5,13.579789490265188,hyderabad
Hyundai Verna,Hyundai,Verna,9,110600.0,1,Diesel,Manual,23.9,1582.0,126.2,5,13.658857917508856,hyderabad
Maruti Baleno,Maruti,Baleno,7,63840.0,2,Petrol,Manual,21.4,1197.0,83.1,5,13.38318953651709,hyderabad
Hyundai i10,Hyundai,i10,17,74000.0,1,Petrol,Manual,20.36,1197.0,78.9,5,12.345834587905333,hyderabad
Tata Tiago,Tata,Tiago,5,21314.0,1,Petrol,Manual,19.01,1199.0,84.82,5,13.303018546545275,hyderabad
Hyundai Verna,Hyundai,Verna,9,40007.0,1,Diesel,Automatic,18.0,1582.0,126.2,5,13.710151153416941,hyderabad
Maruti Swift Dzire,Maruti,Swift Dzire,11,89997.0,2,Diesel,Manual,26.59,1248.0,74.0,5,13.340696979437066,hyderabad
Honda Brio,Honda,Brio,12,64736.0,1,Petrol,Manual,19.4,1198.0,86.8,5,12.799402253235032,hyderabad
Audi Q3,Audi,Q3,13,105000.0,1,Diesel,Automatic,15.73,1949.5,174.33,5,14.07402202531625,hyderabad
Maruti SX4 S Cross,Maruti,SX4 S Cross,6,40687.0,1,Petrol,Manual,18.55,1462.0,103.25,5,13.778847610936543,hyderabad
Ford Fiesta,Ford,Fiesta,14,33000.0,2,Petrol,Automatic,16.97,1499.0,107.5,5,12.886643575525625,hyderabad
Maruti Celerio,Maruti,Celerio,10,57000.0,1,Petrol,Automatic,23.1,998.0,67.04,5,13.038981768465277,hyderabad
Toyota Innova,Toyota,Innova,20,120000.0,2,Diesel,Manual,12.8,1949.5,102.0,8,12.899222326086994,hyderabad
Kia Seltos,Kia,Seltos,7,88000.0,1,Diesel,Manual,20.8,1493.0,113.43,5,14.096923772119156,hyderabad
Hyundai i10,Hyundai,i10,17,80000.0,3,Petrol,Manual,20.36,1197.0,78.9,5,12.278397958261774,hyderabad
Hyundai Venue,Hyundai,Venue,6,49500.0,1,Petrol,Manual,18.0,998.0,118.35,5,13.864301674514206,hyderabad
Renault KWID,Renault,KWID,6,15985.0,1,Petrol,Manual,21.46,999.0,67.06,5,13.049794835104816,hyderabad
Honda City,Honda,City,11,85871.0,2,Petrol,Manual,17.4,1497.0,117.3,5,13.260386417460465,hyderabad
Hyundai i10,Hyundai,i10,14,73665.0,1,Petrol,Manual,20.36,1197.0,78.9,5,12.59473402514672,hyderabad
Land Rover Range Rover,Land,Rover Range Rover,6,31614.0,1,Petrol,Automatic,13.33,1949.5,180.02499999999998,5,17.073607134447293,hyderabad
Tata Tigor,Tata,Tigor,5,70380.0,1,Petrol,Manual,19.28,1199.0,84.82,5,13.468787359304866,hyderabad
Hyundai i20,Hyundai,i20,10,73202.0,1,Petrol,Manual,18.6,1197.0,81.83,5,13.312985389904174,hyderabad
Honda Amaze,Honda,Amaze,10,80000.0,1,Petrol,Automatic,18.3,1199.0,88.76,5,13.244582780038517,hyderabad
Maruti Swift,Maruti,Swift,9,58006.0,1,Diesel,Manual,25.2,1248.0,74.0,5,13.317931805683793,hyderabad
Maruti Swift,Maruti,Swift,7,64000.0,1,Petrol,Automatic,21.21,1197.0,81.8,5,13.493928313146206,hyderabad
Honda Brio,Honda,Brio,12,50670.0,2,Petrol,Manual,19.4,1198.0,86.8,5,12.818554633046093,hyderabad
Hyundai Santro,Hyundai,Santro,6,41058.0,2,Petrol,Automatic,20.3,1086.0,68.05,5,13.138238695062618,hyderabad
Renault Duster,Renault,Duster,13,120000.0,1,Diesel,Manual,20.45,1461.0,83.8,5,12.793862088206213,hyderabad
Maruti Wagon R Stingray,Maruti,Wagon R Stingray,12,56367.0,2,Petrol,Manual,20.51,998.0,67.04,5,12.896719202134523,hyderabad
Hyundai Venue,Hyundai,Venue,7,41000.0,1,Petrol,Manual,18.27,998.0,118.35,5,13.732128949025222,hyderabad
Hyundai i20,Hyundai,i20,7,40000.0,1,Petrol,Manual,18.6,1197.0,81.86,5,13.51440681653079,hyderabad
Hyundai Grand i10,Hyundai,Grand i10,10,16000.0,1,Petrol,Automatic,18.9,1197.0,82.0,5,13.345508528717259,hyderabad
Maruti Celerio,Maruti,Celerio,10,69900.0,1,Petrol,Automatic,23.1,998.0,67.04,5,13.017005083966255,hyderabad
Honda City,Honda,City,10,120000.0,1,Petrol,Manual,17.8,1497.0,117.3,5,13.384729180332174,hyderabad
Tata Tiago,Tata,Tiago,10,95000.0,1,Petrol,Manual,23.84,1199.0,84.0,5,13.017005083966255,hyderabad
Audi A3,Audi,A3,8,35000.0,1,Diesel,Automatic,20.38,1949.5,143.0,5,14.70955608988898,hyderabad
Honda City,Honda,City,12,66000.0,1,Petrol,Automatic,18.0,1497.0,117.3,5,13.42246945133505,hyderabad
Maruti Ciaz,Maruti,Ciaz,10,67905.0,1,Diesel,Manual,28.09,1248.0,88.5,5,13.387801374649944,hyderabad
Hyundai Santro,Hyundai,Santro,7,19348.0,1,Petrol,Manual,20.3,1086.0,68.0,5,13.114333221834064,hyderabad
Honda Amaze,Honda,Amaze,9,35000.0,1,Petrol,Manual,17.8,1198.0,86.7,5,13.384729180332174,hyderabad
Hyundai Verna,Hyundai,Verna,9,30811.0,1,Petrol,Manual,17.01,1591.0,121.3,5,13.578522867254332,hyderabad
Maruti Celerio X,Maruti,Celerio X,7,73227.0,2,Petrol,Manual,21.63,998.0,67.05,5,13.034626646500051,hyderabad
Tata Manza,Tata,Manza,16,80000.0,2,Diesel,Manual,19.0,1248.0,90.0,5,12.206077645517674,hyderabad
Honda Brio,Honda,Brio,14,90184.0,1,Petrol,Manual,19.4,1198.0,86.8,5,12.647551406590285,hyderabad
Maruti SX4 S Cross,Maruti,SX4 S Cross,5,30000.0,1,Petrol,Manual,18.55,1462.0,103.25,5,13.815511557963774,hyderabad
Hyundai Verna,Hyundai,Verna,10,66039.0,1,Petrol,Manual,17.01,1591.0,121.3,5,13.326121846238388,hyderabad
Hyundai Xcent,Hyundai,Xcent,9,120000.0,2,Diesel,Manual,25.4,1186.0,73.97,5,12.873904582205107,hyderabad
Honda City,Honda,City,13,89205.0,2,Petrol,Manual,16.8,1497.0,116.3,5,13.155800087724673,hyderabad
Hyundai Venue,Hyundai,Venue,6,50000.0,1,Petrol,Manual,18.0,998.0,118.35,5,13.81451105863119,hyderabad
Maruti Baleno,Maruti,Baleno,8,80000.0,1,Petrol,Automatic,21.4,1197.0,83.1,5,13.51440681653079,hyderabad
MG Hector,MG,Hector,6,29000.0,1,Diesel,Manual,17.41,1949.5,167.68,5,14.316286451937186,hyderabad
BMW X1,BMW,X1,14,90000.0,1,Diesel,Automatic,17.05,1949.5,180.02499999999998,5,14.093143052138025,hyderabad
Tata Manza,Tata,Manza,15,120000.0,1,Diesel,Manual,21.12,1248.0,88.8,5,12.301387370778713,hyderabad
Fiat Avventura,Fiat,Avventura,11,100000.0,2,Diesel,Manual,20.5,1248.0,91.72,5,12.948012371209098,hyderabad
Maruti Baleno,Maruti,Baleno,9,56962.0,1,Petrol,Automatic,21.4,1197.0,83.1,5,13.217675375388819,hyderabad
Skoda Rapid,Skoda,Rapid,11,90000.0,1,Diesel,Automatic,21.66,1498.0,103.52,5,13.217675375388819,hyderabad
Volkswagen Polo,Volkswagen,Polo,8,101739.0,1,Petrol,Manual,17.74,999.0,75.1,5,13.126355398673866,hyderabad
Tata Tiago,Tata,Tiago,7,69049.0,1,Petrol,Manual,23.84,1199.0,83.83,5,13.221305136851795,hyderabad
Maruti Vitara Brezza,Maruti,Vitara Brezza,8,110000.0,1,Diesel,Manual,24.3,1248.0,88.5,5,13.629182184591333,hyderabad
Honda Amaze,Honda,Amaze,9,56242.0,1,Petrol,Manual,19.5,1199.0,88.76,5,13.269059483669357,hyderabad
Mahindra XUV500,Mahindra,XUV500,8,124281.0,1,Diesel,Manual,16.0,1949.5,140.0,7,14.010255457801716,hyderabad
Hyundai Venue,Hyundai,Venue,7,38000.0,1,Petrol,Manual,18.27,998.0,118.35,5,13.76421831620775,hyderabad
BMW 3 Series,BMW,3 Series,8,45000.0,1,Diesel,Automatic,22.69,1949.5,180.02499999999998,5,14.769097459938507,hyderabad
Maruti Swift Dzire,Maruti,Swift Dzire,13,122117.0,2,Petrol,Manual,22.41,1197.0,88.5,5,12.95039048795861,hyderabad
Ford Ecosport,Ford,Ecosport,7,108632.0,1,Diesel,Manual,23.0,1498.0,98.96,5,13.676248490630767,hyderabad
BMW 5 Series,BMW,5 Series,9,10700.0,1,Diesel,Automatic,18.12,1949.5,180.02499999999998,5,15.319588176962746,hyderabad
Ford Ecosport,Ford,Ecosport,9,116988.0,1,Diesel,Manual,22.77,1498.0,98.59,5,13.425428028998196,hyderabad
Honda City,Honda,City,12,60000.0,1,Petrol,Automatic,18.0,1497.0,117.3,5,13.493928313146206,hyderabad
Honda Amaze,Honda,Amaze,8,120000.0,1,Diesel,Manual,25.8,1498.0,98.6,5,13.384729180332174,hyderabad
Hyundai Creta,Hyundai,Creta,10,92000.0,1,Diesel,Manual,19.67,1582.0,126.2,5,13.795308871054397,hyderabad
Mahindra Marazzo,Mahindra,Marazzo,7,80000.0,1,Diesel,Manual,17.3,1497.0,121.0,7,13.910821646859095,hyderabad
Toyota Corolla Altis,Toyota,Corolla Altis,17,90000.0,2,Cng,Manual,14.53,1798.0,138.0,5,12.577639650232573,hyderabad
Skoda Fabia,Skoda,Fabia,12,110000.0,2,Diesel,Manual,20.86,1199.0,75.0,5,12.765691290604371,hyderabad
Nissan Micra,Nissan,Micra,15,70000.0,1,Petrol,Manual,18.06,1198.0,75.0,5,12.577639650232573,hyderabad
Tata Tiago,Tata,Tiago,8,72761.0,1,Diesel,Manual,27.28,1047.0,69.0,5,13.28787951079572,hyderabad
Hyundai i10,Hyundai,i10,13,72473.0,1,Petrol,Manual,20.36,1197.0,78.9,5,12.608202196848836,hyderabad
Maruti Brezza,Maruti,Brezza,4,18030.0,1,Petrol,Manual,19.89,1462.0,101.65,5,14.040253629363907,hyderabad
Honda Amaze,Honda,Amaze,8,63000.0,1,Diesel,Manual,27.4,1498.0,98.63,5,13.681980308196241,hyderabad
Honda Jazz,Honda,Jazz,10,40404.0,1,Petrol,Automatic,19.0,1199.0,88.7,5,13.217675375388819,hyderabad
Honda City,Honda,City,8,96407.0,1,Petrol,Automatic,18.0,1497.0,117.6,5,13.785051350479566,hyderabad
Hyundai Grand i10,Hyundai,Grand i10,9,20000.0,1,Petrol,Manual,18.9,1197.0,81.86,5,13.28787951079572,hyderabad
Honda City,Honda,City,9,53456.0,1,Petrol,Manual,17.8,1497.0,117.3,5,13.555444949561487,hyderabad
Maruti Alto 800,Maruti,Alto 800,10,91603.0,2,Petrol,Manual,22.05,796.0,47.33,5,12.456831363877356,hyderabad
Toyota Glanza,Toyota,Glanza,5,28246.0,1,Petrol,Manual,22.35,1197.0,88.5,5,13.550243384129509,hyderabad
Renault Scala,Renault,Scala,13,152115.125,3,Diesel,Manual,21.64,1461.0,84.8,5,12.468440756144114,hyderabad
Tata Tiago,Tata,Tiago,5,30224.0,1,Petrol,Manual,19.01,1199.0,84.82,5,13.272507757002963,hyderabad
Honda City,Honda,City,9,70000.0,1,Diesel,Manual,25.6,1498.0,97.9,5,13.840204146163925,hyderabad
Hyundai i20,Hyundai,i20,13,120000.0,3,Diesel,Manual,21.27,1396.0,88.76,5,12.899222326086994,hyderabad
Maruti Vitara Brezza,Maruti,Vitara Brezza,9,120000.0,2,Diesel,Manual,24.3,1248.0,88.5,5,13.527829818844937,hyderabad
Skoda Rapid,Skoda,Rapid,6,80000.0,2,Diesel,Manual,21.13,1498.0,108.6,5,13.815511557963774,hyderabad
Skoda Octavia,Skoda,Octavia,7,49000.0,1,Petrol,Automatic,15.1,1798.0,178.0,5,14.580978865220017,hyderabad
Hyundai i20,Hyundai,i20,7,70000.0,1,Petrol,Manual,18.6,1197.0,81.86,5,13.399996629152975,hyderabad
Ford Ecosport,Ford,Ecosport,12,85838.0,1,Diesel,Manual,22.7,1498.0,89.84,5,13.403022345492023,hyderabad
Nissan Micra Active,Nissan,Micra Active,10,68000.0,1,Petrol,Manual,19.69,1198.0,67.04,5,12.886643575525625,hyderabad
Maruti Celerio,Maruti,Celerio,8,38607.0,2,Petrol,Automatic,23.1,998.0,67.04,5,13.149978544437301,hyderabad
Hyundai i20,Hyundai,i20,7,48934.0,2,Petrol,Automatic,17.4,1197.0,81.86,5,13.556741124342862,hyderabad
Hyundai i20,Hyundai,i20,8,73000.0,1,Petrol,Manual,18.6,1197.0,81.86,5,13.429849547739444,hyderabad
Maruti Alto 800,Maruti,Alto 800,12,31933.0,2,Petrol,Manual,22.05,796.0,47.33,5,12.445093483000798,hyderabad
Maruti Wagon R,Maruti,Wagon R,13,54959.0,1,Petrol,Manual,18.9,998.0,67.1,5,12.647551406590285,hyderabad
Jaguar XF,Jaguar,XF,12,49000.0,1,Diesel,Automatic,14.74,1949.5,180.02499999999998,5,14.580978865220017,hyderabad
Honda City,Honda,City,9,59261.0,1,Petrol,Automatic,18.0,1497.0,117.3,5,13.830400155679214,hyderabad
Audi A3,Audi,A3,7,42000.0,1,Diesel,Automatic,20.38,1949.5,143.0,5,14.862829903121964,hyderabad
Maruti Swift,Maruti,Swift,12,73889.0,1,Petrol,Manual,22.38,1197.0,88.5,5,13.04115549117383,hyderabad
Renault KWID,Renault,KWID,7,44363.0,2,Petrol,Manual,22.3,799.0,53.26,5,12.826651821423713,hyderabad
Mercedes-Benz E-Class,Mercedes-Benz,E-Class,15,54000.0,1,Diesel,Automatic,14.21,1949.5,180.02499999999998,5,14.187074804051692,hyderabad
Hyundai Verna,Hyundai,Verna,9,50151.0,1,Petrol,Manual,17.01,1591.0,121.3,5,13.596109992928898,hyderabad
Hyundai Santro Xing,Hyundai,Santro Xing,16,120000.0,1,Lpg,Manual,13.45,1086.0,62.1,5,12.301387370778713,hyderabad
Volvo S60,Volvo,S60,14,92000.0,1,Diesel,Automatic,13.2,1949.5,180.02499999999998,5,13.955273369904273,hyderabad
Jaguar XF,Jaguar,XF,9,51000.0,1,Diesel,Automatic,19.33,1949.5,177.0,5,14.912455123421447,hyderabad
Mercedes-Benz GLE,Mercedes-Benz,GLE,8,70000.0,1,Petrol,Automatic,10.25,1949.5,180.02499999999998,5,15.754252361425857,hyderabad
Hyundai Venue,Hyundai,Venue,7,72253.0,1,Petrol,Manual,18.27,998.0,118.35,5,13.710151153416941,hyderabad
Mahindra XUV500,Mahindra,XUV500,11,51757.0,1,Diesel,Manual,16.0,1949.5,140.0,7,14.151983508870947,hyderabad
Chevrolet Beat,Chevrolet,Beat,14,46000.0,1,Petrol,Manual,18.6,1199.0,79.4,5,12.59473402514672,hyderabad
Tata Harrier,Tata,Harrier,4,24648.0,1,Diesel,Manual,16.35,1949.5,167.67,5,14.491002803285499,hyderabad
Maruti Wagon R,Maruti,Wagon R,13,61201.0,1,Petrol,Manual,20.51,998.0,67.04,5,12.631343648903034,hyderabad
Tata Harrier,Tata,Harrier,5,23000.0,1,Diesel,Manual,16.35,1949.5,167.67,5,14.51612975336292,hyderabad
Maruti Wagon R,Maruti,Wagon R,10,46563.0,2,Petrol,Manual,20.51,998.0,67.04,5,12.810391344620207,hyderabad
Hyundai i20,Hyundai,i20,10,41085.0,1,Petrol,Manual,18.6,1197.0,81.83,5,13.377007146164305,hyderabad
Ford Figo,Ford,Figo,16,90000.0,1,Diesel,Manual,20.0,1399.0,68.0,5,12.608202196848836,hyderabad
Hyundai i20,Hyundai,i20,13,50260.0,1,Petrol,Manual,18.5,1197.0,82.85,5,12.955129822091815,hyderabad
Ford Figo,Ford,Figo,16,55000.0,1,Petrol,Manual,15.6,1196.0,70.0,5,12.59473402514672,hyderabad
Maruti Celerio,Maruti,Celerio,12,107913.0,2,Petrol,Manual,25.24,998.0,65.71,5,12.700771936142122,hyderabad
Maruti Swift,Maruti,Swift,9,52858.0,1,Petrol,Manual,22.38,1197.0,88.5,5,13.244582780038517,hyderabad
BMW 3 Series,BMW,3 Series,12,50000.0,1,Diesel,Automatic,19.59,1949.5,180.02499999999998,5,14.626441218624949,hyderabad
Renault KWID,Renault,KWID,10,41832.0,2,Petrol,Manual,23.01,999.0,67.0,5,12.608202196848836,hyderabad
Datsun GO,Datsun,GO,12,61000.0,1,Petrol,Manual,20.63,1198.0,67.0,5,12.608202196848836,hyderabad
Skoda Laura,Skoda,Laura,14,136700.0,1,Diesel,Automatic,17.0,1949.5,140.0,5,13.102162710901053,hyderabad
Maruti Ritz,Maruti,Ritz,15,44000.0,1,Petrol,Manual,18.5,1197.0,85.8,5,12.73670383776449,hyderabad
Hyundai Sonata,Hyundai,Sonata,23,40000.0,3,Petrol,Automatic,11.0,1949.5,165.0,5,11.918397239722838,hyderabad
Renault Triber,Renault,Triber,5,45430.0,1,Petrol,Automatic,18.2,999.0,71.0,7,13.384729180332174,hyderabad
Volkswagen Taigun,Volkswagen,Taigun,4,10000.0,1,Petrol,Automatic,18.41,999.0,113.98,5,14.316286451937186,hyderabad
Nissan Magnite,Nissan,Magnite,5,50000.0,1,Petrol,Manual,18.75,999.0,71.02,5,13.527829818844937,hyderabad
Mahindra XUV500,Mahindra,XUV500,11,89178.0,1,Diesel,Manual,16.0,1949.5,140.0,7,13.45883704259595,hyderabad
Maruti Swift,Maruti,Swift,12,52507.0,1,Petrol,Manual,22.38,1197.0,88.5,5,13.051943059028227,hyderabad
Volkswagen Ameo,Volkswagen,Ameo,7,47495.0,1,Petrol,Manual,19.44,999.0,75.0,5,13.282781802386296,hyderabad
Datsun RediGO,Datsun,RediGO,9,50000.0,2,Petrol,Manual,22.7,799.0,53.64,5,12.301387370778713,hyderabad
Maruti Swift,Maruti,Swift,7,89899.0,1,Petrol,Automatic,22.56,1197.0,88.5,5,13.425428028998196,hyderabad
Renault KWID,Renault,KWID,9,39992.0,2,Petrol,Manual,23.01,999.0,67.0,5,12.718899265966332,hyderabad
Maruti Wagon R,Maruti,Wagon R,17,80000.0,2,Lpg,Manual,17.3,1061.0,57.5,5,11.918397239722838,hyderabad
Maruti Wagon R,Maruti,Wagon R,13,89791.0,1,Petrol,Manual,18.9,998.0,67.1,5,12.660331092405906,hyderabad
Maruti Wagon R,Maruti,Wagon R,20,83000.0,1,Petrol,Manual,18.9,998.0,67.0,5,11.652687407345388,hyderabad
Hyundai Grand i10,Hyundai,Grand i10,11,114071.0,2,Petrol,Manual,18.9,1197.0,82.0,5,12.871337193291367,hyderabad
Maruti Wagon R,Maruti,Wagon R,11,66445.0,2,Petrol,Manual,20.51,998.0,67.04,5,12.757082940769225,hyderabad
Volkswagen Taigun,Volkswagen,Taigun,5,30000.0,1,Petrol,Automatic,18.41,999.0,113.98,5,14.187074804051692,hyderabad
Honda WR-V,Honda,WR-V,8,96615.0,1,Diesel,Manual,25.5,1498.0,98.6,5,13.592368256649284,hyderabad
Kia Seltos,Kia,Seltos,6,60000.0,1,Diesel,Manual,20.8,1493.0,113.43,5,14.253766134056512,hyderabad
Maruti Swift Dzire,Maruti,Swift Dzire,10,120000.0,2,Diesel,Manual,23.4,1248.0,74.0,5,12.765691290604371,hyderabad
Hyundai Xcent,Hyundai,Xcent,10,90000.0,2,Diesel,Manual,24.4,1120.0,71.0,5,12.676079399771027,hyderabad
Jeep Compass,Jeep,Compass,5,24001.0,1,Diesel,Manual,16.3,1949.5,170.0,5,14.914123179965662,hyderabad
Maruti Swift,Maruti,Swift,15,76000.0,1,Petrol,Manual,18.6,1197.0,85.8,5,12.75130259456002,hyderabad
Hyundai Grand i10 Nios,Hyundai,Grand i10 Nios,4,30000.0,1,Petrol,Manual,20.7,1197.0,81.86,5,13.527829818844937,hyderabad
Jeep Compass,Jeep,Compass,5,37821.0,1,Diesel,Manual,16.3,1949.5,170.0,5,14.914123179965662,hyderabad
MG Hector,MG,Hector,7,42000.0,1,Petrol,Automatic,13.96,1451.0,141.0,5,14.34555040065407,hyderabad
Maruti Swift,Maruti,Swift,10,64685.0,2,Petrol,Manual,22.38,1197.0,88.5,5,13.10011776845701,hyderabad
Maruti Wagon R,Maruti,Wagon R,11,71003.0,2,Petrol,Manual,20.51,998.0,67.04,5,12.709876675502672,hyderabad
Maruti XL6,Maruti,XL6,5,10000.0,1,Petrol,Manual,19.01,1462.0,103.2,6,13.997832948091215,hyderabad
Hyundai i20,Hyundai,i20,13,122617.0,1,Diesel,Manual,21.9,1396.0,88.76,5,12.901719200051183,hyderabad
Hyundai i10,Hyundai,i10,11,93593.0,1,Petrol,Manual,19.81,1086.0,68.05,5,12.757082940769225,hyderabad
Hyundai i20,Hyundai,i20,14,76000.0,2,Petrol,Manual,17.0,1197.0,180.02499999999998,5,12.92391243868049,hyderabad
Hyundai i20,Hyundai,i20,6,51216.0,1,Petrol,Manual,18.6,1197.0,81.86,5,13.546324377048325,hyderabad
Tata Altroz,Tata,Altroz,5,61626.0,1,Diesel,Manual,23.64,1497.0,88.77,5,13.630386277206295,hyderabad
Maruti Baleno,Maruti,Baleno,10,47741.0,2,Petrol,Manual,21.4,1197.0,83.1,5,13.190023895035274,hyderabad
Hyundai Grand i10,Hyundai,Grand i10,12,63000.0,1,Petrol,Manual,18.9,1197.0,82.0,5,13.049794835104816,hyderabad
Renault KWID,Renault,KWID,6,60894.0,1,Petrol,Manual,21.74,999.0,67.0,5,12.936036208848487,hyderabad
Honda City,Honda,City,18,70000.0,2,Petrol,Manual,16.9,1497.0,100.0,5,12.345834587905333,hyderabad
Hyundai i10,Hyundai,i10,14,51000.0,1,Petrol,Manual,19.81,1086.0,68.05,5,12.676079399771027,hyderabad
Tata Tiago,Tata,Tiago,10,110000.0,1,Petrol,Manual,23.84,1199.0,84.0,5,12.899222326086994,hyderabad
BMW X1,BMW,X1,15,95000.0,1,Diesel,Automatic,17.05,1949.5,180.02499999999998,5,13.910821646859095,hyderabad
Maruti Ciaz,Maruti,Ciaz,8,66000.0,1,Diesel,Manual,26.82,1498.0,93.87,5,13.652992804936396,hyderabad
Mahindra Scorpio,Mahindra,Scorpio,15,80642.0,1,Diesel,Manual,12.05,1949.5,120.0,7,12.873904582205107,hyderabad
Hyundai Creta,Hyundai,Creta,8,70000.0,1,Diesel,Automatic,17.01,1582.0,126.2,5,14.018452218287162,hyderabad
Maruti Baleno,Maruti,Baleno,6,15700.0,1,Petrol,Manual,21.01,1197.0,81.8,5,13.52649559761195,hyderabad
Hyundai Creta,Hyundai,Creta,8,81764.0,1,Petrol,Manual,13.0,1591.0,121.3,5,13.816511057297857,hyderabad
Hyundai Verna,Hyundai,Verna,8,95933.0,1,Petrol,Manual,19.1,1368.0,98.6,5,13.568331709230735,hyderabad
Jeep Compass,Jeep,Compass,7,23000.0,1,Petrol,Manual,16.0,1368.0,160.0,5,14.316286451937186,hyderabad
Honda Jazz,Honda,Jazz,11,85589.0,2,Petrol,Manual,18.7,1199.0,88.7,5,12.962196972666593,hyderabad
Hyundai i20,Hyundai,i20,9,72793.0,2,Petrol,Manual,18.6,1197.0,81.83,5,13.331003865890963,hyderabad
Hyundai Verna,Hyundai,Verna,13,92000.0,1,Diesel,Automatic,22.32,1582.0,126.32,5,13.102162710901053,hyderabad
Maruti Swift,Maruti,Swift,12,95255.0,2,Petrol,Manual,22.38,1197.0,88.5,5,12.966880811009803,hyderabad
Toyota Innova Crysta,Toyota,Innova Crysta,7,59000.0,1,Diesel,Manual,13.68,1949.5,147.51,8,14.637491049927531,hyderabad
Maruti Baleno,Maruti,Baleno,8,89242.0,1,Petrol,Automatic,21.4,1197.0,83.1,5,13.415034483903348,hyderabad
Honda Brio,Honda,Brio,14,40503.0,1,Petrol,Manual,19.4,1198.0,86.8,5,12.727841176689147,hyderabad
Hyundai Verna,Hyundai,Verna,4,20000.0,1,Diesel,Manual,25.0,1493.0,113.45,5,14.115615891155079,hyderabad
Honda Amaze,Honda,Amaze,8,96863.0,1,Petrol,Manual,19.5,1199.0,88.76,5,13.322853874813605,hyderabad
Honda WR-V,Honda,WR-V,5,30300.0,1,Petrol,Manual,16.5,1199.0,88.5,5,13.790193775620484,hyderabad
Honda City,Honda,City,9,40000.0,2,Petrol,Manual,17.8,1497.0,117.3,5,13.623139877437296,hyderabad
Honda Amaze,Honda,Amaze,12,120000.0,1,Diesel,Manual,25.8,1498.0,98.6,5,12.899222326086994,hyderabad
Mahindra XUV500,Mahindra,XUV500,13,27892.0,1,Diesel,Manual,15.1,1949.5,140.0,7,13.710151153416941,hyderabad
Maruti Swift,Maruti,Swift,6,90000.0,1,Petrol,Manual,21.21,1197.0,81.8,5,13.384729180332174,hyderabad
Maruti Wagon R,Maruti,Wagon R,17,100000.0,1,Lpg,Manual,17.3,1061.0,57.5,5,12.323860125621126,hyderabad
Hyundai Grand i10,Hyundai,Grand i10,12,73000.0,2,Petrol,Manual,18.9,1197.0,82.0,5,12.899222326086994,hyderabad
Honda City Hybrid,Honda,City Hybrid,4,30000.0,1,Petrol,Automatic,26.5,1498.0,96.55,5,14.626441218624949,hyderabad
Maruti Swift Dzire,Maruti,Swift Dzire,8,32152.0,1,Petrol,Automatic,21.21,1197.0,81.8,5,13.468787359304866,hyderabad
Maruti Swift,Maruti,Swift,11,58241.0,1,Diesel,Manual,25.2,1248.0,74.0,5,13.263864675787632,hyderabad
Maruti Ertiga,Maruti,Ertiga,12,120000.0,2,Diesel,Manual,20.77,1248.0,88.76,7,13.235693848424024,hyderabad
Honda City,Honda,City,13,94141.0,2,Petrol,Manual,16.8,1497.0,116.3,5,13.030248088496522,hyderabad
Maruti Swift Dzire,Maruti,Swift Dzire,9,59411.0,1,Petrol,Automatic,21.21,1197.0,81.8,5,13.437175577097312,hyderabad
Volkswagen Jetta,Volkswagen,Jetta,10,17105.0,1,Petrol,Manual,14.69,1390.0,120.3,5,14.001990954782066,hyderabad
Maruti Ciaz,Maruti,Ciaz,8,37100.0,2,Diesel,Manual,28.09,1248.0,88.5,5,13.790193775620484,hyderabad
Hyundai i10,Hyundai,i10,14,103211.0,2,Petrol,Manual,20.36,1197.0,78.9,5,12.574185427296195,hyderabad
Maruti Wagon R,Maruti,Wagon R,14,113543.0,2,Petrol,Manual,18.9,998.0,67.1,5,12.577639650232573,hyderabad
Mahindra Scorpio,Mahindra,Scorpio,16,120000.0,2,Diesel,Manual,12.05,1949.5,120.0,7,12.959846800844963,hyderabad
Maruti Swift Dzire,Maruti,Swift Dzire,14,99334.0,1,Diesel,Manual,19.3,1248.0,73.9,5,12.91657092142417,hyderabad
Ford Fiesta,Ford,Fiesta,12,152115.125,1,Diesel,Manual,25.01,1498.0,89.75,5,12.611541086966115,hyderabad
Hyundai Creta,Hyundai,Creta,9,68000.0,2,Diesel,Automatic,17.01,1582.0,126.2,5,13.993657580167481,hyderabad
Honda Amaze,Honda,Amaze,12,100000.0,2,Petrol,Manual,18.0,1198.0,86.7,5,12.873904582205107,hyderabad
Maruti Swift Dzire Tour,Maruti,Swift Dzire Tour,7,110000.0,2,Diesel,Manual,19.95,1248.0,74.02,5,13.384729180332174,hyderabad
Fiat Linea,Fiat,Linea,16,110000.0,2,Petrol,Manual,16.0,1368.0,89.0,5,12.429220196836383,hyderabad
Hyundai Verna,Hyundai,Verna,15,76000.0,1,Petrol,Manual,17.43,1396.0,105.5,5,13.07107218827772,hyderabad
Nissan Sunny,Nissan,Sunny,6,60000.0,2,Diesel,Manual,22.71,1461.0,84.8,5,13.45883704259595,hyderabad
Maruti Baleno,Maruti,Baleno,9,71974.0,1,Petrol,Manual,21.4,1197.0,83.1,5,13.233906541044401,hyderabad
Maruti Vitara Brezza,Maruti,Vitara Brezza,10,105562.0,1,Diesel,Manual,24.3,1248.0,88.5,5,13.578522867254332,hyderabad
Mahindra XUV500,Mahindra,XUV500,11,110000.0,2,Diesel,Manual,16.0,1949.5,140.0,7,13.76421831620775,hyderabad
Maruti Brezza,Maruti,Brezza,3,1330.0,1,Petrol,Manual,19.89,1462.0,101.65,5,14.075565234308307,hyderabad
Honda Amaze,Honda,Amaze,5,30973.0,2,Petrol,Manual,18.6,1199.0,88.5,5,13.527829818844937,hyderabad
Hyundai i10,Hyundai,i10,15,100000.0,2,Petrol,Automatic,16.95,1197.0,78.9,5,12.706850963741102,hyderabad
Hyundai i20,Hyundai,i20,8,9351.0,1,Petrol,Manual,18.6,1197.0,81.83,5,13.445896549926763,hyderabad
Nissan Terrano,Nissan,Terrano,9,46000.0,1,Petrol,Manual,13.24,1598.0,102.5,5,13.560619598657233,hyderabad
Maruti Alto 800,Maruti,Alto 800,13,56133.0,2,Petrol,Manual,22.05,796.0,47.33,5,12.273735966890268,hyderabad
Maruti Alto K10,Maruti,Alto K10,13,92370.0,1,Petrol,Manual,24.39,998.0,65.71,5,12.354492650648448,hyderabad
Maruti Alto K10,Maruti,Alto K10,12,38313.0,1,Petrol,Manual,24.39,998.0,65.71,5,12.546113507028412,hyderabad
Tata Zest,Tata,Zest,7,110000.0,1,Diesel,Manual,22.95,1248.0,74.0,5,13.304686600863562,hyderabad
Maruti Ciaz,Maruti,Ciaz,5,10000.0,1,Petrol,Manual,20.65,1462.0,103.25,5,13.76421831620775,hyderabad
Hyundai Verna,Hyundai,Verna,11,80000.0,2,Petrol,Manual,17.01,1591.0,121.3,5,13.304686600863562,hyderabad
Nissan Terrano,Nissan,Terrano,12,120000.0,3,Diesel,Manual,19.01,1461.0,108.5,5,13.122365377402328,hyderabad
Volkswagen Vento,Volkswagen,Vento,11,90000.0,2,Diesel,Manual,20.34,1498.0,103.2,5,13.22672519452875,hyderabad
Volkswagen Vento,Volkswagen,Vento,14,87000.0,2,Diesel,Manual,20.54,1598.0,103.5,5,13.014780393893403,hyderabad
Maruti Baleno,Maruti,Baleno,8,70000.0,2,Petrol,Manual,21.4,1197.0,83.1,5,13.369225017834633,hyderabad
Maruti Alto K10,Maruti,Alto K10,12,53179.0,2,Petrol,Manual,24.39,998.0,65.71,5,12.479913113434042,hyderabad
Tata Nexon,Tata,Nexon,6,48902.0,1,Petrol,Manual,17.0,1198.0,108.5,5,13.752571823152559,hyderabad
Hyundai Verna,Hyundai,Verna,14,90000.0,3,Diesel,Automatic,22.32,1582.0,126.3,5,13.02805489573287,hyderabad
Hyundai i20,Hyundai,i20,7,45025.0,1,Petrol,Automatic,17.4,1197.0,81.86,5,13.563196916350243,hyderabad
Maruti Baleno,Maruti,Baleno,9,22356.0,1,Petrol,Automatic,21.4,1197.0,83.1,5,13.460264592549233,hyderabad
Hyundai Verna,Hyundai,Verna,12,96000.0,1,Diesel,Automatic,22.32,1582.0,126.32,5,13.345508528717259,hyderabad
Maruti Celerio,Maruti,Celerio,7,35564.0,2,Petrol,Manual,25.24,998.0,65.71,5,13.077368103521614,hyderabad
Fiat Punto,Fiat,Punto,10,72632.0,1,Diesel,Manual,20.3,1248.0,75.0,5,13.049794835104816,hyderabad
Toyota Etios,Toyota,Etios,11,57349.0,1,Petrol,Manual,16.78,1496.0,88.73,5,13.064736383209516,hyderabad
Honda Amaze,Honda,Amaze,8,31915.0,1,Diesel,Manual,25.8,1498.0,98.6,5,13.311331132544721,hyderabad
Volvo S60,Volvo,S60,14,80000.0,1,Diesel,Automatic,13.2,1949.5,180.02499999999998,5,13.864301674514206,hyderabad
Maruti Wagon R,Maruti,Wagon R,16,44094.0,1,Petrol,Manual,18.9,998.0,67.1,5,12.51723073716405,hyderabad
Toyota Innova,Toyota,Innova,18,152115.125,1,Diesel,Manual,12.8,1949.5,102.0,8,13.120363378739663,hyderabad
Hyundai Verna,Hyundai,Verna,18,75000.0,1,Diesel,Manual,16.8,1493.0,110.0,5,12.608202196848836,hyderabad
Skoda Laura,Skoda,Laura,17,92000.0,1,Diesel,Automatic,17.0,1896.0,105.0,5,12.959846800844963,hyderabad
Maruti S-Presso,Maruti,S-Presso,6,48000.0,1,Petrol,Automatic,21.7,998.0,67.05,5,13.120363378739663,hyderabad
Volkswagen Taigun,Volkswagen,Taigun,4,10000.0,1,Petrol,Automatic,18.41,999.0,113.98,5,14.316286451937186,hyderabad
Honda Amaze,Honda,Amaze,8,33600.0,1,Diesel,Manual,27.4,1498.0,98.63,5,13.527829818844937,hyderabad
Toyota Yaris,Toyota,Yaris,8,68950.0,2,Petrol,Automatic,17.8,1496.0,105.94,5,13.49254805258237,hyderabad
Maruti Wagon R,Maruti,Wagon R,14,47763.0,1,Petrol,Manual,18.9,998.0,67.1,5,12.611541086966115,hyderabad
Renault Triber,Renault,Triber,4,8368.0,1,Petrol,Manual,20.0,999.0,71.01,7,13.592368256649284,hyderabad
Tata Nexon,Tata,Nexon,8,51897.0,1,Diesel,Manual,23.22,1497.0,113.42,5,13.60479076121576,hyderabad
Honda Amaze,Honda,Amaze,12,40274.0,2,Petrol,Manual,18.0,1198.0,86.7,5,13.036807667689546,hyderabad
BMW 3 Series,BMW,3 Series,14,90000.0,1,Diesel,Automatic,18.88,1949.5,180.02499999999998,5,13.527829818844937,hyderabad
Maruti Swift,Maruti,Swift,10,62648.0,1,Petrol,Manual,22.38,1197.0,88.5,5,13.116347317149176,hyderabad
Maruti Baleno,Maruti,Baleno,9,58448.0,1,Petrol,Manual,21.4,1197.0,83.1,5,13.265599278590988,hyderabad
Hyundai Grand i10 Nios,Hyundai,Grand i10 Nios,4,40000.0,1,Petrol,Manual,20.7,1197.0,81.86,5,13.415034483903348,hyderabad
Ford Ecosport,Ford,Ecosport,9,88695.0,1,Diesel,Manual,22.77,1498.0,98.59,5,13.444448325847754,hyderabad
MG Hector,MG,Hector,5,20000.0,1,Diesel,Manual,17.41,1949.5,167.68,5,14.346139397261565,hyderabad
Tata Zest,Tata,Zest,12,99840.0,1,Diesel,Manual,20.65,1248.0,88.7,5,12.437188334739655,hyderabad
Volkswagen Polo,Volkswagen,Polo,14,120000.0,2,Diesel,Manual,22.07,1199.0,73.9,5,12.591338447675579,hyderabad
Hyundai Verna,Hyundai,Verna,3,10000.0,1,Petrol,Manual,20.0,1482.0,157.57,5,14.45736497045232,hyderabad
Volkswagen Virtus,Volkswagen,Virtus,4,20000.0,2,Petrol,Automatic,18.12,999.0,113.98,5,14.430696737594902,hyderabad
Honda Amaze,Honda,Amaze,8,20000.0,1,Petrol,Automatic,18.1,1199.0,88.7,5,13.45883704259595,hyderabad
Honda City,Honda,City,5,31000.0,1,Petrol,Automatic,18.0,1497.0,117.6,5,14.115615891155079,hyderabad
Tata Tiago,Tata,Tiago,8,93407.0,2,Petrol,Manual,23.84,1199.0,84.0,5,13.060490101343552,hyderabad
Maruti Swift,Maruti,Swift,15,75932.0,2,Petrol,Manual,22.38,1197.0,88.5,5,12.676079399771027,hyderabad
Volkswagen Polo,Volkswagen,Polo,11,44000.0,1,Petrol,Automatic,17.21,1197.0,103.5,5,13.384729180332174,hyderabad
Hyundai Santro,Hyundai,Santro,7,62936.0,1,Petrol,Automatic,20.3,1086.0,68.0,5,13.178745601197818,hyderabad
Hyundai i20,Hyundai,i20,10,40841.0,1,Petrol,Manual,18.6,1197.0,81.83,5,13.378556330751158,hyderabad
Maruti Swift Dzire,Maruti,Swift Dzire,10,150000.0,2,Diesel,Manual,26.59,1248.0,74.0,5,13.081543466215237,hyderabad
Hyundai i20,Hyundai,i20,9,66561.0,1,Petrol,Manual,18.6,1197.0,81.83,5,13.316285717486736,hyderabad
Tata Indica V2,Tata,Indica V2,10,114800.0,2,Diesel,Manual,25.0,1396.0,69.0,5,11.982935344196433,hyderabad
Maruti Celerio,Maruti,Celerio,10,97726.0,1,Petrol,Manual,25.24,998.0,65.71,5,12.832013750189885,hyderabad
Ford Ecosport,Ford,Ecosport,7,81462.0,1,Petrol,Manual,17.0,1497.0,121.31,5,13.613395597831598,hyderabad
Tata Indica V2,Tata,Indica V2,11,120000.0,1,Diesel,Manual,25.0,1396.0,69.0,5,12.100717685412471,hyderabad
Maruti Swift,Maruti,Swift,7,31286.0,1,Petrol,Automatic,22.56,1197.0,88.5,5,13.429849547739444,hyderabad
Maruti Baleno,Maruti,Baleno,4,20000.0,1,Petrol,Manual,22.35,1197.0,88.5,5,13.815511557963774,hyderabad
Maruti Baleno,Maruti,Baleno,4,20000.0,1,Petrol,Manual,22.35,1197.0,88.5,5,13.815511557963774,hyderabad
Hyundai Verna,Hyundai,Verna,8,57600.0,1,Petrol,Automatic,17.0,1591.0,121.3,5,13.8924725250259,hyderabad
Chevrolet Sail,Chevrolet,Sail,13,54000.0,1,Petrol,Manual,18.2,1199.0,82.4,5,12.660331092405906,hyderabad
Maruti 800,Maruti,800,41,50000.0,2,Petrol,Manual,16.1,796.0,37.0,4,11.982935344196433,hyderabad
Maruti Baleno,Maruti,Baleno,6,20000.0,1,Petrol,Manual,21.01,1197.0,81.8,5,13.541075028051122,hyderabad
Tata Aria,Tata,Aria,15,100000.0,2,Diesel,Manual,13.7,1949.5,138.1,7,12.611541086966115,hyderabad
Honda City,Honda,City,9,40000.0,2,Petrol,Manual,17.8,1497.0,117.3,5,13.623139877437296,hyderabad
Maruti Swift Dzire,Maruti,Swift Dzire,9,49260.0,1,Diesel,Automatic,28.25,1248.0,74.02,5,13.51575725380498,hyderabad
Maruti Celerio,Maruti,Celerio,11,73069.0,1,Petrol,Manual,25.24,998.0,65.71,5,12.807655372286902,hyderabad
Maruti Swift,Maruti,Swift,13,80000.0,1,Petrol,Manual,18.6,1197.0,85.8,5,12.92391243868049,hyderabad
Maruti Swift Dzire,Maruti,Swift Dzire,12,78850.0,1,Petrol,Manual,22.41,1197.0,88.5,5,13.07107218827772,hyderabad
Hyundai i20,Hyundai,i20,10,89224.0,2,Petrol,Manual,18.6,1197.0,81.83,5,13.237477967034438,hyderabad
Tata Hexa,Tata,Hexa,9,90000.0,2,Diesel,Automatic,17.6,1949.5,153.86,7,13.997832948091215,hyderabad
Maruti Wagon R,Maruti,Wagon R,9,59084.0,2,Petrol,Manual,20.51,998.0,67.04,5,12.926350926565435,hyderabad
Maruti Wagon R,Maruti,Wagon R,10,70000.0,1,Petrol,Automatic,20.51,998.0,67.0,5,13.038981768465277,hyderabad
Maruti Wagon R,Maruti,Wagon R,13,59730.0,2,Petrol,Manual,18.9,998.0,67.1,5,12.6410997921206,hyderabad
Honda City,Honda,City,11,50933.0,1,Petrol,Manual,17.4,1497.0,117.3,5,13.29463628184505,hyderabad
Volvo V40,Volvo,V40,10,40000.0,2,Diesel,Automatic,16.8,1949.5,150.0,5,14.403297778421795,hyderabad
Maruti Swift Dzire,Maruti,Swift Dzire,10,94426.0,1,Petrol,Manual,22.41,1197.0,88.5,5,13.153863982446317,hyderabad
Tata Hexa,Tata,Hexa,7,50000.0,2,Diesel,Manual,17.6,1949.5,153.86,7,14.077875591662238,hyderabad
Mahindra XUV500,Mahindra,XUV500,13,120000.0,2,Diesel,Manual,15.1,1949.5,140.0,7,13.429849547739444,hyderabad
Volkswagen Polo,Volkswagen,Polo,9,80000.0,1,Petrol,Automatic,17.21,1197.0,103.5,5,13.541075028051122,hyderabad
Skoda Rapid,Skoda,Rapid,14,75000.0,1,Diesel,Manual,20.5,1598.0,103.5,5,13.120363378739663,hyderabad
Mahindra XUV500,Mahindra,XUV500,8,78500.0,1,Diesel,Manual,16.0,1949.5,140.0,7,14.077875591662238,hyderabad
Maruti Ritz,Maruti,Ritz,13,56000.0,1,Diesel,Manual,23.2,1248.0,73.94,5,13.017005083966255,hyderabad
Fiat Punto,Fiat,Punto,12,100000.0,1,Diesel,Manual,20.3,1248.0,75.0,5,12.59473402514672,hyderabad
Hyundai i20,Hyundai,i20,9,32289.0,2,Petrol,Automatic,18.6,1368.0,98.63,5,13.410546824147012,hyderabad
Tata Nexon,Tata,Nexon,8,106467.0,1,Petrol,Automatic,17.0,1198.0,108.5,5,13.579789490265188,hyderabad
Maruti Swift,Maruti,Swift,12,75000.0,1,Diesel,Manual,22.9,1248.0,74.0,5,13.081543466215237,hyderabad
Honda City,Honda,City,12,109832.0,2,Petrol,Manual,17.4,1497.0,117.3,5,13.047639831208393,hyderabad
Hyundai Elantra,Hyundai,Elantra,8,44123.0,1,Petrol,Automatic,14.62,1949.5,149.92,5,14.02089820202114,hyderabad
Honda Amaze,Honda,Amaze,12,100000.0,2,Petrol,Manual,18.0,1198.0,86.7,5,12.873904582205107,hyderabad
Maruti Vitara Brezza,Maruti,Vitara Brezza,9,121129.0,2,Diesel,Manual,24.3,1248.0,88.5,5,13.593617474489168,hyderabad
Maruti Ignis,Maruti,Ignis,6,40000.0,2,Petrol,Manual,20.89,1197.0,81.8,5,13.235693848424024,hyderabad
Mahindra KUV 100,Mahindra,KUV 100,10,72607.0,1,Diesel,Manual,25.32,1198.0,77.0,5,12.948012371209098,hyderabad
Hyundai Grand i10,Hyundai,Grand i10,10,28467.0,2,Petrol,Manual,18.9,1197.0,82.0,5,13.064736383209516,hyderabad
Skoda Rapid,Skoda,Rapid,9,60000.0,1,Petrol,Manual,15.41,1598.0,103.2,5,13.527829818844937,hyderabad
Hyundai Creta,Hyundai,Creta,9,122474.0,1,Diesel,Manual,19.67,1582.0,126.2,5,13.90900181179801,hyderabad
Maruti Baleno,Maruti,Baleno,9,37665.0,1,Petrol,Automatic,21.4,1197.0,83.1,5,13.384729180332174,hyderabad
Volvo XC 90,Volvo,XC 90,9,152000.0,1,Diesel,Automatic,17.2,1949.5,180.02499999999998,7,15.330638010707329,hyderabad
Maruti Wagon R,Maruti,Wagon R,12,50000.0,2,Petrol,Manual,20.51,998.0,67.04,5,12.676079399771027,hyderabad
Honda Amaze,Honda,Amaze,8,110000.0,1,Diesel,Manual,25.8,1498.0,98.6,5,13.429849547739444,hyderabad
Mahindra XUV500,Mahindra,XUV500,14,120000.0,3,Diesel,Manual,15.1,1949.5,140.0,7,13.304686600863562,hyderabad
Audi A6,Audi,A6,10,45000.0,1,Diesel,Automatic,18.53,1949.5,180.02499999999998,5,14.808392262507668,hyderabad
Hyundai Grand i10,Hyundai,Grand i10,10,85000.0,1,Diesel,Manual,24.0,1120.0,70.0,5,13.120363378739663,hyderabad
Honda City,Honda,City,5,61000.0,1,Petrol,Automatic,17.4,1497.0,117.6,5,14.038654909278163,hyderabad
Maruti Swift,Maruti,Swift,12,94540.0,1,Petrol,Manual,22.38,1197.0,88.5,5,12.921472880009725,hyderabad
Hyundai Creta,Hyundai,Creta,8,96620.0,1,Petrol,Manual,13.0,1591.0,121.3,5,13.80647082239335,hyderabad
Toyota Innova,Toyota,Innova,13,90000.0,3,Diesel,Manual,12.99,1949.5,100.6,8,13.527829818844937,hyderabad
Hyundai Grand i10,Hyundai,Grand i10,10,104436.0,2,Petrol,Automatic,18.9,1197.0,82.0,5,13.114333221834064,hyderabad
Datsun RediGO,Datsun,RediGO,9,28545.0,1,Petrol,Manual,22.7,799.0,53.64,5,12.604852121186608,hyderabad
Volkswagen Polo,Volkswagen,Polo,7,66500.0,1,Petrol,Manual,18.78,999.0,75.0,5,13.487007879880162,hyderabad
Hyundai i20,Hyundai,i20,9,80133.0,1,Petrol,Manual,18.6,1197.0,81.83,5,13.275944180597024,hyderabad
Mercedes-Benz C-Class,Mercedes-Benz,C-Class,15,106000.0,1,Diesel,Automatic,14.84,1949.5,170.0,5,13.933294482509151,hyderabad
Maruti SX4 S Cross,Maruti,SX4 S Cross,6,26852.0,1,Petrol,Manual,18.55,1462.0,103.25,5,13.797347605666022,hyderabad
Maruti Swift,Maruti,Swift,11,59990.0,1,Petrol,Manual,22.38,1197.0,88.5,5,13.034626646500051,hyderabad
Mahindra XUV500,Mahindra,XUV500,11,110000.0,2,Diesel,Manual,16.0,1949.5,140.0,7,13.76421831620775,hyderabad
Honda City,Honda,City,8,75135.0,1,Diesel,Manual,25.6,1498.0,97.9,5,13.656514826473817,hyderabad
Hyundai Grand i10,Hyundai,Grand i10,7,50000.0,2,Petrol,Manual,18.9,1197.0,81.86,5,13.304686600863562,hyderabad
Honda Civic,Honda,Civic,16,73000.0,1,Petrol,Manual,13.5,1799.0,130.0,5,12.873904582205107,hyderabad
Maruti Baleno,Maruti,Baleno,8,70000.0,2,Petrol,Manual,21.4,1197.0,83.1,5,13.3374763699232,hyderabad
Mahindra Scorpio,Mahindra,Scorpio,20,120000.0,1,Diesel,Manual,12.7,1949.5,116.6,8,12.899222326086994,hyderabad
Tata New Safari,Tata,New Safari,5,20000.0,1,Diesel,Manual,16.14,1949.5,167.67,7,14.603968372873895,hyderabad
Toyota Innova,Toyota,Innova,14,120000.0,1,Diesel,Manual,12.99,1949.5,100.0,7,13.527829818844937,hyderabad
Toyota Innova,Toyota,Innova,13,120000.0,2,Diesel,Manual,12.99,1949.5,100.0,7,13.790193775620484,hyderabad
Maruti Swift,Maruti,Swift,13,50824.0,1,Petrol,Manual,22.38,1197.0,88.5,5,13.010316110729669,hyderabad
Maruti Swift,Maruti,Swift,13,85507.0,2,Diesel,Manual,22.9,1248.0,74.0,5,12.92391243868049,hyderabad
Hyundai Verna,Hyundai,Verna,16,70000.0,1,Diesel,Manual,16.8,1493.0,110.0,5,12.706850963741102,hyderabad
Maruti Ritz,Maruti,Ritz,12,75773.0,2,Petrol,Manual,18.5,1197.0,85.8,5,12.826651821423713,hyderabad
Hyundai Grand i10,Hyundai,Grand i10,10,62000.0,1,Diesel,Manual,24.0,1120.0,70.0,5,13.060490101343552,hyderabad
Hyundai i10,Hyundai,i10,14,47004.0,1,Petrol,Manual,20.36,1197.0,78.9,5,12.601490784782536,hyderabad
Volkswagen Polo,Volkswagen,Polo,12,110000.0,2,Diesel,Manual,20.14,1498.0,88.8,5,12.948012371209098,hyderabad
Maruti Swift,Maruti,Swift,13,97085.0,2,Diesel,Manual,22.9,1248.0,74.0,5,12.91410843858387,hyderabad
Hyundai Verna,Hyundai,Verna,12,87449.0,3,Diesel,Manual,22.32,1582.0,126.32,5,13.237477967034438,hyderabad
Maruti Ritz,Maruti,Ritz,10,100000.0,1,Diesel,Manual,23.2,1248.0,73.94,5,12.765691290604371,hyderabad
Maruti Alto,Maruti,Alto,14,53338.0,2,Petrol,Manual,19.7,796.0,46.3,5,12.170450649220749,hyderabad
Honda City,Honda,City,15,120000.0,2,Petrol,Manual,17.0,1497.0,180.02499999999998,5,12.899222326086994,hyderabad
Hyundai i20,Hyundai,i20,7,78000.0,1,Diesel,Manual,22.54,1396.0,88.76,5,13.547632419997361,hyderabad
Toyota Innova Crysta,Toyota,Innova Crysta,9,112000.0,1,Diesel,Manual,13.68,1949.5,147.8,7,14.508157613482537,hyderabad
Nissan Magnite,Nissan,Magnite,4,10000.0,1,Petrol,Manual,18.75,999.0,71.02,5,13.652992804936396,hyderabad
Maruti Vitara Brezza,Maruti,Vitara Brezza,4,20000.0,1,Petrol,Manual,17.03,1462.0,103.26,5,13.815511557963774,hyderabad
Mahindra XUV500,Mahindra,XUV500,14,89000.0,2,Diesel,Manual,15.1,1949.5,140.0,7,13.228525371792253,hyderabad
Maruti Alto,Maruti,Alto,18,100000.0,2,Petrol,Manual,19.7,796.0,46.3,5,11.51293546492023,hyderabad
Maruti Ertiga,Maruti,Ertiga,5,20000.0,1,Petrol,Manual,19.01,1462.0,103.26,7,13.864301674514206,hyderabad
Nissan Magnite,Nissan,Magnite,4,13918.0,1,Petrol,Manual,20.0,999.0,98.63,5,13.720101473269022,hyderabad
Nissan Magnite,Nissan,Magnite,6,28839.0,1,Petrol,Manual,18.75,999.0,71.02,5,13.506265669993544,hyderabad
Maruti Celerio,Maruti,Celerio,9,30000.0,1,Petrol,Automatic,23.1,998.0,67.04,5,13.017005083966255,hyderabad
Datsun RediGO,Datsun,RediGO,8,16097.0,1,Petrol,Automatic,23.0,999.0,67.0,5,12.782688818818986,hyderabad
Volkswagen Polo,Volkswagen,Polo,5,23683.0,1,Petrol,Automatic,16.47,999.0,108.62,5,13.635188201437066,hyderabad
Maruti Alto K10,Maruti,Alto K10,13,48471.0,2,Petrol,Manual,24.39,998.0,65.71,5,12.358798024384122,hyderabad
Maruti Alto K10,Maruti,Alto K10,13,62437.0,2,Petrol,Manual,24.39,998.0,65.71,5,12.30592250537653,hyderabad
Tata Tigor,Tata,Tigor,8,45000.0,1,Petrol,Automatic,20.3,1199.0,84.0,5,13.215855541983634,hyderabad
Maruti Ciaz,Maruti,Ciaz,4,15992.0,1,Petrol,Manual,20.65,1462.0,103.25,5,13.688814039991453,hyderabad
Maruti Alto 800,Maruti,Alto 800,8,34000.0,1,Petrol,Manual,24.7,796.0,47.3,5,12.691583538230217,hyderabad
Hyundai i10,Hyundai,i10,18,45000.0,1,Petrol,Manual,20.36,1197.0,78.9,5,12.429220196836383,hyderabad
Maruti Ertiga,Maruti,Ertiga,10,90000.0,1,Diesel,Manual,24.2,1498.0,93.87,7,13.60479076121576,hyderabad
Tata Nexon,Tata,Nexon,8,40000.0,1,Diesel,Automatic,21.5,1497.0,108.5,5,13.997832948091215,hyderabad
Maruti Swift,Maruti,Swift,4,22907.0,1,Petrol,Manual,22.38,1197.0,88.5,5,13.384729180332174,hyderabad
Maruti Wagon R,Maruti,Wagon R,14,79000.0,1,Cng,Manual,28.25,998.0,67.04,5,12.660331092405906,hyderabad
Hyundai Xcent,Hyundai,Xcent,10,90000.0,2,Diesel,Manual,24.4,1120.0,71.0,5,12.73670383776449,hyderabad
Maruti Alto 800,Maruti,Alto 800,7,16903.0,2,Petrol,Manual,24.7,796.0,47.3,5,12.715900771961074,hyderabad
Nissan Micra,Nissan,Micra,8,36874.0,1,Petrol,Automatic,19.15,1198.0,75.94,5,13.249878458265119,hyderabad
Maruti Ciaz,Maruti,Ciaz,9,60000.0,1,Petrol,Automatic,19.12,1373.0,91.1,5,13.384729180332174,hyderabad
Maruti Wagon R,Maruti,Wagon R,14,29994.0,2,Petrol,Manual,18.9,998.0,67.1,5,12.703816069256568,hyderabad
Hyundai i20,Hyundai,i20,7,26416.0,2,Petrol,Automatic,17.4,1197.0,81.86,5,13.599840262182784,hyderabad
Skoda Rapid,Skoda,Rapid,8,70000.0,2,Diesel,Manual,21.13,1498.0,108.6,5,13.560619598657233,hyderabad
Honda WR-V,Honda,WR-V,8,27581.0,2,Petrol,Manual,17.5,1199.0,88.7,5,13.39239204133378,hyderabad
Toyota Fortuner,Toyota,Fortuner,8,80000.0,1,Diesel,Automatic,12.9,1949.5,174.5,7,14.99416586199818,hyderabad
Maruti Swift Dzire,Maruti,Swift Dzire,6,88126.0,1,Petrol,Manual,21.21,1197.0,81.8,5,13.418015107599418,hyderabad
Hyundai Venue,Hyundai,Venue,7,72563.0,1,Petrol,Automatic,18.15,998.0,118.35,5,13.796328757914972,hyderabad
Hyundai EON,Hyundai,EON,13,90000.0,2,Lpg,Manual,21.1,814.0,55.2,5,12.301387370778713,hyderabad
Hyundai Creta,Hyundai,Creta,10,88060.0,1,Petrol,Manual,13.0,1591.0,121.3,5,13.597354548161103,hyderabad
Maruti Swift,Maruti,Swift,4,20000.0,1,Petrol,Manual,22.38,1197.0,88.5,5,13.592368256649284,hyderabad
Toyota Innova,Toyota,Innova,11,119000.0,2,Diesel,Manual,12.99,1949.5,100.6,7,13.76421831620775,hyderabad
Hyundai i20,Hyundai,i20,9,60000.0,1,Petrol,Manual,18.6,1197.0,81.83,5,13.304686600863562,hyderabad
Ford Endeavour,Ford,Endeavour,6,45000.0,1,Diesel,Automatic,12.4,1949.5,167.62,7,15.095054827301363,hyderabad
Kia Carnival,Kia,Carnival,5,80000.0,2,Diesel,Automatic,14.11,1949.5,180.02499999999998,7,14.790070575320824,hyderabad
Hyundai Creta,Hyundai,Creta,6,95315.0,1,Diesel,Manual,20.5,1582.0,126.2,5,14.204169225721929,hyderabad
Maruti Wagon R,Maruti,Wagon R,13,100000.0,2,Petrol,Manual,20.51,998.0,67.04,5,12.479913113434042,hyderabad
Hyundai Santro Xing,Hyundai,Santro Xing,16,31000.0,1,Petrol,Manual,17.92,1086.0,62.1,5,12.409017571151187,hyderabad
Maruti Vitara Brezza,Maruti,Vitara Brezza,7,109271.0,1,Diesel,Manual,24.3,1248.0,88.5,5,13.563196916350243,hyderabad
Maruti Ignis,Maruti,Ignis,7,47844.0,2,Petrol,Automatic,20.89,1197.0,81.8,5,13.136268254957963,hyderabad
Maruti XL6,Maruti,XL6,5,80000.0,2,Petrol,Manual,19.01,1462.0,103.2,6,13.864301674514206,hyderabad
Maruti Wagon R,Maruti,Wagon R,13,62438.0,1,Petrol,Manual,18.9,998.0,67.1,5,12.601490784782536,hyderabad
Hyundai i20,Hyundai,i20,13,89318.0,3,Petrol,Manual,18.5,1197.0,82.9,5,12.926350926565435,hyderabad
Kia Carnival,Kia,Carnival,5,90000.0,2,Diesel,Automatic,14.11,1949.5,180.02499999999998,7,14.77102238760702,hyderabad
Hyundai Santro,Hyundai,Santro,7,29200.0,2,Petrol,Automatic,20.3,1086.0,68.0,5,13.178745601197818,hyderabad
MG Hector,MG,Hector,6,40000.0,1,Petrol,Automatic,13.96,1451.0,141.0,5,14.48334044336031,hyderabad
Honda City,Honda,City,7,96940.0,1,Petrol,Automatic,18.4,1498.0,119.35,5,13.727772735358728,hyderabad
Hyundai Verna,Hyundai,Verna,8,65850.0,1,Petrol,Manual,17.0,1591.0,121.3,5,13.643536480872214,hyderabad
Hyundai i10,Hyundai,i10,15,90000.0,1,Petrol,Manual,20.36,1197.0,78.9,5,12.577639650232573,hyderabad
Hyundai Santro,Hyundai,Santro,7,38264.0,1,Petrol,Automatic,20.3,1086.0,68.0,5,13.171155446333852,hyderabad
Renault Duster,Renault,Duster,8,47000.0,1,Petrol,Automatic,14.99,1498.0,104.5,5,13.704578997256993,hyderabad
Toyota Fortuner,Toyota,Fortuner,7,77027.0,1,Diesel,Automatic,12.9,1949.5,174.5,7,15.096444681204078,hyderabad
Honda City,Honda,City,17,78000.0,1,Petrol,Manual,16.8,1497.0,116.4,5,12.861001210669146,hyderabad
Mahindra XUV300,Mahindra,XUV300,7,70000.0,2,Diesel,Manual,20.0,1497.0,115.0,5,13.815511557963774,hyderabad
Skoda Octavia,Skoda,Octavia,18,112000.0,1,Petrol,Manual,12.8,1781.0,180.02499999999998,5,12.611541086966115,hyderabad
Hyundai Verna,Hyundai,Verna,13,138000.0,1,Diesel,Manual,22.32,1582.0,126.32,5,13.151924121391561,hyderabad
Ford Figo,Ford,Figo,16,51000.0,1,Diesel,Manual,20.0,1399.0,68.0,5,12.608202196848836,hyderabad
Hyundai i10,Hyundai,i10,16,83462.0,2,Petrol,Manual,20.36,1197.0,78.9,5,12.498745990829315,hyderabad
Renault KWID,Renault,KWID,5,26494.0,1,Petrol,Manual,21.74,999.0,67.0,5,13.087774003025942,hyderabad
BMW X1,BMW,X1,15,82000.0,1,Diesel,Automatic,17.05,1949.5,180.02499999999998,5,14.07710606547538,hyderabad
Maruti Baleno,Maruti,Baleno,8,68101.0,1,Petrol,Manual,21.4,1197.0,83.1,5,13.334245354561496,hyderabad
Maruti Swift,Maruti,Swift,8,99105.0,2,Diesel,Automatic,28.25,1248.0,74.0,5,13.445896549926763,hyderabad
Hyundai Creta,Hyundai,Creta,10,90000.0,1,Diesel,Manual,19.67,1582.0,126.2,5,13.815511557963774,hyderabad
Maruti Ciaz,Maruti,Ciaz,9,70424.0,2,Petrol,Automatic,19.12,1373.0,91.1,5,13.389333939650964,hyderabad
Maruti Vitara Brezza,Maruti,Vitara Brezza,8,98000.0,1,Diesel,Automatic,24.3,1248.0,88.5,5,13.805461232211272,hyderabad
Honda City,Honda,City,12,79189.0,2,Diesel,Manual,25.1,1498.0,98.6,5,13.19375523568666,hyderabad
Maruti Wagon R,Maruti,Wagon R,15,115218.0,1,Petrol,Manual,18.9,998.0,67.1,5,12.441144767709657,hyderabad
Hyundai Verna,Hyundai,Verna,14,120000.0,1,Petrol,Manual,17.01,1591.0,121.3,5,12.896719202134523,hyderabad
Maruti Swift,Maruti,Swift,11,119106.0,2,Petrol,Manual,22.38,1197.0,88.5,5,13.062615496138552,hyderabad
Honda City,Honda,City,15,60000.0,2,Petrol,Manual,17.0,1497.0,180.02499999999998,5,12.73670383776449,hyderabad
Maruti Swift,Maruti,Swift,9,60000.0,1,Diesel,Manual,28.25,1248.0,74.0,5,13.398480330934175,hyderabad
Maruti Alto 800,Maruti,Alto 800,7,80000.0,1,Petrol,Manual,22.05,796.0,47.33,5,12.821260987319457,hyderabad
Maruti Swift,Maruti,Swift,14,143000.0,2,Diesel,Manual,22.9,1248.0,74.0,5,12.899222326086994,hyderabad
Maruti Swift,Maruti,Swift,8,50000.0,1,Diesel,Manual,25.2,1248.0,74.0,5,13.45883704259595,hyderabad
Volkswagen Passat,Volkswagen,Passat,15,105000.0,1,Diesel,Automatic,14.3,1949.5,167.7,5,13.527829818844937,hyderabad
Toyota Innova Crysta,Toyota,Innova Crysta,10,110000.0,1,Diesel,Automatic,11.36,1949.5,171.5,7,14.508658238524095,hyderabad
Honda City,Honda,City,15,80000.0,1,Petrol,Manual,17.0,1497.0,180.02499999999998,5,12.793862088206213,hyderabad
Maruti Swift,Maruti,Swift,13,121617.0,2,Petrol,Manual,22.38,1197.0,88.5,5,12.81584093453868,hyderabad
Volkswagen Vento,Volkswagen,Vento,11,83825.0,2,Petrol,Manual,15.04,1598.0,103.6,5,13.228525371792253,hyderabad
Maruti Swift,Maruti,Swift,12,92299.0,1,Petrol,Manual,18.6,1197.0,85.8,5,12.962196972666593,hyderabad
Maruti Vitara Brezza,Maruti,Vitara Brezza,8,50643.0,2,Diesel,Automatic,24.3,1248.0,88.5,5,13.775730728534615,hyderabad
Mahindra TUV 300,Mahindra,TUV 300,8,110243.0,2,Diesel,Manual,18.49,1493.0,100.0,7,13.583579761650238,hyderabad
Mercedes-Benz C-Class,Mercedes-Benz,C-Class,14,92721.0,1,Diesel,Automatic,14.84,1949.5,170.0,5,13.805461232211272,hyderabad
Hyundai Creta,Hyundai,Creta,10,93104.0,1,Petrol,Automatic,13.0,1591.0,121.3,5,13.765270393051685,hyderabad
Toyota Corolla Altis,Toyota,Corolla Altis,18,83858.0,3,Petrol,Manual,14.53,1798.0,138.1,5,12.611541086966115,hyderabad
Datsun GO Plus,Datsun,GO Plus,5,48869.0,1,Petrol,Manual,19.02,1198.0,67.05,7,13.248116346376765,hyderabad
Maruti Alto K10,Maruti,Alto K10,9,86555.0,1,Petrol,Manual,24.39,998.0,65.71,5,12.604852121186608,hyderabad
Volkswagen Vento,Volkswagen,Vento,15,60000.0,2,Petrol,Manual,15.04,1598.0,103.6,5,12.765691290604371,hyderabad
Renault Triber,Renault,Triber,4,39316.0,1,Petrol,Manual,20.0,999.0,71.01,7,13.420986873572868,hyderabad
Renault Duster,Renault,Duster,12,110000.0,2,Diesel,Manual,20.45,1461.0,83.8,5,13.017005083966255,hyderabad
Tata Bolt,Tata,Bolt,10,100000.0,2,Diesel,Manual,22.95,1248.0,74.0,5,12.506180941677357,hyderabad
Hyundai Venue,Hyundai,Venue,6,60000.0,1,Petrol,Manual,18.27,998.0,118.35,5,13.815511557963774,hyderabad
Mahindra XUV500,Mahindra,XUV500,10,100000.0,1,Diesel,Manual,16.0,1949.5,140.0,7,13.864301674514206,hyderabad
Skoda Laura,Skoda,Laura,14,110000.0,2,Diesel,Manual,20.0,1949.5,108.5,5,13.017005083966255,hyderabad
Toyota Urban cruiser,Toyota,Urban cruiser,4,19500.0,1,Petrol,Automatic,18.76,1462.0,103.26,5,13.976779556623864,hyderabad
Honda Amaze,Honda,Amaze,5,22127.0,1,Petrol,Automatic,18.3,1199.0,88.76,5,13.753636218075409,hyderabad
Maruti Alto 800,Maruti,Alto 800,11,78010.0,2,Petrol,Manual,22.05,796.0,47.33,5,12.43320821811392,hyderabad
Ford Ecosport,Ford,Ecosport,5,14087.0,1,Petrol,Manual,15.9,1496.0,120.69,5,13.803438988875241,hyderabad
Tata Nexon,Tata,Nexon,4,55253.0,1,Diesel,Manual,21.19,1497.0,108.49,5,13.961341870479675,hyderabad
Kia Seltos,Kia,Seltos,6,63008.0,1,Petrol,Automatic,16.5,1353.0,138.08,5,14.28426403109039,hyderabad
Maruti Alto 800,Maruti,Alto 800,11,73944.0,1,Petrol,Manual,22.05,796.0,47.33,5,12.491255347155265,hyderabad
Skoda Superb,Skoda,Superb,5,37000.0,1,Petrol,Automatic,15.1,1949.5,180.02499999999998,5,15.001828732394953,hyderabad
Maruti Alto 800,Maruti,Alto 800,9,52052.0,2,Petrol,Manual,22.05,796.0,47.33,5,12.53897064502647,hyderabad
Hyundai Grand i10,Hyundai,Grand i10,8,42399.0,2,Petrol,Manual,18.9,1197.0,81.86,5,13.049794835104816,hyderabad
Maruti Swift Dzire,Maruti,Swift Dzire,11,50000.0,1,Diesel,Manual,26.59,1248.0,74.0,5,12.25486757159303,hyderabad
Maruti Wagon R,Maruti,Wagon R,6,64584.0,1,Cng,Manual,28.25,998.0,58.33,5,13.215855541983634,hyderabad
Maruti Eeco,Maruti,Eeco,12,44000.0,1,Petrol,Manual,15.37,1196.0,73.0,5,12.75130259456002,hyderabad
Renault KWID,Renault,KWID,9,101434.0,1,Petrol,Automatic,23.01,999.0,67.0,5,12.611541086966115,hyderabad
Maruti Eeco,Maruti,Eeco,7,13500.0,1,Petrol,Manual,19.71,1197.0,79.65,5,13.112315061750808,hyderabad
Volkswagen Ameo,Volkswagen,Ameo,9,75000.0,2,Diesel,Manual,21.66,1498.0,108.62,5,13.07107218827772,hyderabad
Hyundai Verna,Hyundai,Verna,14,75000.0,1,Diesel,Manual,22.32,1582.0,126.32,5,13.005831808336863,hyderabad
Honda City,Honda,City,16,96402.0,1,Petrol,Manual,17.0,1497.0,180.02499999999998,5,12.013706813470414,hyderabad
Hyundai i10,Hyundai,i10,10,55000.0,1,Petrol,Manual,19.81,1086.0,68.05,5,12.577639650232573,hyderabad
Tata Nexon,Tata,Nexon,5,44641.0,1,Petrol,Manual,17.33,1199.0,118.35,5,13.664688831019712,hyderabad
Hyundai i10,Hyundai,i10,16,83958.0,1,Petrol,Manual,20.36,1197.0,78.9,5,12.392556361841777,hyderabad
Mahindra Scorpio,Mahindra,Scorpio,20,124406.0,3,Diesel,Manual,10.5,1949.5,120.0,7,11.703554089007538,hyderabad
Tata Nexon,Tata,Nexon,8,35226.0,2,Petrol,Automatic,17.0,1198.0,108.5,5,13.613395597831598,hyderabad
Hyundai i10,Hyundai,i10,15,75552.0,2,Petrol,Automatic,16.95,1197.0,78.9,5,12.706850963741102,hyderabad
Hyundai i10,Hyundai,i10,16,107972.0,1,Petrol,Manual,20.36,1197.0,78.9,5,12.128116509451258,hyderabad
Volkswagen Ameo,Volkswagen,Ameo,7,46451.0,1,Petrol,Manual,19.44,999.0,75.0,5,13.249878458265119,hyderabad
Maruti Eeco,Maruti,Eeco,5,28220.0,1,Petrol,Manual,16.11,1196.0,72.41,5,13.060490101343552,hyderabad
Maruti S-Presso,Maruti,S-Presso,7,77415.0,1,Petrol,Automatic,21.7,998.0,67.05,5,13.032440858057756,hyderabad
Hyundai Venue,Hyundai,Venue,6,47314.0,1,Petrol,Automatic,18.15,998.0,118.35,5,13.83727302821889,hyderabad
Renault KWID,Renault,KWID,9,50000.0,1,Petrol,Automatic,24.04,999.0,67.0,5,12.650761671914688,hyderabad
Tata Indica,Tata,Indica,14,120000.0,2,Diesel,Manual,19.4,1405.0,70.0,5,11.669937760751914,hyderabad
Skoda Rapid,Skoda,Rapid,8,40000.0,1,Diesel,Manual,21.13,1498.0,108.6,5,13.676248490630767,hyderabad
Honda Brio,Honda,Brio,13,80000.0,2,Petrol,Manual,19.4,1198.0,86.8,5,12.560247968016562,hyderabad
Toyota Fortuner,Toyota,Fortuner,8,120000.0,1,Diesel,Manual,14.24,1949.5,174.5,7,14.845130332288226,hyderabad
Maruti Eeco,Maruti,Eeco,6,16415.0,1,Petrol,Manual,19.71,1197.0,79.65,5,13.161586013632684,hyderabad
Maruti Alto,Maruti,Alto,18,110000.0,2,Petrol,Manual,19.7,796.0,46.3,5,11.51293546492023,hyderabad
Maruti Wagon R,Maruti,Wagon R,7,30564.0,1,Petrol,Automatic,20.52,1197.0,81.8,5,13.217675375388819,hyderabad
Ford Figo,Ford,Figo,15,90000.0,2,Diesel,Manual,20.0,1399.0,68.0,5,12.128116509451258,hyderabad
Datsun GO Plus,Datsun,GO Plus,7,62674.0,3,Petrol,Manual,19.83,1198.0,67.0,7,12.973863369085885,hyderabad
Honda Jazz,Honda,Jazz,8,61710.0,1,Petrol,Automatic,18.2,1199.0,88.7,5,13.355062726308148,hyderabad
Hyundai Verna,Hyundai,Verna,14,95000.0,1,Diesel,Automatic,22.32,1582.0,126.32,5,13.073175234051686,hyderabad
Hyundai Creta,Hyundai,Creta,9,99215.0,1,Diesel,Automatic,17.01,1582.0,126.2,5,13.927946880948712,hyderabad
Tata Nexon,Tata,Nexon,7,46034.0,1,Diesel,Automatic,21.5,1497.0,108.5,5,13.81750955863044,hyderabad
Maruti Ertiga,Maruti,Ertiga,12,20000.0,1,Petrol,Manual,16.02,1373.0,93.7,7,13.437175577097312,hyderabad
Honda Brio,Honda,Brio,13,60993.0,1,Petrol,Manual,19.4,1198.0,86.8,5,12.757082940769225,hyderabad
Mahindra XUV500,Mahindra,XUV500,11,90000.0,2,Diesel,Manual,16.0,1949.5,140.0,7,13.384729180332174,hyderabad
Maruti Swift Dzire,Maruti,Swift Dzire,9,71821.0,1,Diesel,Manual,28.25,1248.0,74.02,5,13.535797977912118,hyderabad
MG Hector,MG,Hector,5,2486.0,1,Petrol,Manual,15.81,1451.0,141.0,5,14.273568748702479,hyderabad
Honda Civic,Honda,Civic,20,60000.0,3,Petrol,Automatic,12.9,1799.0,130.0,5,12.345834587905333,hyderabad
Hyundai Grand i10 Nios,Hyundai,Grand i10 Nios,6,12740.0,1,Petrol,Manual,20.7,1197.0,81.86,5,13.277657974137664,hyderabad
Hyundai Grand i10,Hyundai,Grand i10,8,79079.0,2,Diesel,Manual,24.0,1186.0,73.97,5,12.899222326086994,hyderabad
Tata Altroz,Tata,Altroz,4,28522.0,1,Petrol,Manual,19.33,1199.0,86.83,5,13.190023895035274,hyderabad
Volvo S60,Volvo,S60,8,46000.0,1,Diesel,Automatic,27.03,1949.5,180.02499999999998,5,14.603968372873895,hyderabad
Mahindra KUV 100,Mahindra,KUV 100,10,80000.0,1,Diesel,Manual,25.32,1198.0,77.0,5,12.644330802262578,hyderabad
Renault KWID,Renault,KWID,9,29011.0,1,Petrol,Manual,23.01,999.0,67.0,5,12.727841176689147,hyderabad
Kia Seltos,Kia,Seltos,6,42372.0,1,Petrol,Manual,16.8,1497.0,113.43,5,14.045829107307345,hyderabad
Honda City,Honda,City,4,22310.0,1,Diesel,Manual,24.1,1498.0,97.89,5,14.070928444421819,hyderabad
Maruti Celerio,Maruti,Celerio,10,18732.0,1,Petrol,Automatic,26.0,998.0,65.71,5,13.118357364036902,hyderabad
Toyota Etios,Toyota,Etios,10,95417.0,1,Diesel,Manual,23.59,1364.0,67.05,5,13.060490101343552,hyderabad
Honda City,Honda,City,12,62015.0,2,Petrol,Automatic,18.0,1497.0,117.3,5,13.208542908506082,hyderabad
Ford Ecosport,Ford,Ecosport,8,54000.0,1,Petrol,Automatic,14.7,1496.0,120.69,5,13.704578997256993,hyderabad
Renault KWID,Renault,KWID,7,51237.0,2,Petrol,Automatic,23.01,999.0,67.0,5,12.96453929221076,hyderabad
Hyundai Xcent,Hyundai,Xcent,9,36140.0,1,Petrol,Manual,20.14,1197.0,81.86,5,13.233906541044401,hyderabad
Maruti Swift,Maruti,Swift,8,80000.0,2,Diesel,Manual,28.25,1248.0,74.0,5,13.384729180332174,hyderabad
Maruti Celerio,Maruti,Celerio,10,70895.0,2,Petrol,Automatic,26.0,998.0,65.71,5,13.001327306361068,hyderabad
Hyundai Grand i10,Hyundai,Grand i10,8,90000.0,1,Diesel,Manual,24.0,1186.0,73.97,5,13.081543466215237,hyderabad
Tata Tigor,Tata,Tigor,6,60000.0,1,Petrol,Manual,19.28,1199.0,84.82,5,13.399996629152975,hyderabad
Maruti Wagon R,Maruti,Wagon R,19,70237.0,1,Petrol,Manual,21.79,998.0,67.05,5,11.884495917930655,hyderabad
Chevrolet Cruze,Chevrolet,Cruze,16,79333.0,1,Diesel,Manual,18.3,1949.5,147.9,5,12.847929163278053,hyderabad
Maruti Swift Dzire,Maruti,Swift Dzire,12,82144.0,1,Diesel,Manual,23.4,1248.0,74.0,5,13.017005083966255,hyderabad
BMW 3 Series,BMW,3 Series,8,40000.0,1,Diesel,Automatic,22.69,1949.5,180.02499999999998,5,14.648420115681892,hyderabad
Volkswagen Vento,Volkswagen,Vento,11,129517.0,2,Diesel,Automatic,21.21,1498.0,103.2,5,13.122365377402328,hyderabad
Hyundai Santro,Hyundai,Santro,7,39881.0,1,Petrol,Automatic,20.3,1086.0,68.0,5,13.182519183461475,hyderabad
Tata Altroz,Tata,Altroz,5,12280.0,1,Petrol,Manual,18.5,1199.0,108.48,5,13.519797657900346,hyderabad
Tata Manza,Tata,Manza,15,70000.0,1,Diesel,Manual,21.12,1248.0,88.8,5,12.206077645517674,hyderabad
Maruti Celerio,Maruti,Celerio,6,49984.0,1,Cng,Manual,28.25,998.0,58.33,5,13.263864675787632,hyderabad
Ford Ecosport,Ford,Ecosport,9,51258.0,1,Petrol,Automatic,14.8,1497.0,121.36,5,13.541075028051122,hyderabad
Honda Brio,Honda,Brio,14,95178.0,2,Petrol,Manual,19.4,1198.0,86.8,5,12.51723073716405,hyderabad
Volkswagen Ameo,Volkswagen,Ameo,10,62000.0,1,Petrol,Manual,19.44,999.0,75.0,5,13.081543466215237,hyderabad
Hyundai Creta,Hyundai,Creta,10,119781.0,1,Diesel,Manual,19.67,1582.0,126.2,5,13.73430158713684,hyderabad
Tata Altroz,Tata,Altroz,5,31750.0,2,Petrol,Manual,18.5,1199.0,108.48,5,13.522482219667573,hyderabad
Toyota Innova Crysta,Toyota,Innova Crysta,7,78000.0,1,Diesel,Automatic,11.36,1949.5,171.5,7,14.690979711984754,hyderabad
Hyundai Verna,Hyundai,Verna,13,110000.0,1,Diesel,Manual,22.32,1582.0,126.32,5,13.102162710901053,hyderabad
Hyundai Grand i10,Hyundai,Grand i10,12,73400.0,1,Petrol,Automatic,18.9,1197.0,82.0,5,13.038981768465277,hyderabad
Tata Tiago,Tata,Tiago,8,40000.0,3,Petrol,Automatic,23.84,1199.0,83.83,5,13.102162710901053,hyderabad
Mahindra XUV500,Mahindra,XUV500,6,49500.0,1,Diesel,Automatic,15.1,1949.5,152.87,7,14.278616074845276,hyderabad
Hyundai Verna,Hyundai,Verna,4,14991.0,1,Petrol,Manual,17.7,1497.0,113.18,5,13.742940940397677,hyderabad
Maruti Ertiga,Maruti,Ertiga,4,32363.0,1,Petrol,Manual,19.01,1462.0,103.26,7,13.461690107508359,hyderabad
Hyundai Verna,Hyundai,Verna,13,60000.0,2,Diesel,Manual,22.32,1582.0,126.32,5,13.049794835104816,hyderabad
Skoda Rapid,Skoda,Rapid,5,15504.0,1,Petrol,Manual,18.97,999.0,108.62,5,13.82347971967645,hyderabad
Ford Ecosport,Ford,Ecosport,8,20858.0,1,Petrol,Manual,17.0,1497.0,121.31,5,13.608487618541492,hyderabad
Jeep Compass,Jeep,Compass,7,30000.0,1,Petrol,Automatic,16.0,1368.0,160.0,5,14.210926003619385,hyderabad
Mahindra Thar,Mahindra,Thar,8,90305.0,2,Diesel,Manual,16.55,1949.5,105.0,6,13.519797657900346,hyderabad
Hyundai Creta,Hyundai,Creta,9,99128.0,1,Diesel,Manual,19.67,1582.0,126.2,5,13.804450621726684,hyderabad
Jeep Compass,Jeep,Compass,7,30000.0,1,Petrol,Automatic,16.0,1368.0,160.0,5,14.210926003619385,hyderabad
Honda Amaze,Honda,Amaze,12,52597.0,2,Petrol,Manual,18.0,1198.0,86.7,5,12.919024904363686,hyderabad
Maruti Swift,Maruti,Swift,11,112921.0,3,Diesel,Manual,25.2,1248.0,74.0,5,12.899222326086994,hyderabad
Maruti Swift Dzire,Maruti,Swift Dzire,12,73626.0,1,Diesel,Manual,23.4,1248.0,74.0,5,13.106236027992704,hyderabad
Renault KWID,Renault,KWID,8,42964.0,1,Petrol,Automatic,24.04,999.0,67.0,5,13.008076473152153,hyderabad
Maruti Ciaz,Maruti,Ciaz,10,100000.0,2,Diesel,Manual,28.09,1248.0,88.5,5,13.122365377402328,hyderabad
Jeep Compass,Jeep,Compass,9,89906.0,1,Diesel,Manual,17.1,1949.5,170.0,5,13.913545204853543,hyderabad
Mahindra Scorpio,Mahindra,Scorpio,8,80000.0,2,Diesel,Manual,16.36,1949.5,120.0,7,13.774689605110144,hyderabad
Maruti Swift Dzire Tour,Maruti,Swift Dzire Tour,7,110000.0,1,Diesel,Manual,19.95,1248.0,74.02,5,13.217675375388819,hyderabad
Kia Seltos,Kia,Seltos,7,40000.0,1,Diesel,Manual,20.8,1493.0,113.43,5,14.220976332738882,hyderabad
Tata Tiago,Tata,Tiago,6,40000.0,2,Petrol,Automatic,19.0,1199.0,84.82,5,13.399996629152975,hyderabad
Hyundai Xcent,Hyundai,Xcent,11,90000.0,1,Diesel,Manual,24.4,1120.0,71.0,5,12.807655372286902,hyderabad
Hyundai Elantra,Hyundai,Elantra,8,30000.0,1,Diesel,Automatic,18.23,1582.0,126.2,5,14.187074804051692,hyderabad
Volkswagen Polo,Volkswagen,Polo,5,45416.0,1,Petrol,Automatic,16.47,999.0,108.62,5,13.710151153416941,hyderabad
Hyundai i20,Hyundai,i20,13,64000.0,1,Petrol,Manual,18.5,1197.0,82.85,5,12.861001210669146,hyderabad
Nissan Magnite,Nissan,Magnite,5,30580.0,1,Petrol,Manual,20.0,999.0,98.63,5,13.547632419997361,hyderabad
Land Rover Range Rover Evoque,Land,Rover Range Rover Evoque,8,47000.0,1,Diesel,Automatic,15.68,1949.5,177.0,5,15.319588176962746,hyderabad
Tata Nexon,Tata,Nexon,5,25596.0,2,Petrol,Automatic,17.05,1199.0,118.35,5,13.80647082239335,hyderabad
Maruti Vitara Brezza,Maruti,Vitara Brezza,9,89681.0,1,Diesel,Manual,24.3,1248.0,88.5,5,13.519797657900346,hyderabad
Maruti Ertiga,Maruti,Ertiga,8,42000.0,1,Petrol,Manual,19.01,1462.0,103.26,7,13.623139877437296,hyderabad
Renault Triber,Renault,Triber,4,29302.0,1,Petrol,Automatic,18.2,999.0,71.01,7,13.554147092530322,hyderabad
Honda City,Honda,City,11,41200.0,1,Petrol,Automatic,18.0,1497.0,117.3,5,13.521140839642674,hyderabad
Tata Harrier,Tata,Harrier,5,70076.0,1,Diesel,Manual,16.35,1949.5,167.67,5,14.389311544271775,hyderabad
Ford Ecosport,Ford,Ecosport,8,90114.0,1,Diesel,Manual,23.0,1498.0,98.96,5,13.547632419997361,hyderabad
Mahindra Bolero,Mahindra,Bolero,12,80000.0,4,Diesel,Manual,15.96,1949.5,63.0,9,12.429220196836383,hyderabad
Renault Duster,Renault,Duster,7,5933.0,1,Petrol,Automatic,14.99,1498.0,104.5,5,13.635188201437066,hyderabad
Tata Tiago,Tata,Tiago,9,30000.0,1,Petrol,Manual,23.84,1199.0,84.0,5,13.060490101343552,hyderabad
Maruti Alto K10,Maruti,Alto K10,15,60000.0,1,Petrol,Manual,20.92,998.0,67.1,5,12.206077645517674,hyderabad
Audi A4,Audi,A4,13,66000.0,1,Diesel,Automatic,16.55,1949.5,147.51,5,14.07710606547538,hyderabad
Skoda Octavia,Skoda,Octavia,19,110000.0,1,Diesel,Manual,18.7,1896.0,180.02499999999998,5,12.425212191503038,hyderabad
Skoda Superb,Skoda,Superb,19,133000.0,1,Diesel,Automatic,11.9,1949.5,163.2,5,12.53897064502647,hyderabad
Ford Figo,Ford,Figo,15,61000.0,1,Diesel,Manual,20.0,1399.0,68.0,5,12.644330802262578,hyderabad
Renault KWID,Renault,KWID,5,29828.0,1,Petrol,Manual,21.46,999.0,67.06,5,12.94323910384853,hyderabad
Hyundai EON,Hyundai,EON,11,58321.0,3,Petrol,Manual,21.1,814.0,55.2,5,12.456831363877356,hyderabad
Volvo S60,Volvo,S60,14,85000.0,1,Diesel,Automatic,18.5,1949.5,163.0,5,13.591117476312084,hyderabad
Honda Amaze,Honda,Amaze,7,37566.0,2,Petrol,Manual,19.5,1199.0,88.76,5,13.340696979437066,hyderabad
Maruti Alto 800,Maruti,Alto 800,10,60610.0,2,Petrol,Manual,22.05,796.0,47.33,5,12.380030154325457,hyderabad
Volkswagen Polo,Volkswagen,Polo,15,30000.0,1,Petrol,Manual,16.47,1198.0,73.9,5,12.807655372286902,hyderabad
Maruti Baleno,Maruti,Baleno,7,32098.0,1,Petrol,Automatic,21.4,1197.0,83.1,5,13.531821834802397,hyderabad
Honda City,Honda,City,11,100000.0,1,Diesel,Manual,26.0,1498.0,98.6,5,13.161586013632684,hyderabad
Renault KWID,Renault,KWID,8,48556.0,1,Petrol,Automatic,23.01,999.0,67.0,5,12.884108726347916,hyderabad
Hyundai Verna,Hyundai,Verna,8,76654.0,1,Diesel,Automatic,22.0,1582.0,126.2,5,13.80647082239335,hyderabad
Toyota Glanza,Toyota,Glanza,7,39014.0,1,Petrol,Automatic,19.56,1197.0,81.8,5,13.558035621229783,hyderabad
Fiat Abarth Avventura,Fiat,Abarth Avventura,11,105000.0,2,Petrol,Manual,17.1,1368.0,140.0,5,13.07107218827772,hyderabad
Chevrolet Cruze,Chevrolet,Cruze,16,95000.0,1,Diesel,Manual,18.3,1949.5,147.9,5,13.049794835104816,hyderabad
Toyota Fortuner,Toyota,Fortuner,16,122000.0,1,Diesel,Manual,11.5,1949.5,171.0,7,13.99699926803766,hyderabad
Mahindra XUV300,Mahindra,XUV300,4,10000.0,1,Petrol,Automatic,16.5,1197.0,108.62,5,14.077875591662238,hyderabad
Ford Endeavour,Ford,Endeavour,6,45000.0,1,Diesel,Automatic,12.62,1949.5,158.0,7,15.089476013830486,hyderabad
Ford Ecosport,Ford,Ecosport,9,80000.0,1,Diesel,Manual,23.0,1498.0,98.96,5,13.45883704259595,hyderabad
Ford Ecosport,Ford,Ecosport,11,120000.0,1,Diesel,Manual,22.77,1498.0,98.59,5,13.017005083966255,hyderabad
Ford Endeavour,Ford,Endeavour,6,44989.0,1,Diesel,Automatic,12.4,1949.5,167.62,7,15.176487367510099,hyderabad
Hyundai EON,Hyundai,EON,10,68336.0,2,Petrol,Manual,21.1,814.0,55.2,5,12.574185427296195,hyderabad
Maruti Swift,Maruti,Swift,13,79202.0,1,Petrol,Manual,22.38,1197.0,88.5,5,12.90669432231532,hyderabad
Toyota Innova,Toyota,Innova,18,150000.0,2,Diesel,Manual,12.8,1949.5,102.0,8,12.847929163278053,hyderabad
Honda Jazz,Honda,Jazz,8,101883.0,2,Diesel,Manual,27.3,1498.0,98.6,5,13.332625923631754,hyderabad
Hyundai Creta,Hyundai,Creta,8,105405.0,1,Diesel,Automatic,17.6,1582.0,126.2,5,13.991143965533254,hyderabad
Hyundai Verna,Hyundai,Verna,14,120000.0,1,Petrol,Manual,17.01,1591.0,121.3,5,12.73670383776449,hyderabad
Volkswagen Polo,Volkswagen,Polo,5,55053.0,1,Petrol,Automatic,16.47,999.0,108.62,5,13.73755009757506,hyderabad
Maruti Baleno,Maruti,Baleno,4,10000.0,1,Petrol,Manual,22.35,1197.0,88.5,5,13.652992804936396,hyderabad
Maruti Alto K10,Maruti,Alto K10,11,111046.0,1,Petrol,Manual,24.39,998.0,65.71,5,12.323860125621126,hyderabad
Maruti Celerio,Maruti,Celerio,4,1457.0,1,Cng,Manual,28.25,998.0,55.92,5,13.447342679685468,hyderabad
Mahindra Bolero Neo,Mahindra,Bolero Neo,4,63752.0,1,Diesel,Manual,17.29,1493.0,100.0,7,13.981025843899115,hyderabad
Tata Manza,Tata,Manza,16,80000.0,2,Diesel,Manual,19.0,1248.0,90.0,5,12.180759965737863,hyderabad
Hyundai Xcent,Hyundai,Xcent,8,50000.0,1,Diesel,Manual,25.4,1186.0,73.97,5,12.948012371209098,hyderabad
Maruti Swift,Maruti,Swift,14,91543.0,3,Diesel,Manual,22.9,1248.0,74.0,5,12.765691290604371,hyderabad
Ford Aspire,Ford,Aspire,7,60000.0,1,Diesel,Manual,26.1,1498.0,99.23,5,13.28787951079572,hyderabad
Tata Nexon,Tata,Nexon,5,30000.0,1,Diesel,Manual,23.22,1497.0,113.42,5,13.774689605110144,hyderabad
Maruti Vitara Brezza,Maruti,Vitara Brezza,9,74320.0,1,Diesel,Manual,24.3,1248.0,88.5,5,13.527829818844937,hyderabad
Chevrolet Beat,Chevrolet,Beat,12,70000.0,2,Diesel,Manual,25.44,936.0,56.3,5,12.388398368982115,hyderabad
Maruti Brezza,Maruti,Brezza,4,10000.0,1,Petrol,Manual,19.89,1462.0,101.65,5,14.04662307257814,hyderabad
Honda City,Honda,City,10,53326.0,2,Petrol,Manual,17.8,1497.0,117.3,5,13.332625923631754,hyderabad
Maruti Swift Dzire,Maruti,Swift Dzire,7,97112.0,1,Diesel,Automatic,28.25,1248.0,74.02,5,13.554147092530322,hyderabad
Hyundai Grand i10,Hyundai,Grand i10,8,8345.0,1,Petrol,Automatic,18.9,1197.0,81.86,5,13.372345140303285,hyderabad
Maruti Wagon R,Maruti,Wagon R,12,45852.0,2,Petrol,Manual,20.51,998.0,67.04,5,12.669809806411457,hyderabad
Volkswagen Polo,Volkswagen,Polo,10,90000.0,1,Diesel,Manual,21.49,1498.0,108.5,5,13.3374763699232,hyderabad
Nissan Magnite,Nissan,Magnite,4,12094.0,1,Petrol,Automatic,17.4,999.0,98.63,5,13.765270393051685,hyderabad
Maruti Ertiga,Maruti,Ertiga,5,20000.0,1,Petrol,Automatic,17.99,1462.0,103.26,7,13.710151153416941,hyderabad
Hyundai Alcazar,Hyundai,Alcazar,5,30111.0,1,Diesel,Manual,20.4,1493.0,113.98,6,14.40773181993426,hyderabad
Maruti Swift,Maruti,Swift,8,34840.0,1,Petrol,Automatic,22.56,1197.0,88.5,5,13.41354083387756,hyderabad
Skoda Rapid,Skoda,Rapid,8,100000.0,2,Diesel,Automatic,21.72,1498.0,108.6,5,13.429849547739444,hyderabad
Volkswagen Vento,Volkswagen,Vento,13,110807.0,2,Diesel,Manual,20.54,1598.0,103.6,5,12.837347081942964,hyderabad
Kia Sonet,Kia,Sonet,4,10000.0,1,Petrol,Manual,18.4,1197.0,81.86,5,13.864301674514206,hyderabad
Hyundai Aura,Hyundai,Aura,5,38370.0,1,Petrol,Manual,20.5,1197.0,81.86,5,13.304686600863562,hyderabad
Maruti Vitara Brezza,Maruti,Vitara Brezza,6,60000.0,1,Petrol,Manual,17.03,1462.0,103.26,5,13.68767832281738,hyderabad
Renault Triber,Renault,Triber,6,30000.0,1,Petrol,Manual,20.0,999.0,71.01,7,13.369225017834633,hyderabad
Hyundai Accent,Hyundai,Accent,23,120000.0,2,Diesel,Manual,13.1,1493.0,82.0,5,11.289794413577894,hyderabad
Mahindra XUV300,Mahindra,XUV300,6,50000.0,1,Petrol,Manual,17.0,1197.0,108.6,5,13.652992804936396,hyderabad
BMW 3 Series,BMW,3 Series,14,70000.0,1,Diesel,Automatic,18.88,1949.5,180.02499999999998,5,13.710151153416941,hyderabad
Hyundai Santro Xing,Hyundai,Santro Xing,16,90566.0,2,Petrol,Manual,17.92,1086.0,62.1,5,12.180759965737863,hyderabad
Hyundai Verna,Hyundai,Verna,7,67370.0,2,Diesel,Automatic,22.0,1582.0,126.2,5,13.847978716155518,hyderabad
MG Hector,MG,Hector,5,20000.0,1,Petrol,Automatic,13.96,1451.0,141.0,5,14.346139397261565,hyderabad
Mahindra Marazzo,Mahindra,Marazzo,5,19661.0,1,Diesel,Manual,17.3,1497.0,120.96,8,14.05295220262253,hyderabad
Hyundai Venue,Hyundai,Venue,5,58177.0,1,Diesel,Manual,23.7,1493.0,98.6,5,13.928840136128022,hyderabad
Maruti SX4 S Cross,Maruti,SX4 S Cross,6,40000.0,1,Petrol,Manual,18.55,1462.0,103.25,5,13.652992804936396,hyderabad
Renault Duster,Renault,Duster,13,76134.0,1,Diesel,Manual,20.46,1461.0,83.8,5,12.919024904363686,hyderabad
Honda City,Honda,City,12,90102.0,1,Diesel,Manual,26.0,1498.0,98.6,5,13.20302312543853,hyderabad
Datsun RediGO,Datsun,RediGO,7,32329.0,2,Petrol,Manual,22.7,799.0,53.64,5,12.567240979056246,hyderabad
Mahindra XUV300,Mahindra,XUV300,6,50000.0,1,Petrol,Manual,17.0,1197.0,108.6,5,13.60479076121576,hyderabad
Tata Nexon,Tata,Nexon,6,72812.0,2,Petrol,Automatic,16.35,1199.0,118.36,5,13.784020922864116,hyderabad
Hyundai Xcent,Hyundai,Xcent,10,120000.0,3,Diesel,Manual,24.4,1120.0,71.0,5,12.54254845357358,hyderabad
Hyundai i20,Hyundai,i20,7,30000.0,2,Petrol,Automatic,17.4,1197.0,81.86,5,13.45883704259595,hyderabad
Hyundai i20,Hyundai,i20,7,60000.0,2,Diesel,Manual,22.54,1396.0,88.76,5,13.45883704259595,hyderabad
Honda Amaze,Honda,Amaze,8,60000.0,2,Diesel,Manual,25.8,1498.0,98.6,5,13.304686600863562,hyderabad
Hyundai Venue,Hyundai,Venue,4,30000.0,2,Petrol,Manual,17.52,1197.0,81.86,5,13.681980308196241,hyderabad
Jeep Compass,Jeep,Compass,4,24916.0,1,Diesel,Automatic,14.9,1949.5,167.67,5,14.97239206922172,hyderabad
Hyundai EON,Hyundai,EON,11,25121.0,1,Petrol,Manual,21.1,814.0,55.2,5,12.53897064502647,hyderabad
Hyundai i10,Hyundai,i10,15,95916.0,2,Petrol,Manual,20.36,1197.0,78.9,5,12.404927602627597,hyderabad
Maruti Ritz,Maruti,Ritz,10,98076.0,2,Diesel,Manual,23.2,1248.0,73.94,5,12.611541086966115,hyderabad
Renault KWID,Renault,KWID,8,84020.0,1,Petrol,Manual,23.01,999.0,67.0,5,12.733758336210744,hyderabad
Maruti Alto 800,Maruti,Alto 800,11,49692.0,2,Petrol,Manual,22.05,796.0,47.33,5,12.464587201678082,hyderabad
Hyundai Getz,Hyundai,Getz,18,90000.0,2,Petrol,Manual,14.2,1341.0,82.9,5,11.918397239722838,hyderabad
Hyundai i10,Hyundai,i10,15,96502.0,1,Petrol,Manual,20.36,1197.0,78.9,5,12.502470376049185,hyderabad
Jaguar XJ,Jaguar,XJ,8,60000.0,2,Diesel,Automatic,14.47,1949.5,180.02499999999998,5,15.656060350091908,hyderabad
Renault KWID,Renault,KWID,7,37634.0,1,Petrol,Manual,23.01,999.0,67.0,5,12.899222326086994,hyderabad
Maruti Alto,Maruti,Alto,14,64934.0,2,Petrol,Manual,19.7,796.0,46.3,5,12.160033942617156,hyderabad
Maruti Wagon R,Maruti,Wagon R,4,30000.0,1,Petrol,Manual,24.35,998.0,65.71,5,13.270785106659046,hyderabad
Hyundai i10,Hyundai,i10,15,61609.0,2,Petrol,Automatic,16.95,1197.0,78.9,5,12.688501881189456,hyderabad
Skoda Rapid,Skoda,Rapid,8,80000.0,1,Petrol,Automatic,14.84,1598.0,103.2,5,13.664688831019712,hyderabad
Tata New Safari,Tata,New Safari,5,60000.0,1,Diesel,Manual,16.14,1949.5,167.67,6,14.557448378884015,hyderabad
Maruti Ertiga,Maruti,Ertiga,10,70000.0,2,Diesel,Manual,24.52,1248.0,88.5,7,13.579789490265188,hyderabad
Maruti Wagon R,Maruti,Wagon R,14,80000.0,2,Cng,Manual,26.2,998.0,58.2,5,12.468440756144114,hyderabad
Tata Indica V2,Tata,Indica V2,10,120000.0,2,Diesel,Manual,25.0,1396.0,69.0,5,11.51293546492023,hyderabad
Tata Hexa,Tata,Hexa,9,80000.0,3,Diesel,Manual,17.6,1949.5,153.86,7,13.864301674514206,hyderabad
Maruti Ritz,Maruti,Ritz,10,120000.0,1,Diesel,Manual,23.2,1248.0,73.94,5,12.506180941677357,hyderabad
Maruti Swift,Maruti,Swift,17,120000.0,2,Diesel,Manual,17.8,1248.0,75.0,5,12.429220196836383,hyderabad
Volkswagen Polo,Volkswagen,Polo,5,30088.0,1,Petrol,Manual,17.74,999.0,75.1,5,13.503537159062734,hyderabad
Datsun RediGO,Datsun,RediGO,9,65094.0,2,Petrol,Manual,22.7,799.0,53.64,5,12.51723073716405,hyderabad
Maruti Swift,Maruti,Swift,17,120000.0,2,Diesel,Manual,17.8,1248.0,75.0,5,12.429220196836383,hyderabad
Maruti Alto,Maruti,Alto,16,55024.0,1,Petrol,Manual,19.7,796.0,46.3,5,12.07254696717504,hyderabad
Renault Triber,Renault,Triber,6,21687.0,2,Petrol,Automatic,18.2,999.0,71.01,7,13.461690107508359,hyderabad
Toyota Innova,Toyota,Innova,13,120000.0,1,Diesel,Manual,12.99,1949.5,100.0,7,13.897091466615258,hyderabad
Datsun GO,Datsun,GO,9,72762.0,1,Petrol,Manual,19.02,1198.0,67.05,5,12.53897064502647,hyderabad
Maruti Wagon R,Maruti,Wagon R,9,52791.0,1,Petrol,Automatic,20.51,998.0,67.0,5,12.866182555987908,hyderabad
Renault Duster,Renault,Duster,14,67879.0,1,Diesel,Manual,20.45,1461.0,83.8,5,12.855792879125431,hyderabad
Maruti Baleno,Maruti,Baleno,8,60053.0,1,Petrol,Manual,21.4,1197.0,83.1,5,13.304686600863562,hyderabad
Nissan Magnite,Nissan,Magnite,5,23316.0,1,Petrol,Manual,18.75,999.0,71.02,5,13.608487618541492,hyderabad
Renault KWID,Renault,KWID,9,50000.0,2,Petrol,Automatic,24.04,999.0,67.0,5,12.765691290604371,hyderabad
Hyundai Santro Xing,Hyundai,Santro Xing,19,100000.0,2,Petrol,Manual,17.92,1086.0,62.1,5,11.951186847493476,hyderabad
Hyundai EON,Hyundai,EON,10,60000.0,2,Lpg,Manual,21.1,814.0,55.2,5,12.100717685412471,hyderabad
Honda City,Honda,City,8,20000.0,1,Petrol,Automatic,18.0,1497.0,117.6,5,13.864301674514206,hyderabad
Tata Indica V2,Tata,Indica V2,11,120000.0,1,Diesel,Manual,17.88,1405.0,48.21,5,12.100717685412471,hyderabad
Jeep Compass,Jeep,Compass,8,30000.0,2,Petrol,Manual,16.0,1368.0,160.0,5,13.698977865303197,hyderabad
Maruti Swift,Maruti,Swift,7,70000.0,1,Diesel,Manual,28.25,1248.0,74.0,5,13.45883704259595,hyderabad
Nissan Magnite,Nissan,Magnite,4,10000.0,2,Petrol,Manual,18.75,999.0,71.02,5,13.369225017834633,hyderabad
Renault KWID,Renault,KWID,10,42203.0,2,Petrol,Manual,25.17,799.0,53.3,5,12.577639650232573,hyderabad
Maruti SX4 S Cross,Maruti,SX4 S Cross,6,27653.0,1,Petrol,Automatic,18.43,1462.0,103.25,5,13.81451105863119,hyderabad
Audi Q5,Audi,Q5,13,100000.0,2,Diesel,Automatic,14.16,1949.5,174.3,5,14.403297778421795,hyderabad
Datsun GO,Datsun,GO,10,67429.0,1,Petrol,Manual,19.02,1198.0,67.05,5,12.563750586299374,hyderabad
Renault KWID,Renault,KWID,9,65192.0,1,Petrol,Manual,23.01,999.0,67.0,5,12.587931300962664,hyderabad
Tata Altroz,Tata,Altroz,5,26893.0,1,Diesel,Manual,23.64,1497.0,88.77,5,13.531821834802397,hyderabad
Chevrolet Cruze,Chevrolet,Cruze,16,90000.0,2,Diesel,Automatic,18.1,1949.5,147.9,5,12.765691290604371,hyderabad
Maruti Vitara Brezza,Maruti,Vitara Brezza,8,70167.0,2,Diesel,Manual,24.3,1248.0,88.5,5,13.441545570402797,hyderabad
Maruti Eeco,Maruti,Eeco,10,84542.0,2,Petrol,Manual,15.37,1196.0,73.0,5,12.837347081942964,hyderabad
Volkswagen Polo,Volkswagen,Polo,11,50000.0,1,Petrol,Automatic,17.21,1197.0,103.6,5,13.304686600863562,hyderabad
Maruti Alto 800,Maruti,Alto 800,9,36027.0,1,Petrol,Manual,24.7,796.0,47.3,5,12.691583538230217,hyderabad
Volkswagen Polo,Volkswagen,Polo,11,50000.0,1,Petrol,Automatic,17.21,1197.0,103.6,5,13.304686600863562,hyderabad
Volkswagen Polo,Volkswagen,Polo,11,50000.0,1,Petrol,Automatic,17.21,1197.0,103.6,5,13.304686600863562,hyderabad
Ford Figo,Ford,Figo,13,10000.0,1,Petrol,Manual,15.6,1196.0,70.02,5,12.899222326086994,hyderabad
Volkswagen Vento,Volkswagen,Vento,15,90000.0,5,Diesel,Manual,20.54,1598.0,103.6,5,12.611541086966115,hyderabad
Tata Indigo Marina,Tata,Indigo Marina,22,70000.0,3,Petrol,Manual,12.8,1396.0,85.0,5,11.289794413577894,hyderabad
Tata Indica V2,Tata,Indica V2,10,100000.0,1,Diesel,Manual,25.0,1396.0,69.0,5,12.206077645517674,hyderabad
Honda Amaze,Honda,Amaze,5,40000.0,1,Petrol,Manual,18.6,1199.0,88.76,5,13.487007879880162,hyderabad
Honda WR-V,Honda,WR-V,5,77687.0,1,Petrol,Manual,16.5,1199.0,88.5,5,13.877546888732908,hyderabad
Maruti Baleno,Maruti,Baleno,10,52456.0,1,Petrol,Manual,21.4,1197.0,83.1,5,13.380103119076898,hyderabad
Volkswagen Virtus,Volkswagen,Virtus,4,24000.0,1,Petrol,Manual,19.4,999.0,113.98,5,14.301018989130402,hyderabad
Honda Jazz,Honda,Jazz,5,42674.0,1,Petrol,Manual,17.1,1199.0,88.5,5,13.648275820620759,hyderabad
Maruti S-Presso,Maruti,S-Presso,7,44903.0,1,Petrol,Manual,21.7,998.0,65.71,5,13.034626646500051,hyderabad
Maruti Wagon R,Maruti,Wagon R,18,65000.0,1,Petrol,Manual,21.79,998.0,67.05,5,12.180759965737863,hyderabad
Maruti Swift,Maruti,Swift,13,72205.0,2,Petrol,Manual,22.38,1197.0,88.5,5,12.959846800844963,hyderabad
Ford Ecosport,Ford,Ecosport,11,70000.0,1,Diesel,Manual,22.77,1498.0,98.59,5,13.384729180332174,hyderabad
Volkswagen Polo,Volkswagen,Polo,7,101306.0,2,Petrol,Manual,17.74,999.0,75.1,5,13.277657974137664,hyderabad
Hyundai i10,Hyundai,i10,17,60000.0,2,Petrol,Manual,20.36,1197.0,78.9,5,12.301387370778713,hyderabad
Maruti Swift,Maruti,Swift,8,81028.0,1,Petrol,Manual,22.38,1197.0,88.5,5,13.335862167174314,hyderabad
Honda WR-V,Honda,WR-V,8,80000.0,1,Diesel,Manual,25.5,1498.0,98.6,5,13.45883704259595,hyderabad
Tata Harrier,Tata,Harrier,5,20000.0,1,Diesel,Automatic,14.6,1949.5,167.67,5,14.508658238524095,hyderabad
Maruti Swift Dzire,Maruti,Swift Dzire,10,120000.0,1,Diesel,Manual,26.59,1248.0,74.0,5,13.017005083966255,hyderabad
Tata Harrier,Tata,Harrier,5,20000.0,1,Diesel,Automatic,14.6,1949.5,167.67,5,14.508658238524095,hyderabad
Renault KWID,Renault,KWID,10,52442.0,3,Petrol,Manual,25.17,799.0,53.3,5,12.319405795112926,hyderabad
Renault Duster,Renault,Duster,12,90001.0,2,Diesel,Manual,19.01,1461.0,108.45,5,12.850557278777309,hyderabad
Maruti Swift,Maruti,Swift,12,87966.0,3,Petrol,Manual,22.38,1197.0,88.5,5,13.036807667689546,hyderabad
Maruti Baleno,Maruti,Baleno,7,105614.0,1,Petrol,Manual,21.4,1197.0,83.1,5,13.355062726308148,hyderabad
Honda City,Honda,City,6,11249.0,1,Petrol,Manual,18.6,1498.0,119.35,5,13.765270393051685,hyderabad
Hyundai Grand i10,Hyundai,Grand i10,8,39264.0,2,Petrol,Manual,18.9,1197.0,81.86,5,13.184400648021263,hyderabad
Maruti Alto 800,Maruti,Alto 800,9,68359.0,1,Petrol,Manual,24.7,796.0,47.3,5,12.614868865984631,hyderabad
Hyundai i10,Hyundai,i10,16,49500.0,1,Petrol,Manual,19.81,1086.0,68.05,5,12.409017571151187,hyderabad
Volkswagen Polo,Volkswagen,Polo,5,51466.0,2,Petrol,Automatic,16.47,999.0,108.62,5,13.793264949016955,hyderabad
Volkswagen Vento,Volkswagen,Vento,13,99929.0,2,Diesel,Manual,20.54,1598.0,103.6,5,12.660331092405906,hyderabad
Maruti Wagon R,Maruti,Wagon R,13,64628.0,1,Petrol,Manual,18.9,998.0,67.1,5,12.75130259456002,hyderabad
Maruti Ignis,Maruti,Ignis,8,79151.0,1,Petrol,Automatic,20.89,1197.0,81.8,5,13.260386417460465,hyderabad
Maruti Celerio,Maruti,Celerio,9,78131.0,1,Petrol,Manual,23.1,998.0,67.04,5,12.91164481522143,hyderabad
Maruti Vitara Brezza,Maruti,Vitara Brezza,9,103256.0,1,Diesel,Manual,24.3,1248.0,88.5,5,13.626768433367397,hyderabad
Tata Indigo,Tata,Indigo,19,0.0,3,Diesel,Manual,17.0,1405.0,70.0,5,9.911554923613886,hyderabad
Maruti Vitara Brezza,Maruti,Vitara Brezza,5,45794.0,1,Petrol,Manual,17.03,1462.0,103.26,5,13.565767608549109,hyderabad
Honda Mobilio,Honda,Mobilio,10,60000.0,1,Diesel,Manual,24.2,1498.0,98.6,7,13.304686600863562,hyderabad
Maruti Swift Dzire,Maruti,Swift Dzire,4,20000.0,1,Petrol,Manual,22.41,1197.0,88.5,5,13.573440270649085,hyderabad
Honda Mobilio,Honda,Mobilio,10,60000.0,1,Diesel,Manual,24.2,1498.0,98.6,7,13.304686600863562,hyderabad
Chevrolet Sail,Chevrolet,Sail,11,80000.0,2,Petrol,Manual,18.2,1199.0,82.4,5,12.345834587905333,hyderabad
Ford Ecosport,Ford,Ecosport,11,60000.0,1,Petrol,Automatic,16.5,1499.0,110.0,5,13.353476685668044,hyderabad
Hyundai i20,Hyundai,i20,16,60000.0,2,Petrol,Manual,17.0,1197.0,180.02499999999998,5,12.468440756144114,hyderabad
Hyundai i20,Hyundai,i20,10,67407.0,3,Petrol,Manual,18.6,1197.0,81.83,5,13.279368835614243,hyderabad
Maruti S-Presso,Maruti,S-Presso,7,58713.0,2,Petrol,Manual,21.7,998.0,65.71,5,12.999067423500716,hyderabad
Volkswagen Jetta,Volkswagen,Jetta,10,90000.0,1,Diesel,Automatic,16.96,1949.5,138.03,5,13.815511557963774,hyderabad
Hyundai Grand i10 Nios,Hyundai,Grand i10 Nios,5,33798.0,1,Petrol,Manual,20.7,1197.0,81.86,5,13.334245354561496,hyderabad
Hyundai Grand i10,Hyundai,Grand i10,10,33190.0,1,Petrol,Manual,18.9,1197.0,82.0,5,13.102162710901053,hyderabad
Maruti Swift,Maruti,Swift,6,30000.0,1,Petrol,Manual,21.21,1197.0,81.8,5,13.279368835614243,hyderabad
Hyundai i20,Hyundai,i20,10,56346.0,2,Petrol,Manual,18.6,1197.0,81.83,5,13.28448392755959,hyderabad
Maruti Ciaz,Maruti,Ciaz,9,80000.0,1,Diesel,Manual,28.09,1248.0,88.5,5,13.652992804936396,hyderabad
Maruti Baleno,Maruti,Baleno,8,59512.0,2,Petrol,Automatic,21.4,1197.0,83.1,5,13.464535055593716,hyderabad
Chevrolet Captiva,Chevrolet,Captiva,16,120000.0,2,Diesel,Automatic,12.12,1949.5,180.02499999999998,7,12.92391243868049,hyderabad
Maruti Ignis,Maruti,Ignis,9,81342.0,2,Diesel,Automatic,26.8,1248.0,74.0,5,13.275944180597024,hyderabad
Jeep Compass,Jeep,Compass,8,40000.0,1,Diesel,Manual,17.1,1949.5,170.0,5,14.220976332738882,hyderabad
Hyundai i20 N Line,Hyundai,i20 N Line,4,10000.0,1,Petrol,Automatic,20.25,998.0,118.41,5,13.955273369904273,hyderabad
Ford Ecosport,Ford,Ecosport,11,60000.0,1,Petrol,Automatic,16.5,1499.0,110.0,5,13.353476685668044,hyderabad
Ford Figo,Ford,Figo,15,120000.0,2,Diesel,Manual,20.0,1399.0,68.0,5,11.918397239722838,hyderabad
Maruti Swift Dzire,Maruti,Swift Dzire,9,110000.0,1,Diesel,Manual,26.59,1248.0,74.0,5,13.384729180332174,hyderabad
Honda WR-V,Honda,WR-V,9,30000.0,1,Diesel,Manual,25.5,1498.0,98.6,5,13.487007879880162,hyderabad
Maruti Alto K10,Maruti,Alto K10,8,44478.0,1,Petrol,Manual,24.39,998.0,65.71,5,12.765691290604371,hyderabad
Hyundai Grand i10 Nios,Hyundai,Grand i10 Nios,6,29765.0,2,Petrol,Manual,20.7,1197.0,81.86,5,13.378556330751158,hyderabad
Tata Harrier,Tata,Harrier,5,30000.0,1,Diesel,Automatic,14.6,1949.5,167.67,5,14.648420115681892,hyderabad
Maruti Baleno,Maruti,Baleno,9,83688.0,1,Petrol,Manual,21.4,1197.0,83.1,5,13.25339339419516,hyderabad
Hyundai Grand i10,Hyundai,Grand i10,8,52704.0,2,Petrol,Automatic,18.9,1197.0,81.86,5,13.281076775042335,hyderabad
Jeep Compass,Jeep,Compass,9,40000.0,2,Diesel,Manual,17.1,1949.5,170.0,5,14.038654909278163,hyderabad
Maruti Ignis,Maruti,Ignis,7,51278.0,2,Petrol,Manual,20.89,1197.0,81.8,5,13.130333531178522,hyderabad
Ford Ecosport,Ford,Ecosport,13,110000.0,1,Diesel,Manual,22.7,1498.0,89.84,5,13.017005083966255,hyderabad
Maruti Wagon R,Maruti,Wagon R,11,89218.0,1,Petrol,Manual,20.51,998.0,67.04,5,12.724869415131389,hyderabad
Maruti Swift Dzire,Maruti,Swift Dzire,8,88900.0,1,Diesel,Automatic,28.25,1248.0,74.02,5,13.589865129563993,hyderabad
Chevrolet Spark,Chevrolet,Spark,17,70000.0,1,Petrol,Manual,16.5,995.0,63.0,5,11.51293546492023,hyderabad
Renault KWID,Renault,KWID,8,96639.0,1,Petrol,Manual,23.01,999.0,67.0,5,12.799402253235032,hyderabad
Honda Amaze,Honda,Amaze,7,19100.0,1,Petrol,Manual,19.5,1199.0,88.76,5,13.527829818844937,hyderabad
Ford Ikon,Ford,Ikon,22,100000.0,2,Petrol,Manual,14.2,1597.0,92.0,5,11.407576060361786,hyderabad
Maruti XL6,Maruti,XL6,5,70000.0,2,Petrol,Manual,19.01,1462.0,103.2,6,13.845070331079134,hyderabad
Tata Tiago,Tata,Tiago,5,10000.0,2,Petrol,Manual,19.01,1199.0,84.82,5,13.45883704259595,hyderabad
Hyundai Grand i10,Hyundai,Grand i10,12,100000.0,3,Diesel,Manual,24.0,1120.0,70.0,5,12.886643575525625,hyderabad
Skoda Rapid,Skoda,Rapid,7,50000.0,1,Petrol,Manual,14.3,1598.0,103.2,5,13.629182184591333,hyderabad
Toyota Fortuner,Toyota,Fortuner,12,120000.0,1,Diesel,Automatic,12.55,1949.5,168.5,7,14.220976332738882,hyderabad
Hyundai i20,Hyundai,i20,15,114000.0,1,Petrol,Manual,18.5,1197.0,180.02499999999998,5,12.54254845357358,hyderabad
Hyundai Santro,Hyundai,Santro,7,57435.0,1,Petrol,Manual,20.3,1086.0,68.0,5,13.091904169919621,hyderabad
Hyundai Santro,Hyundai,Santro,7,24978.0,2,Petrol,Manual,20.3,1086.0,68.0,5,13.112315061750808,hyderabad
Hyundai Xcent,Hyundai,Xcent,10,73322.0,1,Petrol,Automatic,19.1,1197.0,82.0,5,13.017005083966255,hyderabad
Honda Brio,Honda,Brio,12,47784.0,2,Petrol,Manual,19.4,1198.0,86.8,5,12.891694078557842,hyderabad
Toyota Glanza,Toyota,Glanza,6,80643.0,1,Petrol,Automatic,19.56,1197.0,81.8,5,13.481436842589853,hyderabad
Skoda Rapid,Skoda,Rapid,7,48683.0,1,Petrol,Manual,14.3,1598.0,103.2,5,13.629182184591333,hyderabad
Maruti Wagon R Stingray,Maruti,Wagon R Stingray,10,87908.0,1,Petrol,Manual,20.51,998.0,67.04,5,12.847929163278053,hyderabad
Chevrolet Sail,Chevrolet,Sail,13,120000.0,1,Petrol,Manual,18.2,1199.0,82.4,5,12.206077645517674,hyderabad
Maruti Celerio,Maruti,Celerio,10,61822.0,1,Petrol,Automatic,23.1,998.0,67.04,5,13.038981768465277,hyderabad
Maruti Alto 800,Maruti,Alto 800,5,23748.0,1,Petrol,Manual,22.05,796.0,47.33,5,12.92391243868049,hyderabad
Volkswagen Polo,Volkswagen,Polo,16,120000.0,2,Petrol,Manual,16.47,1198.0,73.9,5,12.429220196836383,hyderabad
Maruti Wagon R,Maruti,Wagon R,10,84484.0,1,Petrol,Automatic,20.51,998.0,67.0,5,12.919024904363686,hyderabad
Renault KWID,Renault,KWID,8,10000.0,1,Petrol,Automatic,24.04,999.0,67.0,5,12.899222326086994,hyderabad
Renault KWID,Renault,KWID,8,10000.0,1,Petrol,Automatic,24.04,999.0,67.0,5,12.899222326086994,hyderabad
Mercedes-Benz B Class,Mercedes-Benz,B Class,12,60000.0,1,Petrol,Automatic,11.9,1595.0,120.7,5,13.910821646859095,hyderabad
Hyundai i20,Hyundai,i20,15,70000.0,2,Petrol,Manual,17.0,1197.0,180.02499999999998,5,12.644330802262578,hyderabad
Maruti Swift,Maruti,Swift,8,50000.0,2,Petrol,Automatic,21.21,1197.0,81.8,5,13.384729180332174,hyderabad
Tata Bolt,Tata,Bolt,11,100000.0,1,Diesel,Manual,22.95,1248.0,74.0,5,12.765691290604371,hyderabad
Toyota Innova,Toyota,Innova,21,150000.0,1,Diesel,Manual,12.8,1949.5,102.0,8,12.624786269856633,hyderabad
Tata Nexon,Tata,Nexon,8,40000.0,2,Petrol,Manual,17.0,1198.0,108.5,5,13.527829818844937,hyderabad
Maruti Alto 800,Maruti,Alto 800,12,70145.0,1,Petrol,Manual,22.05,796.0,47.33,5,12.449018824140563,hyderabad
Honda WR-V,Honda,WR-V,5,70226.0,1,Petrol,Manual,16.5,1199.0,88.5,5,13.636385088238372,hyderabad
Tata Nexon,Tata,Nexon,5,30000.0,1,Petrol,Automatic,16.35,1199.0,118.36,5,13.976779556623864,hyderabad
Maruti Wagon R,Maruti,Wagon R,11,67993.0,2,Petrol,Manual,20.51,998.0,67.04,5,12.80216086806413,hyderabad
Maruti Baleno,Maruti,Baleno,8,73224.0,2,Petrol,Automatic,21.4,1197.0,83.1,5,13.499430382731967,hyderabad
Toyota Innova Crysta,Toyota,Innova Crysta,10,150000.0,2,Diesel,Manual,13.68,1949.5,147.8,7,14.285514812209815,hyderabad
Honda City,Honda,City,9,75199.0,2,Petrol,Manual,17.8,1497.0,117.3,5,13.558035621229783,hyderabad
Jeep Compass,Jeep,Compass,8,40000.0,1,Diesel,Manual,17.1,1949.5,170.0,5,14.187074804051692,hyderabad
Maruti Swift,Maruti,Swift,10,58671.0,1,Petrol,Manual,22.38,1197.0,88.5,5,13.28787951079572,hyderabad
Maruti Swift,Maruti,Swift,7,54187.0,1,Petrol,Manual,22.38,1197.0,88.5,5,13.274227444925158,hyderabad
Mercedes-Benz E-Class,Mercedes-Benz,E-Class,7,43000.0,1,Diesel,Automatic,16.1,1949.5,180.02499999999998,5,15.394489469099211,hyderabad
Hyundai i20,Hyundai,i20,12,63457.0,2,Petrol,Manual,18.6,1197.0,81.83,5,13.221305136851795,hyderabad
Honda City,Honda,City,12,117189.0,1,Diesel,Manual,25.1,1498.0,98.6,5,13.122365377402328,hyderabad
Mahindra Ssangyong Rexton,Mahindra,Ssangyong Rexton,12,110000.0,1,Diesel,Automatic,11.18,1949.5,180.02499999999998,7,13.592368256649284,hyderabad
Toyota Urban cruiser,Toyota,Urban cruiser,5,20000.0,1,Petrol,Manual,17.03,1462.0,103.26,5,13.76421831620775,hyderabad
Ford Ecosport,Ford,Ecosport,6,12727.0,1,Petrol,Manual,15.9,1496.0,120.69,5,13.617059619240436,hyderabad
Tata Hexa,Tata,Hexa,9,70000.0,2,Diesel,Manual,17.6,1949.5,153.86,7,13.864301674514206,hyderabad
Hyundai Santro Xing,Hyundai,Santro Xing,17,50000.0,1,Petrol,Manual,17.92,1086.0,62.1,5,12.100717685412471,hyderabad
Kia Sonet,Kia,Sonet,4,20000.0,1,Petrol,Manual,18.2,998.0,118.36,5,14.077875591662238,hyderabad
Datsun RediGO,Datsun,RediGO,7,58547.0,2,Petrol,Manual,22.7,799.0,53.64,5,12.739640688812674,hyderabad
Hyundai i20 Active,Hyundai,i20 Active,8,70784.0,1,Petrol,Manual,17.19,1197.0,81.86,5,13.470200785104238,hyderabad
Jaguar F-Pace,Jaguar,F-Pace,8,80000.0,2,Diesel,Automatic,16.38,1949.5,177.0,5,15.096444681204078,hyderabad
Maruti Ritz,Maruti,Ritz,12,94681.0,2,Petrol,Manual,18.5,1197.0,85.8,5,12.813119851828635,hyderabad
Mahindra Thar,Mahindra,Thar,13,37421.0,2,Diesel,Manual,16.55,1949.5,105.0,6,13.165424782571753,hyderabad
Skoda Rapid,Skoda,Rapid,10,100456.0,1,Diesel,Manual,21.13,1498.0,108.6,5,13.547632419997361,hyderabad
Honda Civic,Honda,Civic,18,80000.0,2,Petrol,Manual,13.5,1799.0,130.0,5,12.429220196836383,hyderabad
Maruti Swift,Maruti,Swift,13,95036.0,2,Petrol,Manual,22.38,1197.0,88.5,5,12.959846800844963,hyderabad
Hyundai EON,Hyundai,EON,11,96632.0,2,Petrol,Manual,21.1,814.0,55.2,5,12.468440756144114,hyderabad
Honda Civic,Honda,Civic,18,80000.0,2,Petrol,Manual,13.5,1799.0,130.0,5,12.429220196836383,hyderabad
Maruti Alto 800,Maruti,Alto 800,11,60976.0,1,Petrol,Manual,22.05,796.0,47.33,5,12.456831363877356,hyderabad
Maruti Zen,Maruti,Zen,25,120000.0,1,Petrol,Manual,17.3,993.0,60.0,5,11.141876276228,hyderabad
Chevrolet Spark,Chevrolet,Spark,18,88046.0,3,Petrol,Manual,18.0,995.0,62.0,5,10.819798284210286,hyderabad
Volvo XC60,Volvo,XC60,10,103000.0,1,Diesel,Automatic,14.7,1949.5,180.02499999999998,5,14.301018989130402,hyderabad
Jeep Compass,Jeep,Compass,7,9800.0,1,Petrol,Manual,16.0,1368.0,160.0,5,14.316286451937186,hyderabad
Audi Q5,Audi,Q5,16,92000.0,1,Petrol,Automatic,10.25,1949.5,180.02499999999998,5,13.955273369904273,hyderabad
Honda Mobilio,Honda,Mobilio,12,59000.0,1,Petrol,Manual,17.3,1497.0,117.3,7,13.120363378739663,hyderabad
Chevrolet Sail,Chevrolet,Sail,13,93000.0,1,Diesel,Manual,22.1,1248.0,74.0,5,12.660331092405906,hyderabad
Tata Punch,Tata,Punch,4,10000.0,1,Petrol,Automatic,18.8,1199.0,86.63,5,13.795308871054397,hyderabad
Maruti Vitara Brezza,Maruti,Vitara Brezza,9,70451.0,2,Diesel,Manual,24.3,1248.0,88.5,5,13.61827960646062,hyderabad
Maruti Swift,Maruti,Swift,8,73838.0,2,Petrol,Automatic,22.56,1197.0,88.5,5,13.249878458265119,hyderabad
Hyundai Alcazar,Hyundai,Alcazar,4,20000.0,1,Petrol,Automatic,14.2,1949.5,156.9,6,14.557448378884015,hyderabad
Renault KWID,Renault,KWID,6,22726.0,1,Petrol,Manual,22.3,799.0,53.26,5,13.008076473152153,hyderabad
Maruti Ignis,Maruti,Ignis,9,98700.0,2,Diesel,Automatic,26.8,1248.0,74.0,5,13.22672519452875,hyderabad
MG Astor,MG,Astor,4,20000.0,1,Petrol,Automatic,14.34,1349.0,138.08,5,14.430696737594902,hyderabad
Maruti Baleno,Maruti,Baleno,8,97909.0,2,Diesel,Manual,27.39,1248.0,74.0,5,13.233906541044401,hyderabad
Ford Ecosport,Ford,Ecosport,6,30000.0,1,Diesel,Manual,21.7,1498.0,98.96,5,13.864301674514206,hyderabad
Hyundai Grand i10,Hyundai,Grand i10,13,77945.0,2,Petrol,Manual,18.9,1197.0,82.0,5,12.928781055513184,hyderabad
Maruti Swift Dzire,Maruti,Swift Dzire,9,86017.0,1,Petrol,Manual,21.21,1197.0,81.8,5,13.329379172803593,hyderabad
Maruti Wagon R,Maruti,Wagon R,9,83596.0,1,Petrol,Manual,20.51,998.0,67.04,5,12.873904582205107,hyderabad
Maruti 800,Maruti,800,22,80000.0,2,Petrol,Manual,16.1,796.0,37.0,4,11.156264806643742,hyderabad
Chevrolet Optra,Chevrolet,Optra,21,110000.0,2,Petrol,Manual,17.4,1599.0,104.0,5,11.156264806643742,hyderabad
Ford Freestyle,Ford,Freestyle,7,40000.0,1,Petrol,Manual,19.0,1194.0,94.68,5,13.235693848424024,hyderabad
Maruti Swift Dzire,Maruti,Swift Dzire,4,50000.0,1,Petrol,Manual,22.41,1197.0,88.5,5,13.527829818844937,hyderabad
Toyota Qualis,Toyota,Qualis,25,120000.0,2,Diesel,Manual,13.1,1949.5,75.0,10,12.04355959836804,hyderabad
Mahindra XUV300,Mahindra,XUV300,4,10000.0,1,Petrol,Manual,16.82,1197.0,108.62,5,14.093143052138025,hyderabad
Ford Figo,Ford,Figo,11,100000.0,1,Diesel,Manual,25.83,1498.0,99.0,5,12.301387370778713,hyderabad
Maruti SX4 S Cross,Maruti,SX4 S Cross,8,79464.0,1,Diesel,Manual,25.1,1248.0,88.5,5,13.652992804936396,hyderabad
Maruti Swift Dzire,Maruti,Swift Dzire,10,87113.0,1,Petrol,Manual,22.41,1197.0,88.5,5,13.167338655091122,hyderabad
Maruti Swift Dzire,Maruti,Swift Dzire,11,52315.0,1,Petrol,Manual,22.41,1197.0,88.5,5,13.275944180597024,hyderabad
MG Hector Plus,MG,Hector Plus,6,10000.0,1,Petrol,Automatic,11.67,1451.0,141.0,6,14.375126917328105,hyderabad
Hyundai Grand i10,Hyundai,Grand i10,11,60817.0,2,Petrol,Manual,18.9,1197.0,82.0,5,13.019224835777257,hyderabad
Hyundai Xcent,Hyundai,Xcent,8,55797.0,2,Diesel,Manual,25.4,1186.0,73.97,5,13.41204494952365,hyderabad
Hyundai Verna,Hyundai,Verna,20,110000.0,2,Diesel,Manual,16.8,1493.0,110.0,5,12.180759965737863,hyderabad
Maruti Vitara Brezza,Maruti,Vitara Brezza,9,64285.0,1,Diesel,Manual,24.3,1248.0,88.5,5,13.621927022483105,hyderabad
Skoda Octavia,Skoda,Octavia,20,120000.0,2,Diesel,Manual,18.7,1896.0,180.02499999999998,5,11.982935344196433,hyderabad
Maruti Swift Dzire,Maruti,Swift Dzire,10,85948.0,1,Diesel,Automatic,26.59,1248.0,74.0,5,13.340696979437066,hyderabad
Honda City,Honda,City,13,105746.0,3,Petrol,Manual,16.8,1497.0,116.4,5,12.959846800844963,hyderabad
Honda Mobilio,Honda,Mobilio,11,100000.0,1,Petrol,Manual,17.3,1497.0,117.3,7,13.017005083966255,hyderabad
Volkswagen Vento,Volkswagen,Vento,6,45949.0,1,Petrol,Manual,17.69,999.0,108.62,5,13.835313185260453,hyderabad
Toyota Corolla,Toyota,Corolla,20,92000.0,1,Petrol,Manual,13.4,1794.0,125.0,5,12.691583538230217,hyderabad
Audi A6,Audi,A6,14,83000.0,1,Diesel,Automatic,17.68,1949.5,174.33,5,14.22030944419592,hyderabad
Hyundai i10,Hyundai,i10,18,60000.0,1,Petrol,Manual,20.36,1197.0,78.9,5,12.425212191503038,hyderabad
Hyundai i20 Active,Hyundai,i20 Active,8,75000.0,1,Diesel,Manual,21.19,1396.0,88.76,5,13.591117476312084,hyderabad
Maruti 800,Maruti,800,22,80000.0,2,Petrol,Manual,16.1,796.0,37.0,4,11.156264806643742,hyderabad
Maruti Swift,Maruti,Swift,13,71000.0,1,Diesel,Manual,22.9,1248.0,74.0,5,12.873904582205107,hyderabad
Hyundai Verna,Hyundai,Verna,11,84000.0,1,Petrol,Manual,17.01,1591.0,121.3,5,13.270785106659046,hyderabad
Maruti Celerio,Maruti,Celerio,8,110000.0,1,Petrol,Manual,23.1,998.0,67.04,5,12.847929163278053,hyderabad
Hyundai i10,Hyundai,i10,15,48659.0,1,Petrol,Manual,20.36,1197.0,78.9,5,12.483708170000067,hyderabad
Hyundai Santro,Hyundai,Santro,7,26970.0,1,Petrol,Automatic,20.3,1086.0,68.0,5,13.182519183461475,hyderabad
Mercedes-Benz C-Class,Mercedes-Benz,C-Class,19,92000.0,1,Petrol,Manual,11.7,1796.0,178.0,5,13.171155446333852,hyderabad
Tata Nexon,Tata,Nexon,4,29766.0,1,Diesel,Manual,23.22,1497.0,113.42,5,13.839228061143613,hyderabad
Renault KWID,Renault,KWID,4,6580.0,1,Petrol,Manual,21.46,999.0,67.06,5,13.221305136851795,hyderabad
BMW X1,BMW,X1,15,80000.0,2,Diesel,Automatic,17.05,1949.5,180.02499999999998,5,13.76421831620775,hyderabad
Maruti Swift,Maruti,Swift,14,98910.0,2,Petrol,Manual,22.38,1197.0,88.5,5,12.853178505386333,hyderabad
BMW X1,BMW,X1,15,80000.0,2,Diesel,Automatic,17.05,1949.5,180.02499999999998,5,13.76421831620775,hyderabad
Maruti Ciaz,Maruti,Ciaz,9,48247.0,1,Petrol,Automatic,19.12,1373.0,91.1,5,13.480039220276565,hyderabad
Honda Brio,Honda,Brio,10,54515.0,2,Petrol,Manual,19.4,1198.0,86.8,5,12.853178505386333,hyderabad
Maruti Vitara Brezza,Maruti,Vitara Brezza,8,10000.0,2,Diesel,Manual,24.3,1248.0,88.5,5,13.664688831019712,hyderabad
Maruti Baleno,Maruti,Baleno,9,80546.0,1,Petrol,Manual,21.4,1197.0,83.1,5,13.361381852676738,hyderabad
Maruti Wagon R,Maruti,Wagon R,13,10000.0,2,Lpg,Manual,14.6,998.0,61.6,5,12.691583538230217,hyderabad
Maruti Alto,Maruti,Alto,18,20000.0,2,Petrol,Manual,19.7,796.0,46.3,5,11.695255355062795,hyderabad
Tata Punch,Tata,Punch,4,20000.0,1,Petrol,Manual,20.09,1199.0,86.63,5,13.652992804936396,hyderabad
Skoda Slavia,Skoda,Slavia,4,10000.0,1,Petrol,Automatic,18.07,999.0,113.98,5,14.346139397261565,hyderabad
Tata Manza,Tata,Manza,14,110000.0,3,Petrol,Manual,13.7,1368.0,88.8,5,12.04355959836804,hyderabad
Honda New Accord,Honda,New Accord,20,100000.0,2,Petrol,Manual,11.9,1949.5,144.0,5,12.206077645517674,hyderabad
Mahindra Scorpio,Mahindra,Scorpio,14,20000.0,2,Diesel,Manual,12.05,1949.5,120.0,7,12.899222326086994,hyderabad
Mahindra Scorpio,Mahindra,Scorpio,14,20000.0,2,Diesel,Manual,12.05,1949.5,120.0,7,12.899222326086994,hyderabad
Hyundai i10,Hyundai,i10,12,87773.0,1,Petrol,Manual,19.81,1086.0,68.05,5,12.69771850797869,hyderabad
Honda Amaze,Honda,Amaze,8,81854.0,1,Petrol,Manual,19.5,1199.0,88.76,5,13.348703414510117,hyderabad
Maruti Swift,Maruti,Swift,14,110000.0,1,Diesel,Manual,22.9,1248.0,74.0,5,12.765691290604371,hyderabad
Tata Nexon,Tata,Nexon,5,33090.0,1,Petrol,Manual,17.33,1199.0,118.35,5,13.808486950076148,hyderabad
Maruti Ciaz,Maruti,Ciaz,10,76071.0,2,Petrol,Manual,20.73,1373.0,91.1,5,13.217675375388819,hyderabad
Renault KWID,Renault,KWID,10,60000.0,3,Petrol,Manual,25.17,799.0,53.3,5,12.429220196836383,hyderabad
Tata New Safari,Tata,New Safari,5,96529.0,1,Diesel,Automatic,14.08,1949.5,167.67,6,14.46991691020779,hyderabad
Volkswagen Vento,Volkswagen,Vento,15,110000.0,2,Diesel,Manual,20.54,1598.0,103.6,5,12.506180941677357,hyderabad
Ford Ecosport,Ford,Ecosport,9,89576.0,3,Diesel,Manual,22.77,1498.0,98.59,5,13.41354083387756,hyderabad
Hyundai Verna,Hyundai,Verna,6,88178.0,1,Diesel,Manual,25.0,1493.0,113.45,5,14.093900340506448,hyderabad
Maruti Ertiga,Maruti,Ertiga,13,70000.0,2,Diesel,Manual,20.77,1248.0,88.76,7,13.384729180332174,hyderabad
Honda Amaze,Honda,Amaze,5,16925.0,1,Petrol,Manual,18.6,1199.0,88.5,5,13.467371932904971,hyderabad
Maruti Alto 800,Maruti,Alto 800,13,12000.0,1,Petrol,Manual,22.05,796.0,47.33,5,12.409017571151187,hyderabad
BMW X3,BMW,X3,8,20000.0,1,Diesel,Automatic,16.55,1949.5,180.02499999999998,5,15.520258832020865,hyderabad
Mahindra XUV500,Mahindra,XUV500,13,60000.0,1,Diesel,Manual,15.1,1949.5,140.0,7,13.45883704259595,hyderabad
Mahindra XUV500,Mahindra,XUV500,13,60000.0,1,Diesel,Manual,15.1,1949.5,140.0,7,13.45883704259595,hyderabad
Jaguar XF,Jaguar,XF,12,50000.0,1,Diesel,Automatic,14.74,1949.5,180.02499999999998,5,14.508658238524095,hyderabad
BMW 5 Series,BMW,5 Series,8,120000.0,3,Diesel,Automatic,20.37,1949.5,180.02499999999998,5,15.068273812173887,hyderabad
Tata Nexon,Tata,Nexon,7,50000.0,2,Diesel,Automatic,21.5,1497.0,108.5,5,13.652992804936396,hyderabad
Toyota Innova,Toyota,Innova,11,100000.0,1,Diesel,Manual,12.99,1949.5,100.6,7,14.220976332738882,hyderabad
Hyundai i20,Hyundai,i20,11,120000.0,2,Diesel,Manual,22.54,1396.0,88.73,5,13.142166004700508,jaipur
Maruti Swift,Maruti,Swift,14,66951.0,1,Petrol,Manual,22.38,1197.0,88.5,5,12.850557278777309,jaipur
Maruti Celerio,Maruti,Celerio,10,80000.0,2,Petrol,Automatic,23.1,998.0,67.04,5,12.676079399771027,jaipur
Hyundai Grand i10,Hyundai,Grand i10,9,44392.0,1,Petrol,Manual,18.9,1197.0,81.86,5,12.948012371209098,jaipur
Maruti Wagon R,Maruti,Wagon R,10,40000.0,1,Petrol,Automatic,20.51,998.0,67.0,5,12.765691290604371,jaipur
Hyundai Verna,Hyundai,Verna,19,150000.0,2,Diesel,Manual,16.8,1493.0,110.0,5,11.918397239722838,jaipur
Hyundai Xcent,Hyundai,Xcent,10,91771.0,2,Petrol,Manual,19.1,1197.0,82.0,5,13.10011776845701,jaipur
Skoda Superb,Skoda,Superb,15,90000.0,1,Diesel,Automatic,17.2,1949.5,138.1,5,12.959846800844963,jaipur
BMW X1,BMW,X1,12,58621.0,1,Diesel,Automatic,17.05,1949.5,180.02499999999998,5,14.13396501635527,jaipur
Skoda Superb,Skoda,Superb,15,90000.0,1,Diesel,Automatic,17.2,1949.5,138.1,5,13.017005083966255,jaipur
Hyundai i20,Hyundai,i20,13,120000.0,3,Diesel,Manual,21.9,1396.0,88.76,5,12.765691290604371,jaipur
Tata Zest,Tata,Zest,9,120000.0,1,Diesel,Manual,22.95,1248.0,74.0,5,13.014780393893403,jaipur
Hyundai i10,Hyundai,i10,15,53165.0,1,Petrol,Automatic,16.95,1197.0,78.9,5,12.59473402514672,jaipur
BMW 5 Series,BMW,5 Series,6,13500.0,1,Diesel,Automatic,20.37,1949.5,180.02499999999998,5,15.588766725407043,jaipur
BMW 7 Series,BMW,7 Series,6,44210.0,1,Diesel,Automatic,16.77,1949.5,180.02499999999998,5,16.166885910365842,jaipur
Skoda Superb,Skoda,Superb,9,63255.0,1,Diesel,Automatic,18.19,1949.5,174.5,5,14.503645196700676,jaipur
Maruti Swift Dzire,Maruti,Swift Dzire,11,79215.0,1,Diesel,Manual,26.59,1248.0,74.0,5,13.07107218827772,jaipur
Mahindra XUV300,Mahindra,XUV300,7,40000.0,1,Petrol,Manual,17.0,1197.0,110.0,5,13.710151153416941,jaipur
Tata Nexon,Tata,Nexon,5,40000.0,1,Petrol,Automatic,17.05,1199.0,118.35,5,13.76421831620775,jaipur
Tata Harrier,Tata,Harrier,6,60000.0,1,Diesel,Manual,16.35,1949.5,167.67,5,14.45736497045232,jaipur
Volkswagen Ameo,Volkswagen,Ameo,9,92721.0,1,Petrol,Manual,17.0,1198.0,73.75,5,12.985399815906522,jaipur
Hyundai Creta,Hyundai,Creta,10,90000.0,1,Diesel,Manual,19.67,1582.0,126.2,5,13.815511557963774,jaipur
Volkswagen Polo,Volkswagen,Polo,14,34644.0,1,Petrol,Manual,16.47,1198.0,73.9,5,12.437188334739655,jaipur
Maruti Baleno,Maruti,Baleno,5,23000.0,2,Petrol,Manual,21.01,1197.0,81.8,5,13.437175577097312,jaipur
Honda City,Honda,City,11,100000.0,1,Petrol,Manual,17.4,1497.0,117.3,5,13.217675375388819,jaipur
Honda Amaze,Honda,Amaze,8,95000.0,2,Diesel,Automatic,23.8,1498.0,78.9,5,13.457407451830088,jaipur
Maruti Swift Dzire,Maruti,Swift Dzire,8,69000.0,1,Diesel,Manual,28.25,1248.0,74.02,5,13.527829818844937,jaipur
Maruti Alto 800,Maruti,Alto 800,8,22000.0,1,Petrol,Manual,24.7,796.0,47.3,5,12.691583538230217,jaipur
BMW 5 Series,BMW,5 Series,14,85000.0,2,Diesel,Automatic,18.48,1949.5,177.0,5,14.077875591662238,jaipur
Skoda Kodiaq,Skoda,Kodiaq,9,90000.0,2,Diesel,Automatic,16.25,1949.5,148.0,7,14.626441218624949,jaipur
BMW X5,BMW,X5,9,82243.0,1,Diesel,Automatic,15.3,1949.5,180.02499999999998,5,15.341567078850604,jaipur
Hyundai i20,Hyundai,i20,13,63000.0,2,Petrol,Manual,18.5,1197.0,82.85,5,12.834683971615659,jaipur
Maruti Baleno,Maruti,Baleno,10,77177.0,1,Diesel,Manual,27.39,1248.0,74.0,5,13.235693848424024,jaipur
Volkswagen Vento,Volkswagen,Vento,15,28368.0,1,Diesel,Manual,20.54,1598.0,103.6,5,13.28787951079572,jaipur
Renault Kiger,Renault,Kiger,4,40000.0,1,Petrol,Manual,19.17,999.0,71.01,5,13.22672519452875,jaipur
BMW X1,BMW,X1,4,9690.0,1,Petrol,Automatic,14.82,1949.5,180.02499999999998,5,15.250595321348806,jaipur
Tata Nano,Tata,Nano,15,40000.0,2,Petrol,Manual,26.0,745.5,35.0,4,11.002116507732017,jaipur
Maruti Swift,Maruti,Swift,7,40000.0,1,Petrol,Manual,21.21,1197.0,81.8,5,13.304686600863562,jaipur
Hyundai EON,Hyundai,EON,15,80000.0,2,Petrol,Manual,21.1,814.0,55.2,5,12.04355959836804,jaipur
Volkswagen Polo,Volkswagen,Polo,12,62761.0,1,Diesel,Manual,22.07,1199.0,73.9,5,12.745488641595722,jaipur
Maruti Wagon R,Maruti,Wagon R,7,45075.0,1,Petrol,Manual,20.52,1197.0,81.8,5,13.206706364071684,jaipur
Mahindra XUV300,Mahindra,XUV300,5,36882.0,1,Petrol,Manual,16.82,1197.0,108.62,5,13.805461232211272,jaipur
Hyundai Grand i10,Hyundai,Grand i10,11,82030.0,1,Petrol,Manual,18.9,1197.0,82.0,5,13.058360179622305,jaipur
Maruti Baleno,Maruti,Baleno,9,31469.0,1,Petrol,Automatic,21.4,1197.0,83.1,5,13.481436842589853,jaipur
Maruti SX4 S Cross,Maruti,SX4 S Cross,4,20000.0,1,Petrol,Manual,18.55,1462.0,103.25,5,13.815511557963774,jaipur
Chevrolet Spark,Chevrolet,Spark,16,70000.0,3,Petrol,Manual,18.0,995.0,62.0,5,11.918397239722838,jaipur
Hyundai i20,Hyundai,i20,12,120000.0,1,Diesel,Manual,21.9,1396.0,88.76,5,12.628070334272698,jaipur
Maruti Swift Dzire,Maruti,Swift Dzire,9,120000.0,2,Diesel,Manual,26.59,1248.0,74.0,5,13.217675375388819,jaipur
Audi Q3,Audi,Q3,12,90000.0,3,Diesel,Automatic,15.73,1949.5,174.33,5,14.077875591662238,jaipur
Honda Brio,Honda,Brio,14,70000.0,5,Petrol,Manual,19.4,1198.0,86.8,5,12.577639650232573,jaipur
Hyundai Verna,Hyundai,Verna,13,90000.0,2,Diesel,Manual,22.32,1582.0,126.32,5,13.217675375388819,jaipur
Hyundai Accent,Hyundai,Accent,15,100000.0,2,Lpg,Manual,13.2,1495.0,93.7,5,12.25486757159303,jaipur
Maruti XL6,Maruti,XL6,6,70000.0,1,Petrol,Manual,19.01,1462.0,103.2,6,13.721200977393528,jaipur
Maruti Wagon R,Maruti,Wagon R,16,80000.0,1,Petrol,Manual,18.9,1061.0,67.0,5,12.323860125621126,jaipur
Hyundai i20,Hyundai,i20,8,43336.0,1,Petrol,Manual,18.6,1197.0,81.86,5,13.493928313146206,jaipur
Mahindra Marazzo,Mahindra,Marazzo,8,120000.0,2,Diesel,Manual,17.3,1497.0,121.0,8,13.25339339419516,jaipur
Honda City,Honda,City,6,40000.0,2,Petrol,Automatic,18.3,1498.0,119.35,5,13.997832948091215,jaipur
Tata Nexon,Tata,Nexon,8,90000.0,2,Petrol,Manual,17.0,1198.0,108.5,5,13.488395803228677,jaipur
Honda Jazz,Honda,Jazz,5,21659.0,1,Petrol,Manual,17.1,1199.0,88.5,5,13.560619598657233,jaipur
Maruti Vitara Brezza,Maruti,Vitara Brezza,9,80000.0,1,Diesel,Manual,24.3,1248.0,88.5,5,13.51440681653079,jaipur
Maruti Baleno,Maruti,Baleno,8,63662.0,1,Petrol,Automatic,21.4,1197.0,83.1,5,13.503537159062734,jaipur
Toyota Innova,Toyota,Innova,14,152115.125,2,Diesel,Manual,12.99,1949.5,100.0,8,13.384729180332174,jaipur
Jaguar XJ,Jaguar,XJ,7,82058.0,1,Diesel,Automatic,14.47,1949.5,180.02499999999998,5,15.588766725407043,jaipur
Maruti SX4 S Cross,Maruti,SX4 S Cross,7,67847.0,1,Diesel,Manual,25.1,1248.0,88.5,5,13.652992804936396,jaipur
Kia Seltos,Kia,Seltos,6,59627.0,1,Diesel,Automatic,18.0,1493.0,113.43,5,14.316286451937186,jaipur
Tata Harrier,Tata,Harrier,4,20000.0,1,Diesel,Automatic,14.6,1949.5,167.67,5,14.580978865220017,jaipur
Mahindra XUV500,Mahindra,XUV500,13,50000.0,1,Diesel,Manual,15.1,1949.5,140.0,7,13.122365377402328,jaipur
Maruti Swift Dzire,Maruti,Swift Dzire,15,110000.0,2,Diesel,Manual,19.3,1248.0,73.9,5,12.429220196836383,jaipur
Skoda Slavia,Skoda,Slavia,4,20000.0,1,Petrol,Manual,19.47,999.0,113.98,5,14.202812374331163,jaipur
Maruti Swift Dzire,Maruti,Swift Dzire,8,100000.0,4,Diesel,Manual,28.25,1248.0,74.02,5,13.384729180332174,jaipur
Maruti SX4,Maruti,SX4,17,80000.0,2,Petrol,Manual,15.5,1586.0,103.3,5,12.07254696717504,jaipur
Ford Ecosport,Ford,Ecosport,8,76800.0,1,Diesel,Manual,21.7,1498.0,98.96,5,13.527829818844937,jaipur
Maruti Baleno,Maruti,Baleno,9,71711.0,1,Petrol,Automatic,21.4,1197.0,83.1,5,13.444448325847754,jaipur
Maruti Baleno,Maruti,Baleno,7,28406.0,1,Petrol,Manual,21.4,1197.0,83.1,5,13.478639641880966,jaipur
Skoda Superb,Skoda,Superb,6,50000.0,1,Petrol,Automatic,14.67,1798.0,177.46,5,14.801327725621299,jaipur
Maruti Celerio,Maruti,Celerio,7,53615.0,1,Petrol,Manual,25.24,998.0,65.71,5,13.106236027992704,jaipur
Hyundai Grand i10,Hyundai,Grand i10,11,33959.0,2,Petrol,Manual,18.9,1197.0,82.0,5,12.901719200051183,jaipur
Honda Jazz,Honda,Jazz,10,65300.0,2,Petrol,Manual,18.7,1199.0,88.7,5,13.07107218827772,jaipur
Jeep Compass,Jeep,Compass,6,49000.0,1,Diesel,Manual,17.1,1949.5,170.63,5,14.346139397261565,jaipur
Maruti Swift Dzire,Maruti,Swift Dzire,12,81000.0,2,Diesel,Manual,19.3,1248.0,73.9,5,13.171155446333852,jaipur
Hyundai EON,Hyundai,EON,12,70000.0,3,Petrol,Manual,20.3,998.0,68.05,5,12.07254696717504,jaipur
Hyundai Santro Xing,Hyundai,Santro Xing,16,150000.0,3,Cng,Manual,11.88,1086.0,62.1,5,11.775297421715827,jaipur
Maruti Vitara Brezza,Maruti,Vitara Brezza,6,40000.0,1,Diesel,Manual,24.3,1248.0,88.5,5,13.747232787874218,jaipur
Volkswagen Vento,Volkswagen,Vento,13,110000.0,1,Diesel,Manual,20.54,1598.0,103.6,5,12.793862088206213,jaipur
Tata Nexon,Tata,Nexon,7,30000.0,1,Petrol,Manual,17.0,1198.0,108.5,5,13.47302165746721,jaipur
Maruti Alto 800,Maruti,Alto 800,19,90000.0,2,Petrol,Manual,24.7,796.0,47.3,5,11.918397239722838,jaipur
Chevrolet Cruze,Chevrolet,Cruze,9,120000.0,1,Diesel,Manual,17.9,1949.5,163.7,5,13.384729180332174,jaipur
Honda Amaze,Honda,Amaze,12,90000.0,4,Diesel,Manual,25.8,1498.0,98.6,5,12.765691290604371,jaipur
Skoda Octavia,Skoda,Octavia,7,41521.0,1,Petrol,Automatic,15.1,1798.0,178.0,5,14.599412558413583,jaipur
Toyota Innova,Toyota,Innova,10,80000.0,1,Diesel,Manual,12.99,1949.5,100.6,8,13.910821646859095,jaipur
Toyota Glanza,Toyota,Glanza,7,76000.0,1,Petrol,Manual,22.35,1197.0,88.5,5,13.345508528717259,jaipur
Hyundai Grand i10,Hyundai,Grand i10,8,100977.0,2,Petrol,Manual,18.9,1197.0,81.86,5,13.114333221834064,jaipur
Maruti Ertiga,Maruti,Ertiga,11,23793.0,1,Diesel,Manual,24.52,1248.0,88.5,7,13.70903942580019,jaipur
Honda City,Honda,City,11,81000.0,1,Diesel,Manual,25.1,1498.0,98.6,5,13.42246945133505,jaipur
Mahindra Bolero Neo,Mahindra,Bolero Neo,5,43867.0,1,Diesel,Manual,17.29,1493.0,100.0,7,13.721200977393528,jaipur
Tata Nexon,Tata,Nexon,7,35000.0,1,Diesel,Manual,23.22,1497.0,113.42,5,13.629182184591333,jaipur
Hyundai Creta,Hyundai,Creta,10,125000.0,2,Diesel,Automatic,17.01,1582.0,126.2,5,13.76421831620775,jaipur
Hyundai Grand i10,Hyundai,Grand i10,7,83000.0,2,Petrol,Manual,18.9,1197.0,82.0,5,13.060490101343552,jaipur
Hyundai Creta,Hyundai,Creta,9,84000.0,1,Diesel,Manual,21.38,1396.0,88.7,5,13.652992804936396,jaipur
Tata Tiago,Tata,Tiago,3,10000.0,1,Petrol,Manual,19.01,1199.0,84.82,5,13.407543823396258,jaipur
Volkswagen Vento,Volkswagen,Vento,13,110000.0,1,Diesel,Manual,20.54,1598.0,103.6,5,12.793862088206213,jaipur
Maruti Alto,Maruti,Alto,17,90000.0,4,Petrol,Manual,19.7,796.0,46.3,5,11.695255355062795,jaipur
Honda Jazz,Honda,Jazz,7,56000.0,2,Petrol,Automatic,18.2,1199.0,88.7,5,13.304686600863562,jaipur
Ford Ecosport,Ford,Ecosport,13,120000.0,2,Diesel,Manual,22.7,1498.0,89.84,5,12.793862088206213,jaipur
Hyundai i20,Hyundai,i20,11,75000.0,1,Diesel,Manual,22.54,1396.0,88.73,5,13.345508528717259,jaipur
Honda WR-V,Honda,WR-V,7,26633.0,1,Petrol,Manual,17.5,1199.0,88.7,5,13.51440681653079,jaipur
Maruti Alto,Maruti,Alto,17,100000.0,2,Petrol,Manual,19.7,796.0,46.3,5,11.863589378812122,jaipur
Honda City,Honda,City,6,40000.0,2,Petrol,Automatic,18.3,1498.0,119.35,5,13.997832948091215,jaipur
Hyundai Santro,Hyundai,Santro,4,4527.0,1,Petrol,Manual,20.3,1086.0,68.05,5,13.26212705890841,jaipur
Datsun RediGO,Datsun,RediGO,9,25446.0,1,Petrol,Automatic,23.0,999.0,67.0,5,12.679199517372098,jaipur
Honda WR-V,Honda,WR-V,7,50923.0,1,Petrol,Manual,17.5,1199.0,88.7,5,13.429849547739444,jaipur
Maruti Vitara Brezza,Maruti,Vitara Brezza,9,56123.0,1,Diesel,Manual,24.3,1248.0,88.5,5,13.623139877437296,jaipur
Maruti Wagon R,Maruti,Wagon R,11,64984.0,1,Petrol,Manual,20.51,998.0,67.04,5,12.889172015485954,jaipur
Maruti Baleno,Maruti,Baleno,7,77561.0,2,Petrol,Automatic,21.4,1197.0,83.1,5,13.517105869857504,jaipur
Maruti SX4 S Cross,Maruti,SX4 S Cross,8,90000.0,1,Diesel,Manual,25.1,1248.0,88.5,5,13.654168582642953,jaipur
Maruti Vitara Brezza,Maruti,Vitara Brezza,8,85123.0,1,Diesel,Manual,24.3,1248.0,88.5,5,13.641158361294979,jaipur
Honda City,Honda,City,7,90456.0,1,Diesel,Manual,25.6,1498.0,97.9,5,13.654168582642953,jaipur
Jeep Compass,Jeep,Compass,9,94215.0,1,Diesel,Manual,17.1,1949.5,170.0,5,14.077875591662238,jaipur
Mahindra XUV500,Mahindra,XUV500,10,76200.0,2,Diesel,Manual,16.0,1949.5,140.0,7,13.785051350479566,jaipur
Honda WR-V,Honda,WR-V,7,59000.0,1,Petrol,Manual,17.5,1199.0,88.7,5,13.560619598657233,jaipur
Toyota Innova,Toyota,Innova,10,80000.0,1,Diesel,Manual,12.99,1949.5,100.6,8,13.910821646859095,jaipur
Maruti Ciaz,Maruti,Ciaz,9,112000.0,1,Diesel,Manual,28.09,1248.0,88.5,5,13.45883704259595,jaipur
Maruti Brezza,Maruti,Brezza,3,20000.0,1,Petrol,Manual,17.38,1462.0,101.65,5,13.910821646859095,jaipur
Tata Nexon,Tata,Nexon,6,20000.0,1,Petrol,Automatic,17.0,1198.0,108.5,5,13.726680437153236,jaipur
Volkswagen Taigun,Volkswagen,Taigun,5,46100.0,1,Petrol,Automatic,17.88,1498.0,147.51,5,14.430696737594902,jaipur
Maruti Baleno,Maruti,Baleno,6,51374.0,1,Petrol,Manual,21.01,1197.0,81.8,5,13.304686600863562,jaipur
Maruti Vitara Brezza,Maruti,Vitara Brezza,7,40000.0,1,Diesel,Manual,24.3,1248.0,88.5,5,13.710151153416941,jaipur
Maruti Celerio,Maruti,Celerio,7,110000.0,2,Petrol,Manual,23.1,998.0,67.04,5,12.899222326086994,jaipur
Maruti Ertiga,Maruti,Ertiga,11,120000.0,4,Diesel,Manual,24.52,1248.0,88.5,7,13.199326270390594,jaipur
Honda WR-V,Honda,WR-V,8,48089.0,3,Petrol,Manual,17.5,1199.0,88.7,5,13.369225017834633,jaipur
Honda City,Honda,City,8,51046.0,2,Petrol,Manual,17.4,1497.0,117.6,5,13.589865129563993,jaipur
Hyundai Grand i10,Hyundai,Grand i10,11,62134.0,1,Petrol,Manual,18.9,1197.0,82.0,5,12.861001210669146,jaipur
Honda Jazz,Honda,Jazz,10,54256.0,1,Petrol,Manual,18.7,1199.0,88.7,5,13.091904169919621,jaipur
Maruti Ciaz,Maruti,Ciaz,9,118046.0,2,Petrol,Manual,20.73,1373.0,91.1,5,13.176853456625999,jaipur
Skoda Kushaq,Skoda,Kushaq,5,44461.0,1,Petrol,Manual,19.2,999.0,113.98,5,13.815511557963774,jaipur
Hyundai Grand i10,Hyundai,Grand i10,6,80000.0,1,Petrol,Manual,18.9,1197.0,81.86,5,13.208542908506082,jaipur
Toyota Innova,Toyota,Innova,11,125000.0,2,Diesel,Manual,12.8,1949.5,102.0,8,13.635188201437066,jaipur
Mahindra Scorpio,Mahindra,Scorpio,13,120000.0,2,Diesel,Manual,12.05,1949.5,120.0,8,13.361381852676738,jaipur
Maruti Ciaz,Maruti,Ciaz,9,70123.0,1,Petrol,Manual,20.73,1373.0,91.1,5,13.339087971220277,jaipur
Hyundai Creta,Hyundai,Creta,10,80000.0,1,Diesel,Manual,21.38,1396.0,88.7,5,13.652992804936396,jaipur
Honda City,Honda,City,7,80000.0,1,Petrol,Manual,17.4,1497.0,117.6,5,13.795308871054397,jaipur
Mitsubishi Pajero,Mitsubishi,Pajero,19,120000.0,3,Diesel,Manual,10.5,1949.5,107.2,6,13.017005083966255,jaipur
Mercedes-Benz M-Class,Mercedes-Benz,M-Class,11,114756.0,1,Diesel,Automatic,15.26,1949.5,180.02499999999998,5,14.975531788240602,jaipur
Maruti Ertiga,Maruti,Ertiga,10,23793.0,1,Diesel,Manual,24.52,1248.0,88.5,7,13.70903942580019,jaipur
Toyota Fortuner,Toyota,Fortuner,15,100181.0,2,Diesel,Manual,11.5,1949.5,171.0,7,13.997832948091215,jaipur
Maruti Celerio,Maruti,Celerio,10,60000.0,1,Petrol,Manual,21.63,998.0,67.05,5,12.793862088206213,jaipur
Kia Seltos,Kia,Seltos,7,16858.0,1,Petrol,Manual,16.5,1353.0,138.08,5,14.148405690083225,jaipur
Mahindra TUV 300,Mahindra,TUV 300,9,80000.0,2,Diesel,Manual,18.49,1493.0,100.0,7,13.304686600863562,jaipur
Renault KWID,Renault,KWID,4,7414.0,1,Petrol,Manual,22.25,799.0,53.26,5,13.023649611968253,jaipur
Ford Figo,Ford,Figo,6,18206.0,1,Petrol,Manual,18.5,1194.0,94.93,5,13.188152990599754,jaipur
Honda City,Honda,City,10,77000.0,2,Petrol,Manual,17.8,1497.0,117.3,5,13.321215875492413,jaipur
Ford Ecosport,Ford,Ecosport,7,56569.0,1,Diesel,Manual,23.0,1498.0,98.96,5,13.471612215950506,jaipur
Skoda Slavia,Skoda,Slavia,5,44461.0,1,Petrol,Manual,19.47,999.0,113.98,5,13.815511557963774,jaipur
Maruti Alto 800,Maruti,Alto 800,7,40000.0,2,Petrol,Manual,22.05,796.0,47.33,5,12.676079399771027,jaipur
Maruti Swift Dzire,Maruti,Swift Dzire,4,20000.0,1,Petrol,Manual,22.41,1197.0,88.5,5,13.698977865303197,jaipur
Honda Amaze,Honda,Amaze,6,30000.0,1,Petrol,Manual,18.6,1199.0,88.76,5,13.493928313146206,jaipur
Jeep Compass,Jeep,Compass,9,120000.0,1,Diesel,Manual,17.1,1949.5,170.0,5,13.955273369904273,jaipur
Hyundai Creta,Hyundai,Creta,9,90000.0,2,Diesel,Automatic,17.01,1582.0,126.2,5,13.825461878915961,jaipur
Honda BR-V,Honda,BR-V,10,43919.0,1,Diesel,Manual,21.9,1498.0,98.6,7,13.579789490265188,jaipur
Hyundai Creta,Hyundai,Creta,11,80000.0,1,Diesel,Manual,19.67,1582.0,126.2,5,13.6967281480998,jaipur
Hyundai Verna,Hyundai,Verna,10,72602.0,2,Diesel,Automatic,19.08,1582.0,126.2,5,13.451668563394815,jaipur
Hyundai Grand i10,Hyundai,Grand i10,10,86000.0,1,Petrol,Manual,18.9,1197.0,82.0,5,12.959846800844963,jaipur
Renault KWID,Renault,KWID,6,32355.0,1,Petrol,Manual,21.46,999.0,67.06,5,12.959846800844963,jaipur
Hyundai i20,Hyundai,i20,5,40000.0,2,Petrol,Manual,21.0,1197.0,81.8,5,13.47302165746721,jaipur
Honda City,Honda,City,6,30000.0,1,Petrol,Manual,18.6,1498.0,119.35,5,13.87378040948403,jaipur
BMW X1,BMW,X1,10,94724.0,1,Diesel,Automatic,17.05,1949.5,180.02499999999998,5,14.686804342317648,jaipur
Volvo S60 Cross Country,Volvo,S60 Cross Country,9,72916.0,1,Diesel,Automatic,19.6,1949.5,180.02499999999998,5,14.731801689838349,jaipur
Maruti Wagon R,Maruti,Wagon R,10,100000.0,1,Petrol,Manual,20.51,998.0,67.04,5,12.899222326086994,jaipur
Skoda Octavia,Skoda,Octavia,7,41521.0,1,Petrol,Automatic,15.1,1798.0,177.0,5,14.599412558413583,jaipur
Tata Nexon,Tata,Nexon,7,76065.0,2,Petrol,Manual,17.0,1198.0,108.5,5,13.49116588426581,jaipur
Mitsubishi Pajero,Mitsubishi,Pajero,19,120000.0,3,Diesel,Manual,10.5,1949.5,107.2,6,13.017005083966255,jaipur
Maruti Baleno,Maruti,Baleno,4,9909.0,2,Petrol,Manual,22.35,1197.0,88.5,5,13.579789490265188,jaipur
Honda City,Honda,City,8,37811.0,2,Petrol,Manual,17.4,1497.0,117.6,5,13.586098651497313,jaipur
Tata Manza,Tata,Manza,12,60000.0,3,Diesel,Manual,21.02,1248.0,88.76,5,12.437188334739655,jaipur
Volkswagen Vento,Volkswagen,Vento,11,120000.0,2,Diesel,Manual,20.34,1498.0,103.2,5,13.321215875492413,jaipur
Audi A3,Audi,A3,11,42840.0,1,Diesel,Automatic,20.38,1949.5,143.0,5,14.599412558413583,jaipur
Mahindra XUV300,Mahindra,XUV300,7,60000.0,1,Petrol,Manual,17.0,1197.0,110.0,5,13.835313185260453,jaipur
Maruti Swift,Maruti,Swift,8,70000.0,2,Petrol,Manual,21.21,1197.0,81.8,5,13.384729180332174,jaipur
MG Astor,MG,Astor,4,8401.0,1,Petrol,Automatic,14.82,1498.0,108.49,5,14.169683073439028,jaipur
Kia Carens,Kia,Carens,4,16275.0,1,Petrol,Automatic,16.5,1353.0,138.05,6,14.397726177816939,jaipur
Ford Ecosport,Ford,Ecosport,7,30000.0,1,Petrol,Manual,17.0,1497.0,121.36,5,13.353476685668044,jaipur
Kia Seltos,Kia,Seltos,5,22289.0,1,Petrol,Manual,16.8,1497.0,113.43,5,14.187074804051692,jaipur
Renault KWID,Renault,KWID,8,70123.0,1,Petrol,Manual,23.01,999.0,67.0,5,12.560247968016562,jaipur
Renault Triber,Renault,Triber,7,50123.0,1,Petrol,Manual,20.0,999.0,71.01,7,13.190023895035274,jaipur
Maruti Celerio,Maruti,Celerio,8,70123.0,1,Petrol,Automatic,21.63,998.0,67.05,5,12.983101310070822,jaipur
Hyundai EON,Hyundai,EON,10,100000.0,3,Petrol,Manual,21.1,814.0,55.2,5,12.345834587905333,jaipur
Mahindra XUV500,Mahindra,XUV500,12,110000.0,3,Diesel,Manual,15.1,1949.5,140.0,7,13.217675375388819,jaipur
Volkswagen Ameo,Volkswagen,Ameo,9,99643.0,1,Diesel,Manual,21.66,1498.0,108.62,5,13.260386417460465,jaipur
Honda WR-V,Honda,WR-V,9,103116.0,1,Petrol,Manual,17.5,1199.0,88.7,5,13.286183160425152,jaipur
Chevrolet Sail,Chevrolet,Sail,9,120000.0,1,Diesel,Manual,22.1,1248.0,74.0,5,12.765691290604371,jaipur
Maruti Alto K10,Maruti,Alto K10,9,43202.0,1,Petrol,Automatic,23.95,998.0,67.1,5,12.840003118946523,jaipur
Volkswagen Ameo,Volkswagen,Ameo,9,57671.0,1,Petrol,Manual,17.0,1198.0,73.75,5,13.206706364071684,jaipur
Hyundai EON,Hyundai,EON,12,70000.0,3,Petrol,Manual,20.3,998.0,68.05,5,12.323860125621126,jaipur
MG Hector Plus,MG,Hector Plus,5,40000.0,1,Petrol,Automatic,16.56,1451.0,141.0,6,14.346139397261565,jaipur
Maruti Ciaz,Maruti,Ciaz,9,60000.0,2,Petrol,Manual,20.73,1373.0,91.1,5,13.304686600863562,jaipur
Maruti Vitara Brezza,Maruti,Vitara Brezza,5,60000.0,1,Petrol,Manual,17.03,1462.0,103.26,5,13.676248490630767,jaipur
Mercedes-Benz CLA,Mercedes-Benz,CLA,7,74700.0,1,Diesel,Automatic,17.9,1949.5,136.0,5,14.727793670047236,jaipur
Maruti Swift Dzire,Maruti,Swift Dzire,11,110000.0,3,Diesel,Manual,26.59,1248.0,74.0,5,13.122365377402328,jaipur
Hyundai i10,Hyundai,i10,16,100000.0,4,Petrol,Manual,19.81,1086.0,68.05,5,12.100717685412471,jaipur
Maruti Ciaz,Maruti,Ciaz,6,60000.0,1,Petrol,Manual,20.65,1462.0,103.25,5,13.592368256649284,jaipur
Jeep Compass,Jeep,Compass,8,62000.0,1,Diesel,Manual,17.1,1949.5,170.63,5,14.220976332738882,jaipur
BMW X3,BMW,X3,14,120000.0,2,Diesel,Automatic,16.09,1949.5,180.02499999999998,5,13.652992804936396,jaipur
Renault Scala,Renault,Scala,12,90000.0,2,Diesel,Manual,21.64,1461.0,84.8,5,12.506180941677357,jaipur
Hyundai Verna,Hyundai,Verna,13,120000.0,3,Diesel,Manual,22.32,1582.0,126.3,5,12.92391243868049,jaipur
Maruti Ciaz,Maruti,Ciaz,7,40000.0,1,Petrol,Manual,21.56,1462.0,103.25,5,13.493928313146206,jaipur
Maruti Vitara Brezza,Maruti,Vitara Brezza,6,60000.0,2,Petrol,Manual,17.03,1462.0,103.26,5,13.710151153416941,jaipur
Maruti Baleno,Maruti,Baleno,8,50000.0,1,Petrol,Manual,21.4,1197.0,83.1,5,13.345508528717259,jaipur
Maruti Baleno,Maruti,Baleno,7,42811.0,1,Petrol,Manual,21.4,1197.0,83.1,5,13.407543823396258,jaipur
Maruti Celerio X,Maruti,Celerio X,8,82558.0,1,Petrol,Manual,21.63,998.0,67.0,5,13.023649611968253,jaipur
Maruti Ciaz,Maruti,Ciaz,7,40000.0,1,Petrol,Manual,21.56,1462.0,103.25,5,13.527829818844937,jaipur
Ford Ecosport,Ford,Ecosport,8,104521.0,1,Diesel,Manual,23.0,1498.0,98.96,5,13.447342679685468,jaipur
Maruti Baleno,Maruti,Baleno,8,95745.0,1,Petrol,Manual,21.4,1197.0,83.1,5,13.171155446333852,jaipur
Hyundai Grand i10,Hyundai,Grand i10,8,78000.0,1,Diesel,Manual,24.0,1120.0,70.0,5,13.081543466215237,jaipur
BMW 3 Series,BMW,3 Series,13,90000.0,3,Diesel,Automatic,18.88,1949.5,180.02499999999998,5,13.910821646859095,jaipur
Skoda Laura,Skoda,Laura,17,150000.0,3,Diesel,Manual,17.0,1896.0,105.0,5,12.429220196836383,jaipur
Maruti Baleno,Maruti,Baleno,6,70000.0,2,Petrol,Manual,21.01,1197.0,81.8,5,13.429849547739444,jaipur
Maruti Baleno,Maruti,Baleno,6,70000.0,2,Petrol,Manual,21.01,1197.0,81.8,5,13.429849547739444,jaipur
Honda City,Honda,City,12,90000.0,2,Diesel,Manual,26.0,1498.0,98.6,5,13.217675375388819,jaipur
Honda New Accord,Honda,New Accord,20,100000.0,2,Petrol,Manual,11.9,1949.5,144.0,5,12.506180941677357,jaipur
Honda CR-V,Honda,CR-V,13,80000.0,2,Petrol,Automatic,11.1,1949.5,158.8,5,13.840204146163925,jaipur
Audi Q7,Audi,Q7,9,150000.0,1,Diesel,Automatic,14.75,1949.5,180.02499999999998,7,15.096444681204078,jaipur
Hyundai Verna,Hyundai,Verna,10,90000.0,3,Diesel,Manual,23.9,1582.0,126.2,5,13.384729180332174,jaipur
Audi Q5,Audi,Q5,13,60091.0,1,Diesel,Automatic,14.16,1949.5,174.3,5,14.375126917328105,jaipur
Toyota Fortuner,Toyota,Fortuner,14,152115.125,1,Diesel,Manual,12.55,1949.5,168.5,7,14.096923772119156,jaipur
Maruti Alto 800,Maruti,Alto 800,10,42000.0,2,Petrol,Manual,24.7,796.0,47.3,5,12.487488878546145,jaipur
Renault Kiger,Renault,Kiger,4,37724.0,1,Petrol,Manual,19.17,999.0,71.01,5,13.42246945133505,jaipur
Ford Figo,Ford,Figo,15,120000.0,1,Diesel,Manual,20.0,1399.0,68.0,5,11.51293546492023,jaipur
Maruti Ertiga,Maruti,Ertiga,12,100227.0,1,Diesel,Manual,20.77,1248.0,88.8,7,13.359805810705184,jaipur
Hyundai Xcent,Hyundai,Xcent,9,94112.0,1,Petrol,Manual,20.14,1197.0,81.86,5,13.034626646500051,jaipur
Toyota Urban cruiser,Toyota,Urban cruiser,5,23848.0,1,Petrol,Manual,17.03,1462.0,103.26,5,13.753636218075409,jaipur
Maruti Wagon R,Maruti,Wagon R,11,43349.0,3,Petrol,Manual,20.51,998.0,67.04,5,12.69771850797869,jaipur
Maruti Ertiga,Maruti,Ertiga,14,64394.0,3,Diesel,Manual,20.77,1248.0,88.8,7,13.036807667689546,jaipur
Kia Seltos,Kia,Seltos,5,17353.0,1,Petrol,Manual,16.8,1497.0,113.43,5,14.144815024531075,jaipur
Maruti Wagon R,Maruti,Wagon R,17,30000.0,2,Petrol,Manual,18.9,1061.0,67.0,5,11.982935344196433,jaipur
Maruti Ignis,Maruti,Ignis,10,70000.0,1,Diesel,Manual,26.8,1248.0,74.0,5,12.59473402514672,jaipur
Renault KWID,Renault,KWID,5,10000.0,1,Petrol,Manual,22.3,799.0,53.26,5,13.005831808336863,jaipur
Kia Seltos,Kia,Seltos,6,49017.0,1,Diesel,Manual,20.8,1493.0,113.43,5,14.23750562376114,jaipur
Hyundai Creta,Hyundai,Creta,11,120000.0,1,Diesel,Manual,21.38,1396.0,88.7,5,13.45883704259595,jaipur
Kia Seltos,Kia,Seltos,7,80000.0,1,Petrol,Manual,16.8,1353.0,113.43,5,14.077875591662238,jaipur
Maruti Wagon R,Maruti,Wagon R,8,50000.0,1,Petrol,Manual,20.51,998.0,67.04,5,12.873904582205107,jaipur
Maruti Wagon R,Maruti,Wagon R,10,40000.0,1,Petrol,Automatic,20.51,998.0,67.0,5,12.765691290604371,jaipur
Renault KWID,Renault,KWID,5,60000.0,1,Petrol,Manual,22.3,799.0,53.26,5,13.017005083966255,jaipur
Maruti Swift,Maruti,Swift,12,70000.0,2,Diesel,Manual,25.2,1248.0,74.0,5,13.017005083966255,jaipur
Hyundai Venue,Hyundai,Venue,7,87000.0,1,Diesel,Manual,23.7,1493.0,98.6,5,13.76421831620775,jaipur
BMW 5 Series,BMW,5 Series,9,96330.0,1,Diesel,Automatic,18.12,1949.5,180.02499999999998,5,14.910784279814974,jaipur
Maruti Swift,Maruti,Swift,11,81040.0,2,Diesel,Manual,25.2,1248.0,74.0,5,13.008076473152153,jaipur
Volkswagen Polo,Volkswagen,Polo,8,112625.0,1,Petrol,Automatic,17.21,1197.0,103.5,5,13.418015107599418,jaipur
Hyundai Grand i10,Hyundai,Grand i10,8,58374.0,1,Petrol,Manual,18.9,1197.0,81.86,5,13.122365377402328,jaipur
Hyundai Grand i10,Hyundai,Grand i10,12,31733.0,2,Petrol,Manual,18.9,1197.0,82.0,5,12.921472880009725,jaipur
Maruti Baleno,Maruti,Baleno,7,49616.0,1,Diesel,Manual,27.39,1248.0,74.0,5,13.539758373899955,jaipur
Honda City,Honda,City,8,70000.0,1,Petrol,Manual,17.4,1497.0,117.6,5,13.623139877437296,jaipur
Maruti Ciaz,Maruti,Ciaz,10,68000.0,1,Diesel,Manual,26.21,1248.0,88.5,5,13.415034483903348,jaipur
Tata Indigo,Tata,Indigo,15,120000.0,1,Diesel,Manual,23.57,1396.0,70.0,5,12.206077645517674,jaipur
Ford Ecosport,Ford,Ecosport,11,50000.0,2,Petrol,Manual,15.85,1499.0,110.4,5,13.304686600863562,jaipur
Hyundai Elantra,Hyundai,Elantra,12,120000.0,2,Diesel,Manual,22.7,1582.0,126.24,5,13.304686600863562,jaipur
Mercedes-Benz GLS,Mercedes-Benz,GLS,7,116544.0,1,Diesel,Automatic,11.0,1949.5,180.02499999999998,7,15.588766725407043,jaipur
Honda Jazz,Honda,Jazz,16,49580.0,1,Petrol,Manual,16.0,1198.0,180.02499999999998,5,12.691583538230217,jaipur
Mahindra XUV500,Mahindra,XUV500,9,56031.0,2,Diesel,Manual,16.0,1949.5,140.0,7,13.993657580167481,jaipur
Tata Tiago,Tata,Tiago,4,4437.0,1,Petrol,Manual,19.01,1199.0,84.82,5,13.28787951079572,jaipur
Maruti Wagon R,Maruti,Wagon R,8,24590.0,1,Petrol,Manual,20.51,998.0,67.04,5,12.92391243868049,jaipur
Maruti Baleno,Maruti,Baleno,4,20000.0,1,Petrol,Manual,21.01,1197.0,81.8,5,13.45883704259595,jaipur
Hyundai i20,Hyundai,i20,13,70456.0,1,Petrol,Manual,18.5,1197.0,82.85,5,12.691583538230217,jaipur
Skoda Slavia,Skoda,Slavia,4,20000.0,1,Petrol,Manual,19.47,999.0,113.98,5,14.214287349062356,jaipur
Hyundai i20,Hyundai,i20,13,120000.0,1,Petrol,Manual,18.5,1197.0,82.85,5,12.647551406590285,jaipur
Hyundai Verna,Hyundai,Verna,10,50889.0,2,Diesel,Manual,23.9,1582.0,126.2,5,13.460264592549233,jaipur
Maruti Swift,Maruti,Swift,14,76043.0,1,Petrol,Manual,22.38,1197.0,88.5,5,12.82396003700373,jaipur
Mercedes-Benz GLC,Mercedes-Benz,GLC,7,10200.0,1,Petrol,Automatic,11.5,1949.5,180.02499999999998,5,15.501909696719672,jaipur
Hyundai Grand i10,Hyundai,Grand i10,12,55890.0,1,Petrol,Manual,18.9,1197.0,82.0,5,12.762830066509972,jaipur
Honda Jazz,Honda,Jazz,10,81984.0,2,Petrol,Manual,18.7,1199.0,88.7,5,13.07107218827772,jaipur
Honda Brio,Honda,Brio,12,70123.0,2,Petrol,Manual,19.4,1198.0,86.8,5,12.577639650232573,jaipur
Renault KWID,Renault,KWID,5,60000.0,1,Petrol,Manual,22.3,799.0,53.26,5,13.005831808336863,jaipur
Hyundai i10,Hyundai,i10,16,100000.0,4,Petrol,Manual,19.81,1086.0,68.05,5,12.100717685412471,jaipur
Maruti Alto,Maruti,Alto,16,110000.0,3,Petrol,Manual,19.7,796.0,46.3,5,11.918397239722838,jaipur
Maruti Ciaz,Maruti,Ciaz,7,40000.0,1,Petrol,Manual,21.56,1462.0,103.25,5,13.444448325847754,jaipur
Toyota Fortuner,Toyota,Fortuner,8,90000.0,1,Diesel,Manual,14.24,1949.5,174.5,7,14.914123179965662,jaipur
Renault KWID,Renault,KWID,9,50000.0,1,Petrol,Manual,23.01,999.0,67.0,5,12.793862088206213,jaipur
Maruti Swift Dzire,Maruti,Swift Dzire,6,50000.0,1,Petrol,Automatic,21.21,1197.0,81.8,5,13.527829818844937,jaipur
Maruti Swift Dzire,Maruti,Swift Dzire,13,56805.0,1,Diesel,Manual,23.4,1248.0,74.0,5,13.07107218827772,jaipur
Volkswagen Polo,Volkswagen,Polo,10,120000.0,2,Diesel,Manual,20.14,1498.0,88.0,5,12.959846800844963,jaipur
Honda City,Honda,City,15,120000.0,2,Petrol,Manual,17.0,1497.0,180.02499999999998,5,12.676079399771027,jaipur
Hyundai Grand i10,Hyundai,Grand i10,7,90000.0,2,Diesel,Manual,24.0,1186.0,73.97,5,13.122365377402328,jaipur
Volkswagen Vento,Volkswagen,Vento,12,100000.0,2,Diesel,Manual,20.54,1598.0,103.6,5,12.983101310070822,jaipur
Mercedes-Benz E-Class,Mercedes-Benz,E-Class,11,70705.0,1,Diesel,Automatic,15.0,1949.5,180.02499999999998,5,14.827111833279051,jaipur
Maruti Swift Dzire,Maruti,Swift Dzire,12,75000.0,1,Diesel,Manual,19.3,1248.0,73.9,5,13.171155446333852,jaipur
Datsun RediGO,Datsun,RediGO,6,17587.0,1,Petrol,Manual,21.7,999.0,67.05,5,12.799402253235032,jaipur
Hyundai Santro,Hyundai,Santro,7,27153.0,2,Petrol,Manual,20.3,1086.0,68.0,5,13.02805489573287,jaipur
Mahindra Thar,Mahindra,Thar,15,90000.0,2,Diesel,Manual,16.55,1949.5,105.0,6,13.122365377402328,jaipur
Maruti Swift Dzire,Maruti,Swift Dzire,14,104243.0,1,Diesel,Manual,19.3,1248.0,73.9,5,12.847929163278053,jaipur
Honda City,Honda,City,9,25791.0,1,Petrol,Automatic,18.0,1497.0,117.3,5,13.654168582642953,jaipur
Toyota Fortuner,Toyota,Fortuner,16,120000.0,2,Diesel,Manual,11.5,1949.5,171.0,7,13.610944619216111,jaipur
Jaguar XF,Jaguar,XF,13,70000.0,2,Diesel,Automatic,16.36,1949.5,180.02499999999998,5,14.151983508870947,jaipur
Hyundai Venue,Hyundai,Venue,5,60000.0,1,Petrol,Manual,17.52,1197.0,81.86,5,13.444448325847754,jaipur
Maruti Vitara Brezza,Maruti,Vitara Brezza,5,17580.0,1,Petrol,Manual,17.03,1462.0,103.26,5,13.698977865303197,jaipur
Mahindra XUV500,Mahindra,XUV500,14,120000.0,2,Diesel,Manual,15.1,1949.5,140.0,7,12.706850963741102,jaipur
Maruti Vitara Brezza,Maruti,Vitara Brezza,6,39109.0,1,Petrol,Manual,17.03,1462.0,103.26,5,13.606024566142413,jaipur
Maruti Vitara Brezza,Maruti,Vitara Brezza,4,20000.0,1,Petrol,Manual,17.03,1462.0,103.26,5,13.704578997256993,jaipur
Honda WR-V,Honda,WR-V,8,80000.0,1,Diesel,Manual,25.5,1498.0,98.6,5,13.384729180332174,jaipur
Maruti Celerio,Maruti,Celerio,4,20000.0,1,Petrol,Manual,25.24,998.0,65.71,5,13.28787951079572,jaipur
Toyota Innova,Toyota,Innova,19,120000.0,2,Diesel,Manual,12.8,1949.5,102.0,8,12.611541086966115,jaipur
Maruti Swift,Maruti,Swift,11,70000.0,2,Petrol,Manual,22.0,1197.0,81.8,5,13.005831808336863,jaipur
Honda City,Honda,City,10,70000.0,2,Petrol,Automatic,18.0,1497.0,117.3,5,13.384729180332174,jaipur
Maruti Alto,Maruti,Alto,16,110000.0,3,Petrol,Manual,19.7,796.0,46.3,5,11.918397239722838,jaipur
Volkswagen Polo,Volkswagen,Polo,15,70000.0,1,Petrol,Manual,16.47,1198.0,73.9,5,12.611541086966115,jaipur
Jeep Compass,Jeep,Compass,7,9106.0,1,Diesel,Manual,17.1,1949.5,170.0,5,14.452087387035824,jaipur
Honda Amaze,Honda,Amaze,7,90239.0,1,Petrol,Manual,19.5,1199.0,88.76,5,13.269059483669357,jaipur
Hyundai EON,Hyundai,EON,12,31608.0,2,Petrol,Manual,20.3,998.0,68.05,5,12.604852121186608,jaipur
Honda Amaze,Honda,Amaze,7,58740.0,1,Petrol,Manual,19.5,1199.0,88.76,5,13.296318365198623,jaipur
Hyundai i20,Hyundai,i20,8,73398.0,2,Petrol,Manual,18.6,1197.0,81.83,5,13.206706364071684,jaipur
Maruti Ciaz,Maruti,Ciaz,7,29393.0,1,Petrol,Automatic,20.28,1462.0,103.25,5,13.704578997256993,jaipur
Volkswagen Polo,Volkswagen,Polo,10,100000.0,2,Diesel,Manual,20.14,1498.0,88.0,5,12.959846800844963,jaipur
Honda New Accord,Honda,New Accord,18,150000.0,2,Petrol,Manual,12.8,1949.5,177.6,5,12.404927602627597,jaipur
Toyota Fortuner,Toyota,Fortuner,13,150000.0,1,Diesel,Manual,13.0,1949.5,168.5,7,14.256986746682081,jaipur
Audi A6,Audi,A6,13,40000.0,2,Diesel,Automatic,17.68,1949.5,174.33,5,14.187074804051692,jaipur
Renault KWID,Renault,KWID,7,30000.0,2,Petrol,Automatic,23.01,999.0,67.0,5,12.821260987319457,jaipur
Kia Seltos,Kia,Seltos,7,44354.0,1,Diesel,Automatic,18.0,1493.0,113.43,5,14.23750562376114,jaipur
Renault KWID,Renault,KWID,10,65000.0,2,Petrol,Manual,23.01,999.0,67.0,5,12.577639650232573,jaipur
Maruti Swift,Maruti,Swift,10,79700.0,1,Diesel,Manual,28.25,1248.0,74.0,5,13.171155446333852,jaipur
Toyota Innova,Toyota,Innova,19,120000.0,2,Diesel,Manual,12.8,1949.5,102.0,8,12.560247968016562,jaipur
Maruti Baleno,Maruti,Baleno,7,30000.0,1,Petrol,Manual,21.4,1197.0,83.1,5,13.384729180332174,jaipur
Hyundai i20,Hyundai,i20,9,81000.0,1,Diesel,Manual,22.54,1396.0,88.73,5,13.26212705890841,jaipur
Honda City,Honda,City,18,120000.0,1,Petrol,Manual,17.7,1497.0,78.0,5,12.04355959836804,jaipur
Hyundai Grand i10 Nios,Hyundai,Grand i10 Nios,6,40000.0,2,Petrol,Manual,20.7,1197.0,81.86,5,13.28787951079572,jaipur
Hyundai i20,Hyundai,i20,7,33236.0,2,Petrol,Automatic,17.4,1197.0,81.86,5,13.531821834802397,jaipur
Hyundai Grand i10,Hyundai,Grand i10,12,50000.0,2,Petrol,Automatic,18.9,1197.0,81.86,5,12.959846800844963,jaipur
Maruti Baleno,Maruti,Baleno,7,47214.0,1,Petrol,Manual,21.4,1197.0,83.1,5,13.282781802386296,jaipur
Hyundai Grand i10 Nios,Hyundai,Grand i10 Nios,7,54670.0,2,Petrol,Manual,20.7,1197.0,81.86,5,13.270785106659046,jaipur
Honda Amaze,Honda,Amaze,8,30000.0,2,Petrol,Manual,17.8,1198.0,86.7,5,13.180634172318978,jaipur
Mahindra Bolero,Mahindra,Bolero,13,120000.0,1,Diesel,Manual,15.96,1949.5,62.0,7,12.899222326086994,jaipur
Tata Zest,Tata,Zest,10,120000.0,2,Petrol,Manual,17.57,1193.0,88.7,5,12.611541086966115,jaipur
Toyota Fortuner,Toyota,Fortuner,11,125000.0,1,Diesel,Automatic,12.55,1949.5,168.5,7,14.282384921160133,jaipur
Ford Aspire,Ford,Aspire,9,100000.0,1,Diesel,Manual,25.83,1498.0,99.0,5,12.847929163278053,jaipur
Hyundai i20,Hyundai,i20,9,57000.0,2,Petrol,Manual,18.6,1197.0,81.83,5,13.345508528717259,jaipur
Chevrolet Spark,Chevrolet,Spark,15,70000.0,2,Lpg,Manual,16.0,995.0,59.0,5,11.982935344196433,jaipur
Volkswagen Polo,Volkswagen,Polo,9,120000.0,1,Diesel,Manual,20.14,1498.0,88.0,5,13.171155446333852,jaipur
Maruti Baleno,Maruti,Baleno,4,30000.0,1,Petrol,Manual,22.35,1197.0,88.5,5,13.652992804936396,jaipur
Kia Seltos,Kia,Seltos,5,3844.0,1,Petrol,Manual,16.8,1497.0,113.43,5,14.214287349062356,jaipur
Chevrolet Cruze,Chevrolet,Cruze,15,120000.0,4,Diesel,Manual,18.3,1949.5,147.9,5,12.154784614286667,jaipur
Renault KWID,Renault,KWID,6,50000.0,1,Petrol,Manual,21.46,999.0,67.06,5,12.834683971615659,jaipur
Honda CR-V,Honda,CR-V,18,120000.0,3,Petrol,Manual,13.1,1949.5,141.1,5,12.100717685412471,jaipur
Mahindra XUV500,Mahindra,XUV500,11,80000.0,2,Diesel,Manual,16.0,1949.5,140.0,7,13.76421831620775,jaipur
Maruti Swift Dzire,Maruti,Swift Dzire,14,94554.0,1,Petrol,Manual,22.41,1197.0,88.5,5,12.855792879125431,jaipur
Maruti Baleno,Maruti,Baleno,5,15991.0,1,Petrol,Manual,21.01,1197.0,81.8,5,13.477238101919994,jaipur
Mahindra Scorpio,Mahindra,Scorpio,13,70000.0,3,Diesel,Manual,12.05,1949.5,120.0,7,13.161586013632684,jaipur
Maruti Swift Dzire,Maruti,Swift Dzire,9,72918.0,1,Diesel,Automatic,28.25,1248.0,74.02,5,13.39239204133378,jaipur
Datsun RediGO,Datsun,RediGO,8,22982.0,1,Petrol,Automatic,22.5,999.0,67.0,5,12.653961664405365,jaipur
Hyundai i20,Hyundai,i20,11,76000.0,1,Diesel,Manual,22.54,1396.0,88.73,5,13.26212705890841,jaipur
Skoda Rapid,Skoda,Rapid,9,115000.0,1,Diesel,Manual,21.13,1498.0,108.6,5,13.42246945133505,jaipur
Maruti Vitara Brezza,Maruti,Vitara Brezza,8,73000.0,1,Diesel,Manual,24.3,1248.0,88.5,5,13.623139877437296,jaipur
Ford Endeavour,Ford,Endeavour,10,90000.0,2,Diesel,Automatic,12.62,1949.5,158.0,7,14.54547219357453,jaipur
Hyundai Santro,Hyundai,Santro,7,30000.0,1,Petrol,Manual,20.3,1086.0,68.0,5,13.005831808336863,jaipur
Hyundai Grand i10,Hyundai,Grand i10,12,80000.0,2,Diesel,Manual,24.0,1120.0,70.0,5,12.765691290604371,jaipur
Skoda Kushaq,Skoda,Kushaq,4,10000.0,1,Petrol,Manual,19.2,999.0,113.98,5,14.077875591662238,jaipur
Mahindra XUV500,Mahindra,XUV500,14,120000.0,2,Diesel,Manual,15.1,1949.5,140.0,7,12.706850963741102,jaipur
Hyundai Grand i10 Nios,Hyundai,Grand i10 Nios,4,10000.0,1,Petrol,Automatic,20.7,1197.0,81.86,5,13.527829818844937,jaipur
Hyundai Grand i10 Nios,Hyundai,Grand i10 Nios,4,10000.0,1,Petrol,Automatic,20.7,1197.0,81.86,5,13.527829818844937,jaipur
Renault Triber,Renault,Triber,6,30000.0,1,Petrol,Manual,20.0,999.0,71.01,7,13.415034483903348,jaipur
Maruti Vitara Brezza,Maruti,Vitara Brezza,4,20000.0,1,Petrol,Manual,17.03,1462.0,103.26,5,13.704578997256993,jaipur
Chevrolet Aveo U-VA,Chevrolet,Aveo U-VA,19,60000.0,1,Petrol,Manual,15.26,1150.0,74.9,5,11.407576060361786,jaipur
Maruti Celerio,Maruti,Celerio,9,107963.0,1,Petrol,Automatic,26.0,998.0,65.71,5,12.807655372286902,jaipur
Renault Duster,Renault,Duster,14,121243.0,2,Diesel,Manual,19.01,1461.0,108.45,5,12.757082940769225,jaipur
Tata Harrier,Tata,Harrier,6,100000.0,1,Diesel,Manual,17.0,1949.5,138.1,5,14.200773639026796,jaipur
Honda Brio,Honda,Brio,11,67194.0,1,Petrol,Manual,19.4,1198.0,86.8,5,12.6410997921206,jaipur
Honda City,Honda,City,10,69236.0,2,Petrol,Manual,17.8,1497.0,117.3,5,13.281076775042335,jaipur
Honda WR-V,Honda,WR-V,7,80000.0,1,Diesel,Manual,25.5,1498.0,98.6,5,13.710151153416941,jaipur
Jeep Compass,Jeep,Compass,8,90000.0,2,Petrol,Manual,16.0,1368.0,160.0,5,13.710151153416941,jaipur
MG Hector,MG,Hector,6,60000.0,1,Diesel,Manual,17.41,1949.5,167.68,5,14.253766134056512,jaipur
Land Rover Discovery Sport,Land,Rover Discovery Sport,9,80000.0,2,Diesel,Automatic,12.83,1949.5,148.31,7,14.648420115681892,jaipur
Land Rover Range Rover Evoque,Land,Rover Range Rover Evoque,10,81317.0,2,Diesel,Automatic,15.68,1949.5,177.0,5,14.978661680269907,jaipur
Hyundai i10,Hyundai,i10,11,60000.0,2,Petrol,Manual,20.36,1197.0,78.9,5,12.449018824140563,jaipur
Renault Duster,Renault,Duster,11,80000.0,1,Diesel,Manual,19.87,1461.0,83.8,5,12.779875885354993,jaipur
Renault Duster,Renault,Duster,8,60000.0,2,Diesel,Manual,19.87,1461.0,83.8,5,13.384729180332174,jaipur
Hyundai Grand i10,Hyundai,Grand i10,12,110000.0,3,Diesel,Manual,24.0,1120.0,70.0,5,12.524530013005734,jaipur
Ford Fiesta Classic,Ford,Fiesta Classic,15,120000.0,2,Diesel,Manual,19.68,1399.0,67.0,5,11.918397239722838,jaipur
Hyundai Creta,Hyundai,Creta,9,110000.0,2,Diesel,Automatic,17.01,1582.0,126.2,5,13.710151153416941,jaipur
BMW 5 Series,BMW,5 Series,9,100000.0,1,Diesel,Automatic,20.37,1949.5,180.02499999999998,5,14.731801689838349,jaipur
Maruti Swift,Maruti,Swift,8,57000.0,1,Petrol,Manual,22.0,1197.0,81.8,5,13.304686600863562,jaipur
BMW 3 Series,BMW,3 Series,13,70000.0,2,Diesel,Automatic,18.88,1949.5,180.02499999999998,5,13.790193775620484,jaipur
Maruti Swift,Maruti,Swift,12,76000.0,1,Diesel,Manual,28.25,1248.0,74.0,5,13.07107218827772,jaipur
Maruti Swift,Maruti,Swift,5,7183.0,2,Petrol,Automatic,22.56,1197.0,88.5,5,13.593617474489168,jaipur
Skoda Rapid,Skoda,Rapid,14,85000.0,2,Diesel,Manual,20.5,1598.0,103.5,5,12.765691290604371,jaipur
Tata Tiago,Tata,Tiago,4,4437.0,1,Cng,Manual,26.49,1199.0,72.0,5,13.28787951079572,jaipur
Hyundai i20,Hyundai,i20,10,34217.0,1,Petrol,Manual,18.6,1197.0,81.83,5,13.184400648021263,jaipur
Volkswagen Polo,Volkswagen,Polo,9,80101.0,1,Petrol,Manual,16.47,1198.0,74.0,5,13.171155446333852,jaipur
Honda Civic,Honda,Civic,19,150000.0,3,Petrol,Manual,13.5,1799.0,130.0,5,12.04355959836804,jaipur
Maruti A-Star,Maruti,A-Star,14,50000.0,1,Petrol,Manual,19.0,998.0,66.1,5,12.323860125621126,jaipur
Mahindra Scorpio,Mahindra,Scorpio,7,100000.0,2,Diesel,Manual,16.36,1949.5,140.0,7,14.285514812209815,jaipur
Maruti Wagon R,Maruti,Wagon R,15,72580.0,1,Petrol,Manual,21.79,998.0,67.05,5,12.429220196836383,jaipur
Hyundai Verna,Hyundai,Verna,14,120000.0,4,Diesel,Manual,22.32,1582.0,126.32,5,12.611541086966115,jaipur
Hyundai Verna,Hyundai,Verna,6,120000.0,1,Diesel,Manual,22.0,1582.0,126.2,5,13.815511557963774,jaipur
Hyundai Santro,Hyundai,Santro,7,30000.0,1,Petrol,Manual,20.3,1086.0,68.0,5,12.948012371209098,jaipur
Volkswagen Polo,Volkswagen,Polo,14,100000.0,1,Diesel,Manual,22.07,1199.0,73.9,5,12.611541086966115,jaipur
Hyundai i20,Hyundai,i20,8,69000.0,1,Diesel,Manual,22.54,1396.0,88.76,5,13.42246945133505,jaipur
Maruti Swift,Maruti,Swift,9,50040.0,1,Diesel,Manual,25.2,1248.0,74.0,5,13.345508528717259,jaipur
Honda CR-V,Honda,CR-V,11,48350.0,1,Petrol,Automatic,12.0,1949.5,180.02499999999998,5,14.070153551531353,jaipur
Chevrolet Beat,Chevrolet,Beat,15,40000.0,2,Petrol,Manual,18.6,1199.0,79.4,5,11.608244735642321,jaipur
Chevrolet Cruze,Chevrolet,Cruze,15,120000.0,4,Diesel,Manual,18.3,1949.5,147.9,5,12.28765724080691,jaipur
Tata New Safari,Tata,New Safari,15,120000.0,1,Diesel,Manual,13.93,1949.5,138.03,7,12.429220196836383,jaipur
Honda City,Honda,City,9,74573.0,1,Petrol,Automatic,18.0,1497.0,117.6,5,13.480039220276565,jaipur
Renault KWID,Renault,KWID,8,64715.0,1,Petrol,Automatic,23.01,999.0,67.0,5,12.782688818818986,jaipur
Honda City,Honda,City,12,76000.0,1,Diesel,Manual,26.0,1498.0,98.6,5,13.171155446333852,jaipur
Maruti Wagon R,Maruti,Wagon R,9,99348.0,2,Petrol,Manual,20.51,998.0,67.04,5,12.739640688812674,jaipur
Hyundai Grand i10,Hyundai,Grand i10,9,39176.0,1,Petrol,Manual,18.9,1197.0,81.86,5,13.001327306361068,jaipur
Maruti A-Star,Maruti,A-Star,14,50000.0,1,Petrol,Manual,19.0,998.0,66.1,5,12.323860125621126,jaipur
Nissan Micra Active,Nissan,Micra Active,9,80000.0,2,Petrol,Manual,19.49,1198.0,67.04,5,12.611541086966115,jaipur
Maruti Vitara Brezza,Maruti,Vitara Brezza,6,50000.0,1,Petrol,Manual,17.03,1462.0,103.26,5,13.527829818844937,jaipur
Maruti Swift Dzire,Maruti,Swift Dzire,10,120000.0,3,Diesel,Manual,26.59,1248.0,74.0,5,13.102162710901053,jaipur
Maruti Ertiga,Maruti,Ertiga,14,70000.0,3,Diesel,Manual,20.77,1248.0,88.8,7,13.017005083966255,jaipur
Hyundai Grand i10,Hyundai,Grand i10,10,40000.0,1,Petrol,Manual,18.9,1197.0,82.0,5,12.959846800844963,jaipur
Ford Ecosport,Ford,Ecosport,9,100000.0,3,Petrol,Automatic,15.63,1499.0,110.4,5,13.102162710901053,jaipur
Tata Indigo,Tata,Indigo,14,60000.0,2,Diesel,Manual,17.0,1405.0,70.0,5,11.918397239722838,jaipur
Hyundai Verna,Hyundai,Verna,7,29905.0,1,Petrol,Manual,17.0,1591.0,121.3,5,13.704578997256993,jaipur
Maruti Swift Dzire,Maruti,Swift Dzire,11,70000.0,1,Diesel,Manual,26.59,1248.0,74.0,5,13.102162710901053,jaipur
Mercedes-Benz A Class,Mercedes-Benz,A Class,13,80000.0,4,Diesel,Automatic,20.0,1949.5,107.3,5,13.681980308196241,jaipur
Tata Harrier,Tata,Harrier,7,70000.0,2,Diesel,Manual,16.35,1949.5,167.67,5,14.187074804051692,jaipur
Honda Amaze,Honda,Amaze,8,80000.0,1,Diesel,Manual,25.8,1498.0,98.6,5,13.345508528717259,jaipur
Mahindra XUV300,Mahindra,XUV300,6,40000.0,1,Petrol,Manual,16.82,1197.0,108.62,5,13.652992804936396,jaipur
Skoda Rapid,Skoda,Rapid,5,88069.0,2,Petrol,Manual,18.97,999.0,108.62,5,13.663525365110068,jaipur
Hyundai i10,Hyundai,i10,12,50789.0,3,Petrol,Manual,19.81,1086.0,68.05,5,12.535379989788607,jaipur
Hyundai Verna,Hyundai,Verna,12,76000.0,2,Diesel,Manual,22.32,1582.0,126.32,5,13.217675375388819,jaipur
Maruti Alto 800,Maruti,Alto 800,7,42212.0,1,Petrol,Manual,22.05,796.0,47.33,5,12.624786269856633,jaipur
Honda Amaze,Honda,Amaze,11,105227.0,1,Petrol,Manual,18.0,1198.0,86.7,5,12.82396003700373,jaipur
Skoda Laura,Skoda,Laura,20,150000.0,3,Diesel,Manual,17.5,1896.0,106.0,5,11.736077016252437,jaipur
Hyundai Creta,Hyundai,Creta,7,92700.0,2,Diesel,Automatic,17.6,1582.0,126.2,5,14.038654909278163,jaipur
Chevrolet Cruze,Chevrolet,Cruze,15,120000.0,2,Diesel,Manual,18.3,1949.5,147.9,5,12.733758336210744,jaipur
Maruti Alto,Maruti,Alto,20,30000.0,1,Petrol,Manual,19.7,796.0,46.3,5,11.156264806643742,jaipur
Maruti Swift,Maruti,Swift,5,12168.0,1,Petrol,Manual,22.0,1197.0,81.8,5,13.451668563394815,jaipur
Hyundai Grand i10 Nios,Hyundai,Grand i10 Nios,4,10000.0,1,Diesel,Manual,26.2,1186.0,73.97,5,13.437175577097312,jaipur
Tata Nano,Tata,Nano,15,30000.0,3,Petrol,Manual,26.0,745.5,35.0,4,11.002116507732017,jaipur
Isuzu D-Max,Isuzu,D-Max,10,75210.0,1,Diesel,Manual,12.4,1949.5,134.0,5,14.214287349062356,jaipur
Maruti Wagon R,Maruti,Wagon R,9,69159.0,1,Petrol,Automatic,20.51,998.0,67.0,5,12.84529412258351,jaipur
Maruti A-Star,Maruti,A-Star,15,56992.0,1,Petrol,Automatic,16.98,998.0,66.1,5,12.441144767709657,jaipur
Maruti Swift Dzire,Maruti,Swift Dzire,11,120000.0,2,Diesel,Manual,26.59,1248.0,74.0,5,12.59473402514672,jaipur
Hyundai Grand i10,Hyundai,Grand i10,9,28500.0,1,Petrol,Manual,18.9,1197.0,82.0,5,13.112315061750808,jaipur
Skoda Fabia,Skoda,Fabia,16,100000.0,2,Petrol,Manual,17.5,1198.0,180.02499999999998,5,12.206077645517674,jaipur
Hyundai i20,Hyundai,i20,14,90000.0,5,Diesel,Manual,21.9,1396.0,180.02499999999998,5,12.07254696717504,jaipur
Hyundai i20,Hyundai,i20,14,90000.0,5,Diesel,Manual,21.9,1396.0,180.02499999999998,5,12.07254696717504,jaipur
Hyundai Grand i10,Hyundai,Grand i10,12,76164.0,2,Diesel,Manual,24.0,1120.0,70.0,5,12.682309930111785,jaipur
Maruti Alto K10,Maruti,Alto K10,10,75196.0,1,Petrol,Automatic,23.95,998.0,67.05,5,12.73080413304066,jaipur
Mahindra XUV500,Mahindra,XUV500,10,50000.0,3,Diesel,Automatic,16.0,1949.5,140.0,7,13.429849547739444,jaipur
Maruti Alto 800,Maruti,Alto 800,9,51759.0,1,Petrol,Manual,22.05,796.0,47.33,5,12.51723073716405,jaipur
Tata Tiago,Tata,Tiago,7,105021.0,2,Petrol,Manual,23.84,1199.0,83.83,5,13.06685278163674,jaipur
Hyundai Verna,Hyundai,Verna,16,120000.0,1,Petrol,Manual,16.2,1599.0,103.255,5,11.918397239722838,jaipur
Tata Safari Storme,Tata,Safari Storme,10,90000.0,2,Diesel,Manual,14.1,1949.5,148.0,7,13.304686600863562,jaipur
Mahindra Thar,Mahindra,Thar,5,30000.0,2,Petrol,Manual,15.2,1949.5,150.0,4,14.130322027731049,jaipur
Kia Sonet,Kia,Sonet,4,10000.0,1,Petrol,Manual,18.2,998.0,118.36,5,13.73755009757506,jaipur
Volkswagen Taigun,Volkswagen,Taigun,4,20000.0,1,Petrol,Manual,20.08,999.0,113.98,5,14.115615891155079,jaipur
Hyundai Getz,Hyundai,Getz,19,110000.0,3,Petrol,Manual,15.3,1341.0,83.0,5,11.002116507732017,jaipur
Maruti Swift Dzire,Maruti,Swift Dzire,6,40000.0,2,Petrol,Manual,22.41,1197.0,88.5,5,13.384729180332174,jaipur
Honda City,Honda,City,14,100000.0,1,Petrol,Manual,16.8,1497.0,116.4,5,12.765691290604371,jaipur
Mahindra XUV300,Mahindra,XUV300,4,10000.0,1,Diesel,Manual,20.1,1497.0,115.05,5,14.130322027731049,jaipur
Toyota Etios Liva,Toyota,Etios Liva,13,60000.0,1,Petrol,Manual,17.71,1197.0,78.9,5,12.59473402514672,jaipur
Maruti 800,Maruti,800,18,50000.0,1,Petrol,Manual,16.1,796.0,37.0,4,11.225256725762893,jaipur
Maruti SX4,Maruti,SX4,19,120000.0,2,Petrol,Manual,15.0,1586.0,104.68,5,10.819798284210286,jaipur
Volkswagen Polo,Volkswagen,Polo,13,70000.0,3,Diesel,Manual,22.07,1199.0,73.9,5,12.388398368982115,jaipur
Honda Amaze,Honda,Amaze,10,100000.0,4,Diesel,Manual,27.4,1498.0,98.63,5,12.676079399771027,jaipur
Skoda Octavia,Skoda,Octavia,7,67896.0,1,Petrol,Automatic,15.1,1798.0,178.0,5,14.220976332738882,jaipur
Renault Kiger,Renault,Kiger,5,9862.0,2,Petrol,Manual,20.5,999.0,98.63,5,13.521140839642674,jaipur
Renault KWID,Renault,KWID,9,40000.0,1,Petrol,Manual,23.01,999.0,67.0,5,12.323860125621126,jaipur
Renault KWID,Renault,KWID,7,37478.0,1,Petrol,Manual,22.25,799.0,53.26,5,12.712893259942282,jaipur
Maruti Alto 800,Maruti,Alto 800,5,32972.0,1,Cng,Manual,28.25,796.0,40.36,4,12.936036208848487,jaipur
Maruti Eeco,Maruti,Eeco,4,30000.0,1,Cng,Manual,20.88,1196.0,61.68,5,13.39239204133378,jaipur
Maruti Swift,Maruti,Swift,4,3120.0,1,Petrol,Automatic,22.56,1197.0,88.5,5,13.560619598657233,jaipur
Volkswagen Vento,Volkswagen,Vento,4,20972.0,1,Petrol,Manual,17.69,999.0,108.62,5,13.864301674514206,jaipur
Volkswagen Polo,Volkswagen,Polo,8,60000.0,1,Petrol,Manual,18.78,999.0,75.0,5,13.07107218827772,jaipur
Hyundai Verna,Hyundai,Verna,14,120000.0,1,Diesel,Manual,24.8,1396.0,88.7,5,12.691583538230217,jaipur
Jeep Compass,Jeep,Compass,8,20000.0,1,Petrol,Automatic,16.0,1368.0,160.0,5,14.151983508870947,jaipur
Hyundai EON,Hyundai,EON,13,70000.0,2,Petrol,Manual,21.1,814.0,55.2,5,11.884495917930655,jaipur
Maruti Swift Dzire,Maruti,Swift Dzire,14,80000.0,3,Petrol,Manual,19.1,1197.0,85.8,5,12.429220196836383,jaipur
Tata Nexon,Tata,Nexon,5,38323.0,1,Petrol,Automatic,16.35,1199.0,118.36,5,13.840204146163925,jaipur
Maruti Swift Dzire,Maruti,Swift Dzire,6,120000.0,1,Petrol,Manual,22.41,1197.0,88.5,5,13.122365377402328,jaipur
Renault KWID,Renault,KWID,7,40000.0,1,Petrol,Manual,25.17,799.0,53.3,5,12.611541086966115,jaipur
Skoda Superb,Skoda,Superb,6,50000.0,1,Petrol,Automatic,15.1,1949.5,180.02499999999998,5,14.914123179965662,jaipur
Mahindra XUV300,Mahindra,XUV300,7,60000.0,1,Diesel,Manual,20.0,1497.0,115.0,5,13.815511557963774,jaipur
Hyundai Santa Fe,Hyundai,Santa Fe,12,90000.0,1,Diesel,Automatic,13.01,1949.5,180.02499999999998,7,13.527829818844937,jaipur
Hyundai Grand i10,Hyundai,Grand i10,10,72842.0,1,Petrol,Automatic,18.9,1197.0,82.0,5,13.038981768465277,jaipur
Maruti Wagon R,Maruti,Wagon R,8,16338.0,2,Petrol,Manual,20.51,998.0,67.04,5,12.971542813248437,jaipur
Kia Seltos,Kia,Seltos,6,49017.0,1,Diesel,Manual,20.8,1493.0,113.43,5,14.23750562376114,jaipur
Maruti Wagon R,Maruti,Wagon R,16,80000.0,2,Lpg,Manual,17.3,1061.0,57.5,5,11.849404844423074,jaipur
Tata Nano,Tata,Nano,15,30000.0,3,Petrol,Manual,26.0,745.5,35.0,4,10.915106645867503,jaipur
Toyota Innova,Toyota,Innova,12,120000.0,1,Diesel,Manual,12.99,1949.5,100.6,7,13.384729180332174,jaipur
Hyundai Verna,Hyundai,Verna,7,79828.0,1,Diesel,Automatic,22.0,1582.0,126.2,5,13.946539697563276,jaipur
Ford Figo,Ford,Figo,12,120000.0,2,Diesel,Manual,20.0,1399.0,68.05,5,12.154784614286667,jaipur
Volkswagen Polo,Volkswagen,Polo,10,59000.0,2,Petrol,Manual,16.2,1199.0,74.0,5,13.017005083966255,jaipur
Chevrolet Beat,Chevrolet,Beat,15,120000.0,4,Petrol,Manual,18.6,1199.0,79.4,5,11.51293546492023,jaipur
Maruti Ritz,Maruti,Ritz,16,90000.0,2,Diesel,Manual,21.1,1248.0,73.9,5,12.206077645517674,jaipur
Maruti Alto K10,Maruti,Alto K10,14,40000.0,2,Petrol,Manual,20.92,998.0,67.1,5,12.409017571151187,jaipur
Honda City,Honda,City,16,70000.0,1,Petrol,Manual,17.0,1497.0,180.02499999999998,5,12.73670383776449,jaipur
Mahindra Scorpio,Mahindra,Scorpio,11,120000.0,2,Diesel,Manual,15.4,1949.5,75.0,9,13.304686600863562,jaipur
Honda Amaze,Honda,Amaze,13,52034.0,1,Petrol,Manual,18.0,1198.0,86.7,5,12.718899265966332,jaipur
Renault KWID,Renault,KWID,11,45979.0,2,Petrol,Manual,25.17,799.0,53.3,5,12.400820837540556,jaipur
Honda Amaze,Honda,Amaze,7,10000.0,1,Petrol,Manual,19.5,1199.0,88.76,5,13.321215875492413,jaipur
Hyundai i20,Hyundai,i20,13,68551.0,1,Petrol,Manual,18.5,1197.0,82.85,5,12.762830066509972,jaipur
Tata Tiago,Tata,Tiago,7,68766.0,1,Petrol,Manual,23.84,1199.0,83.83,5,13.149978544437301,jaipur
Tata New Safari,Tata,New Safari,14,80000.0,1,Diesel,Manual,11.57,1949.5,138.1,7,12.611541086966115,jaipur
Maruti Swift Dzire,Maruti,Swift Dzire,6,20000.0,2,Petrol,Manual,22.41,1197.0,88.5,5,13.493928313146206,jaipur
Hyundai Verna,Hyundai,Verna,10,120000.0,2,Diesel,Manual,23.9,1582.0,126.32,5,13.038981768465277,jaipur
Hyundai Verna,Hyundai,Verna,11,120000.0,2,Diesel,Manual,22.32,1582.0,126.32,5,13.017005083966255,jaipur
Mahindra Bolero,Mahindra,Bolero,16,120000.0,5,Diesel,Manual,13.6,1949.5,180.02499999999998,7,12.676079399771027,jaipur
Ford Ecosport,Ford,Ecosport,7,71000.0,1,Diesel,Manual,21.7,1498.0,98.96,5,13.652992804936396,jaipur
Volkswagen Vento,Volkswagen,Vento,12,53000.0,1,Diesel,Manual,20.54,1598.0,103.6,5,13.122365377402328,jaipur
Volkswagen Polo,Volkswagen,Polo,9,75000.0,2,Diesel,Manual,20.14,1498.0,88.0,5,13.217675375388819,jaipur
Maruti Wagon R,Maruti,Wagon R,6,23573.0,1,Petrol,Manual,21.79,998.0,67.05,5,13.235693848424024,jaipur
Ford Ecosport,Ford,Ecosport,8,76200.0,1,Diesel,Manual,21.7,1498.0,98.96,5,13.592368256649284,jaipur
Hyundai Santro Xing,Hyundai,Santro Xing,19,85000.0,1,Petrol,Automatic,17.8,1086.0,63.0,5,12.100717685412471,jaipur
Maruti Alto K10,Maruti,Alto K10,12,62000.0,1,Petrol,Manual,24.39,998.0,65.71,5,12.506180941677357,jaipur
Hyundai Aura,Hyundai,Aura,6,16603.0,1,Petrol,Automatic,20.1,1197.0,81.86,5,13.507627138738266,jaipur
Hyundai EON,Hyundai,EON,8,43571.0,1,Petrol,Manual,21.1,814.0,55.2,5,12.637858308703688,jaipur
Maruti Alto 800,Maruti,Alto 800,6,28328.0,1,Petrol,Manual,22.05,796.0,47.33,5,12.847929163278053,jaipur
Maruti Swift,Maruti,Swift,12,115000.0,1,Diesel,Manual,28.25,1248.0,74.0,5,13.038981768465277,jaipur
Honda WR-V,Honda,WR-V,9,40282.0,1,Petrol,Manual,17.5,1199.0,88.7,5,13.395440819535605,jaipur
Maruti Alto 800,Maruti,Alto 800,10,57826.0,1,Petrol,Manual,22.05,796.0,47.33,5,12.449018824140563,jaipur
Volkswagen Polo,Volkswagen,Polo,10,85400.0,1,Petrol,Manual,18.78,999.0,75.0,5,13.017005083966255,jaipur
Hyundai i20,Hyundai,i20,12,74000.0,2,Petrol,Manual,18.6,1197.0,81.83,5,13.081543466215237,jaipur
Mahindra Bolero Power Plus,Mahindra,Bolero Power Plus,8,66000.0,1,Diesel,Manual,16.5,1493.0,70.0,7,13.623139877437296,jaipur
Maruti Vitara Brezza,Maruti,Vitara Brezza,8,65580.0,1,Diesel,Automatic,24.3,1248.0,88.5,5,13.704578997256993,jaipur
Volkswagen Polo,Volkswagen,Polo,12,91200.0,2,Diesel,Manual,20.14,1498.0,88.8,5,13.017005083966255,jaipur
Ford Ecosport,Ford,Ecosport,11,65000.0,2,Diesel,Manual,21.7,1498.0,98.96,5,13.28787951079572,jaipur
Hyundai i20,Hyundai,i20,9,84250.0,2,Diesel,Manual,22.54,1396.0,88.73,5,13.415034483903348,jaipur
Maruti Swift,Maruti,Swift,19,93155.0,3,Diesel,Manual,17.8,1248.0,75.0,5,12.345834587905333,jaipur
BMW 3 Series,BMW,3 Series,12,79412.0,2,Diesel,Automatic,19.59,1949.5,180.02499999999998,5,14.169683073439028,jaipur
Skoda Rapid,Skoda,Rapid,7,68140.0,1,Diesel,Manual,21.13,1498.0,108.6,5,13.60479076121576,jaipur
Kia Carens,Kia,Carens,4,16293.0,1,Petrol,Automatic,16.5,1353.0,138.05,6,14.397726177816939,jaipur
Maruti Ritz,Maruti,Ritz,12,79883.0,2,Diesel,Manual,23.2,1248.0,73.94,5,12.149507585033072,jaipur
Jeep Compass,Jeep,Compass,6,9000.0,1,Diesel,Manual,17.1,1949.5,170.0,5,14.452087387035824,jaipur
Hyundai Getz,Hyundai,Getz,19,100048.0,1,Petrol,Manual,15.0,1086.0,66.6,5,10.24003121517787,jaipur
Honda Amaze,Honda,Amaze,12,110712.0,1,Diesel,Manual,25.8,1498.0,98.6,5,12.506180941677357,jaipur
Tata Tiago,Tata,Tiago,9,67653.0,1,Petrol,Automatic,23.84,1199.0,84.0,5,12.92391243868049,jaipur
Hyundai i10,Hyundai,i10,11,58066.0,1,Petrol,Manual,19.81,1086.0,68.05,5,12.598118111678868,jaipur
Jaguar XF,Jaguar,XF,9,83000.0,2,Diesel,Automatic,16.36,1949.5,180.02499999999998,5,14.669926311652166,jaipur
Honda Amaze,Honda,Amaze,7,71053.0,1,Petrol,Manual,19.5,1199.0,88.76,5,13.263864675787632,jaipur
Volkswagen Polo,Volkswagen,Polo,8,76977.0,2,Diesel,Manual,20.14,1498.0,88.0,5,13.342303402904738,jaipur
Tata Indica,Tata,Indica,17,150729.0,1,Diesel,Manual,18.0,1248.0,180.02499999999998,5,11.289794413577894,jaipur
Mercedes-Benz M-Class,Mercedes-Benz,M-Class,10,115000.0,1,Diesel,Automatic,15.26,1949.5,180.02499999999998,5,14.975531788240602,jaipur
Honda New Accord,Honda,New Accord,19,144103.0,1,Petrol,Manual,11.9,1949.5,144.0,5,10.486847768485333,jaipur
Honda Amaze,Honda,Amaze,4,19726.0,1,Petrol,Manual,18.6,1199.0,88.5,5,13.527829818844937,jaipur
Audi Q5,Audi,Q5,13,60267.0,1,Diesel,Automatic,14.16,1949.5,174.3,5,14.383661248349535,jaipur
Hyundai Elantra,Hyundai,Elantra,13,120931.0,1,Diesel,Manual,22.7,1582.0,126.24,5,13.710151153416941,jaipur
Tata Nexon,Tata,Nexon,4,12111.0,1,Petrol,Manual,17.33,1199.0,118.35,5,13.76421831620775,jaipur
Chevrolet Cruze,Chevrolet,Cruze,10,121671.0,1,Diesel,Manual,17.9,1949.5,163.7,5,13.017005083966255,jaipur
Maruti Vitara Brezza,Maruti,Vitara Brezza,7,65573.0,1,Diesel,Automatic,24.3,1248.0,88.5,5,13.704578997256993,jaipur
Hyundai i10,Hyundai,i10,17,52887.0,1,Petrol,Manual,20.36,1197.0,78.9,5,12.429220196836383,jaipur
Honda CR-V,Honda,CR-V,11,48457.0,1,Petrol,Automatic,12.0,1949.5,180.02499999999998,5,14.06627005452127,jaipur
Nissan Micra Active,Nissan,Micra Active,13,51088.0,1,Petrol,Manual,19.49,1198.0,67.04,5,12.691583538230217,jaipur
Maruti Wagon R,Maruti,Wagon R,11,0.0,1,Petrol,Manual,20.51,998.0,67.04,5,12.765691290604371,jaipur
Kia Seltos,Kia,Seltos,5,22000.0,1,Petrol,Manual,16.8,1497.0,113.43,5,14.144815024531075,jaipur
Hyundai Verna,Hyundai,Verna,8,45316.0,1,Petrol,Manual,17.0,1591.0,121.3,5,13.620712694725297,jaipur
Kia Seltos,Kia,Seltos,7,16858.0,1,Petrol,Automatic,16.5,1353.0,138.08,5,14.148405690083225,jaipur
Toyota Innova,Toyota,Innova,12,105000.0,1,Diesel,Manual,12.99,1949.5,100.6,7,13.579789490265188,jaipur
Renault KWID,Renault,KWID,7,31850.0,1,Petrol,Manual,22.25,799.0,53.26,5,12.742568940017076,jaipur
Honda Amaze,Honda,Amaze,13,135213.0,1,Diesel,Manual,25.8,1498.0,98.6,5,12.506180941677357,jaipur
Honda Amaze,Honda,Amaze,12,88378.0,1,Diesel,Manual,25.8,1498.0,98.6,5,12.788291058675025,jaipur
Maruti Swift Dzire,Maruti,Swift Dzire,10,152115.125,1,Diesel,Manual,26.59,1248.0,74.0,5,13.122365377402328,jaipur
Maruti Swift Dzire,Maruti,Swift Dzire,14,65808.0,1,Diesel,Manual,23.4,1248.0,74.0,5,12.92391243868049,jaipur
Nissan Magnite,Nissan,Magnite,5,20135.0,1,Petrol,Manual,18.75,999.0,71.02,5,13.384729180332174,jaipur
Skoda Octavia,Skoda,Octavia,7,29882.0,1,Petrol,Automatic,15.1,1798.0,177.0,5,14.64406281221155,jaipur
MG Hector,MG,Hector,6,33831.0,1,Petrol,Automatic,13.96,1451.0,141.0,5,14.220976332738882,jaipur
Maruti Wagon R,Maruti,Wagon R,8,61334.0,1,Petrol,Manual,20.51,998.0,67.04,5,12.847929163278053,jaipur
BMW 3 Series,BMW,3 Series,9,69383.0,3,Diesel,Automatic,22.69,1949.5,180.02499999999998,5,14.346139397261565,jaipur
Mahindra Scorpio,Mahindra,Scorpio,17,152115.125,4,Diesel,Manual,12.05,1949.5,120.0,9,13.017005083966255,jaipur
Hyundai i20,Hyundai,i20,9,51531.0,1,Petrol,Manual,18.6,1197.0,81.83,5,13.122365377402328,jaipur
Kia Seltos,Kia,Seltos,7,88098.0,1,Diesel,Manual,20.8,1493.0,113.43,5,13.758940206475879,jaipur
Honda BR-V,Honda,BR-V,10,96000.0,1,Diesel,Manual,21.9,1498.0,98.6,7,13.171155446333852,jaipur
Hyundai Venue,Hyundai,Venue,7,77901.0,1,Diesel,Manual,23.7,1396.0,88.76,5,13.790193775620484,jaipur
Skoda Laura,Skoda,Laura,18,133946.0,1,Diesel,Manual,17.5,1896.0,106.0,5,13.242811303528269,jaipur
Hyundai i10,Hyundai,i10,10,70593.0,1,Petrol,Manual,19.81,1086.0,68.05,5,12.694655727828803,jaipur
Hyundai i20,Hyundai,i20,11,82556.0,1,Petrol,Manual,18.6,1197.0,81.83,5,13.049794835104816,jaipur
Maruti Wagon R,Maruti,Wagon R,17,42160.0,1,Petrol,Manual,18.9,1061.0,67.0,5,12.100717685412471,jaipur
Maruti Swift Dzire,Maruti,Swift Dzire,8,99367.0,1,Diesel,Manual,28.25,1248.0,74.02,5,13.47302165746721,jaipur
Hyundai Verna,Hyundai,Verna,8,95329.0,1,Petrol,Manual,17.0,1591.0,121.3,5,13.584839999674324,jaipur
Maruti Swift Dzire,Maruti,Swift Dzire,11,72000.0,1,Petrol,Manual,20.85,1197.0,83.14,5,13.049794835104816,jaipur
Hyundai i20,Hyundai,i20,15,137537.0,4,Diesel,Manual,21.9,1396.0,180.02499999999998,5,11.918397239722838,jaipur
Honda City,Honda,City,12,98000.0,1,Diesel,Manual,26.0,1498.0,98.6,5,13.161586013632684,jaipur
Chevrolet Cruze,Chevrolet,Cruze,16,152098.0,3,Diesel,Manual,18.3,1949.5,147.9,5,12.796636007394284,jaipur
Renault Scala,Renault,Scala,13,88329.0,1,Diesel,Manual,21.64,1461.0,84.8,5,12.873904582205107,jaipur
Toyota Fortuner,Toyota,Fortuner,10,126000.0,2,Diesel,Automatic,11.5,1949.5,169.0,7,14.711598990684092,jaipur
Maruti Ritz,Maruti,Ritz,17,114866.0,2,Petrol,Manual,21.1,1197.0,85.8,5,11.450869193832785,jaipur
Maruti Baleno,Maruti,Baleno,5,27723.0,1,Petrol,Manual,21.01,1197.0,81.8,5,13.304686600863562,jaipur
Toyota Corolla Altis,Toyota,Corolla Altis,17,57847.0,1,Petrol,Automatic,14.53,1794.0,138.1,5,12.886643575525625,jaipur
Hyundai Verna,Hyundai,Verna,5,46557.0,1,Petrol,Manual,17.7,1497.0,113.18,5,13.795308871054397,jaipur
Maruti Wagon R,Maruti,Wagon R,10,37983.0,1,Petrol,Manual,20.51,998.0,67.04,5,12.793862088206213,jaipur
Maruti Alto,Maruti,Alto,16,152115.125,4,Petrol,Manual,19.7,796.0,46.3,5,11.128203717999964,jaipur
Mercedes-Benz C-Class,Mercedes-Benz,C-Class,14,69856.0,1,Diesel,Automatic,14.84,1949.5,170.0,5,14.038654909278163,jaipur
Audi Q5,Audi,Q5,13,60091.0,1,Diesel,Automatic,14.16,1949.5,174.3,5,14.430696737594902,jaipur
Maruti Swift,Maruti,Swift,9,50501.0,1,Petrol,Manual,20.4,1197.0,83.11,5,13.017005083966255,jaipur
Hyundai Aura,Hyundai,Aura,6,16603.0,1,Petrol,Automatic,20.1,1197.0,81.86,5,13.507627138738266,jaipur
Maruti Celerio,Maruti,Celerio,6,40960.0,1,Cng,Manual,28.25,998.0,55.92,5,13.122365377402328,jaipur
Hyundai Grand i10,Hyundai,Grand i10,8,65000.0,1,Petrol,Manual,18.9,1197.0,81.86,5,13.091904169919621,jaipur
Maruti Swift,Maruti,Swift,12,74232.0,1,Diesel,Manual,22.9,1248.0,74.0,5,12.969214528909768,jaipur
Maruti Wagon R,Maruti,Wagon R,11,38892.0,1,Petrol,Manual,20.51,998.0,67.04,5,12.757082940769225,jaipur
Hyundai Verna,Hyundai,Verna,10,72602.0,2,Diesel,Automatic,19.08,1582.0,126.2,5,13.451668563394815,jaipur
BMW X5,BMW,X5,12,82882.0,1,Diesel,Automatic,11.7,1949.5,180.02499999999998,5,14.711598990684092,jaipur
Audi Q3,Audi,Q3,9,79329.0,2,Diesel,Manual,17.32,1949.5,138.13,5,14.659231027111028,jaipur
Maruti Swift Dzire,Maruti,Swift Dzire,13,63959.0,1,Petrol,Manual,19.1,1197.0,85.8,5,12.899222326086994,jaipur
Tata Altroz,Tata,Altroz,4,10801.0,1,Petrol,Manual,19.33,1199.0,86.83,5,13.710151153416941,jaipur
Toyota Fortuner,Toyota,Fortuner,11,86580.0,2,Diesel,Manual,13.0,1949.5,168.7,7,14.077875591662238,jaipur
Skoda Rapid,Skoda,Rapid,11,30751.0,2,Petrol,Automatic,14.3,1598.0,103.52,5,12.706850963741102,jaipur
Maruti Wagon R,Maruti,Wagon R,12,151231.0,1,Petrol,Manual,20.51,998.0,67.04,5,12.429220196836383,jaipur
Kia Seltos,Kia,Seltos,6,49000.0,1,Diesel,Manual,20.8,1493.0,113.43,5,14.269766465162304,jaipur
Kia Seltos,Kia,Seltos,7,49000.0,1,Petrol,Automatic,16.5,1353.0,138.08,5,14.204169225721929,jaipur
Mercedes-Benz C-Class,Mercedes-Benz,C-Class,20,147640.0,3,Diesel,Automatic,14.84,1949.5,170.0,5,12.323860125621126,jaipur
Audi A4,Audi,A4,13,55000.0,1,Diesel,Automatic,15.2,1949.5,140.8,5,14.130322027731049,jaipur
Honda WR-V,Honda,WR-V,4,17284.0,1,Petrol,Manual,16.5,1199.0,88.5,5,13.710151153416941,jaipur
Hyundai Xcent,Hyundai,Xcent,12,100076.0,3,Diesel,Manual,24.4,1120.0,71.01,5,12.611541086966115,jaipur
Chevrolet Spark,Chevrolet,Spark,15,105180.0,2,Petrol,Manual,18.0,995.0,62.0,5,11.002116507732017,jaipur
Maruti Alto 800,Maruti,Alto 800,8,85648.0,1,Petrol,Manual,22.05,796.0,47.33,5,12.513561021741964,jaipur
Maruti Swift,Maruti,Swift,8,97229.0,1,Petrol,Manual,22.38,1197.0,88.5,5,13.140205260167273,jaipur
Maruti Baleno,Maruti,Baleno,10,74850.0,1,Diesel,Manual,27.39,1248.0,74.0,5,13.060490101343552,jaipur
Maruti S-Presso,Maruti,S-Presso,4,18484.0,1,Cng,Manual,28.25,998.0,58.33,4,13.197472705176983,jaipur
Maruti Swift,Maruti,Swift,8,52509.0,1,Petrol,Manual,22.38,1197.0,88.5,5,13.206706364071684,jaipur
Hyundai Accent,Hyundai,Accent,20,94970.0,2,Petrol,Manual,13.2,1495.0,94.0,5,11.863589378812122,jaipur
Hyundai i10,Hyundai,i10,10,57000.0,2,Petrol,Manual,20.36,1197.0,78.9,5,12.75130259456002,jaipur
Skoda Rapid,Skoda,Rapid,8,91547.0,1,Diesel,Manual,21.13,1498.0,108.6,5,13.779884416590017,jaipur
Maruti Swift Dzire,Maruti,Swift Dzire,15,42601.0,1,Petrol,Manual,17.5,1197.0,85.8,5,12.54254845357358,jaipur
Maruti Ertiga,Maruti,Ertiga,13,152115.125,1,Diesel,Manual,20.77,1248.0,88.76,7,13.017005083966255,jaipur
Kia Seltos,Kia,Seltos,7,31262.0,1,Diesel,Automatic,17.8,1493.0,113.4,5,13.937729075643883,jaipur
Ford Ecosport,Ford,Ecosport,8,72000.0,1,Diesel,Manual,23.0,1498.0,98.96,5,13.560619598657233,jaipur
Nissan Terrano,Nissan,Terrano,12,152115.125,1,Diesel,Manual,20.45,1461.0,83.8,5,12.283038316285214,jaipur
Hyundai i20,Hyundai,i20,9,70000.0,1,Petrol,Manual,18.6,1197.0,81.86,5,13.304686600863562,jaipur
Audi A3,Audi,A3,8,54737.0,1,Petrol,Automatic,19.2,1395.0,150.0,5,14.552674623940995,jaipur
Mahindra XUV500,Mahindra,XUV500,6,97845.0,1,Diesel,Manual,15.1,1949.5,152.87,7,13.827439128829548,jaipur
Maruti Swift,Maruti,Swift,4,18240.0,1,Petrol,Manual,22.38,1197.0,88.5,5,13.353476685668044,jaipur
Tata Safari Storme,Tata,Safari Storme,11,90000.0,2,Diesel,Manual,14.1,1949.5,147.94,7,13.28787951079572,jaipur
Jaguar XJ,Jaguar,XJ,12,65262.0,1,Diesel,Automatic,14.47,1949.5,180.02499999999998,5,15.150511887854474,jaipur
Hyundai Verna,Hyundai,Verna,8,86703.0,1,Petrol,Manual,17.0,1591.0,121.3,5,13.681980308196241,jaipur
Skoda Slavia,Skoda,Slavia,4,16000.0,1,Petrol,Manual,19.47,999.0,113.98,5,13.919871474189012,jaipur
Hyundai EON,Hyundai,EON,8,48409.0,1,Petrol,Manual,21.1,814.0,55.2,5,12.54254845357358,jaipur
Maruti Swift,Maruti,Swift,14,102912.0,1,Petrol,Manual,22.38,1197.0,88.5,5,12.804911893867851,jaipur
Renault KWID,Renault,KWID,7,37025.0,1,Petrol,Manual,22.25,799.0,53.26,5,12.77138929548529,jaipur
Nissan Micra Active,Nissan,Micra Active,11,152115.125,1,Petrol,Manual,19.49,1198.0,67.04,5,12.278397958261774,jaipur
Volkswagen Vento,Volkswagen,Vento,14,68243.0,2,Diesel,Manual,20.54,1598.0,103.6,5,12.611541086966115,jaipur
Hyundai i10,Hyundai,i10,14,110728.0,1,Petrol,Manual,20.36,1197.0,78.9,5,12.35017731849889,jaipur
Hyundai Verna,Hyundai,Verna,6,69492.0,1,Diesel,Manual,25.0,1493.0,113.45,5,13.960477193265989,jaipur
Maruti Swift,Maruti,Swift,13,72480.0,1,Diesel,Manual,22.9,1248.0,74.0,5,12.899222326086994,jaipur
Hyundai i20,Hyundai,i20,10,120094.0,1,Petrol,Manual,18.6,1197.0,81.83,5,13.122365377402328,jaipur
Maruti Swift,Maruti,Swift,13,118149.0,3,Diesel,Manual,22.9,1248.0,74.0,5,12.765691290604371,jaipur
Honda Brio,Honda,Brio,11,68000.0,3,Petrol,Automatic,16.5,1198.0,86.8,5,12.861001210669146,jaipur
Maruti Omni,Maruti,Omni,12,45663.0,3,Petrol,Manual,16.8,796.0,34.2,8,11.454808945234552,jaipur
Maruti Alto 800,Maruti,Alto 800,14,62626.0,1,Petrol,Manual,22.74,796.0,47.3,5,11.47518206005957,jaipur
Maruti Eeco,Maruti,Eeco,4,32317.0,1,Cng,Manual,20.88,1196.0,61.68,5,13.25339339419516,jaipur
Hyundai i20,Hyundai,i20,16,65733.0,2,Petrol,Manual,18.5,1197.0,180.02499999999998,5,11.669937760751914,jaipur
Tata Altroz,Tata,Altroz,6,21388.0,1,Petrol,Manual,19.33,1199.0,86.83,5,13.19375523568666,jaipur
Maruti Swift Dzire,Maruti,Swift Dzire,7,71448.0,3,Diesel,Automatic,28.25,1248.0,74.02,5,13.426904041847699,jaipur
Honda Amaze,Honda,Amaze,8,63385.0,1,Petrol,Manual,19.5,1199.0,88.76,5,13.201176406255746,jaipur
Hyundai i20,Hyundai,i20,7,60048.0,1,Petrol,Manual,18.6,1197.0,81.86,5,13.267330877756825,jaipur
Hyundai EON,Hyundai,EON,11,45926.0,1,Petrol,Manual,21.1,814.0,55.2,5,12.206077645517674,jaipur
Maruti Vitara Brezza,Maruti,Vitara Brezza,5,19876.0,1,Petrol,Manual,17.03,1462.0,103.26,5,13.527829818844937,jaipur
Hyundai i20,Hyundai,i20,9,69000.0,1,Diesel,Manual,22.54,1396.0,88.76,5,13.42246945133505,jaipur
Maruti Vitara Brezza,Maruti,Vitara Brezza,5,65000.0,1,Petrol,Manual,17.03,1462.0,103.26,5,13.704578997256993,jaipur
Hyundai Grand i10,Hyundai,Grand i10,11,37386.0,1,Petrol,Manual,18.9,1197.0,82.0,5,12.948012371209098,jaipur
Maruti Baleno,Maruti,Baleno,6,104590.0,1,Petrol,Manual,21.01,1197.0,81.8,5,13.217675375388819,jaipur
Maruti Swift Dzire,Maruti,Swift Dzire,5,57794.0,1,Petrol,Manual,22.41,1197.0,88.5,5,13.493928313146206,jaipur
Ford Ecosport,Ford,Ecosport,11,105072.0,1,Diesel,Manual,22.7,1498.0,89.84,5,12.948012371209098,jaipur
Honda Civic,Honda,Civic,19,152115.125,3,Petrol,Manual,13.5,1799.0,130.0,5,11.918397239722838,jaipur
Hyundai Verna,Hyundai,Verna,10,52000.0,1,Diesel,Manual,23.9,1582.0,126.2,5,13.573440270649085,jaipur
Tata Altroz,Tata,Altroz,6,26124.0,1,Petrol,Manual,19.33,1199.0,86.83,5,13.038981768465277,jaipur
Maruti Ciaz,Maruti,Ciaz,8,35925.0,1,Petrol,Manual,20.73,1373.0,91.1,5,13.527829818844937,jaipur
Mahindra Renault Logan,Mahindra,Renault Logan,18,64816.0,2,Petrol,Manual,13.0,1598.0,84.5,5,11.19822841866684,jaipur
Mahindra Bolero,Mahindra,Bolero,18,92701.0,4,Diesel,Manual,13.6,1949.5,180.02499999999998,7,11.58989576532275,jaipur
Maruti Celerio,Maruti,Celerio,7,38439.0,1,Petrol,Manual,25.24,998.0,65.71,5,12.945628585536271,jaipur
Ford Ecosport,Ford,Ecosport,9,45531.0,1,Petrol,Manual,15.85,1499.0,110.4,5,13.215855541983634,jaipur
Maruti Swift Dzire,Maruti,Swift Dzire,5,33000.0,1,Petrol,Manual,22.41,1197.0,88.5,5,13.47302165746721,jaipur
Maruti Swift,Maruti,Swift,11,71098.0,2,Petrol,Manual,22.38,1197.0,88.5,5,12.962196972666593,jaipur
Mahindra XUV500,Mahindra,XUV500,12,99432.0,1,Diesel,Manual,15.1,1949.5,140.0,7,13.358227280903897,jaipur
Renault KWID,Renault,KWID,6,24068.0,2,Petrol,Automatic,22.0,999.0,67.0,5,12.994532278619134,jaipur
Ford Figo,Ford,Figo,13,85445.0,3,Diesel,Manual,20.0,1399.0,68.05,5,12.429220196836383,jaipur
Volkswagen Jetta,Volkswagen,Jetta,18,112097.0,4,Diesel,Automatic,15.5,1896.0,105.0,5,13.075271769870477,jaipur
Hyundai Grand i10,Hyundai,Grand i10,9,80008.0,1,Diesel,Manual,24.0,1120.0,70.0,5,13.060490101343552,jaipur
Volkswagen Vento,Volkswagen,Vento,13,96496.0,2,Diesel,Manual,20.54,1598.0,103.6,5,12.899222326086994,jaipur
Nissan Terrano,Nissan,Terrano,12,75744.0,1,Diesel,Manual,19.01,1461.0,108.5,5,13.217675375388819,jaipur
Maruti Ignis,Maruti,Ignis,9,70000.0,1,Diesel,Automatic,26.8,1248.0,74.0,5,13.208542908506082,jaipur
Hyundai i20 Active,Hyundai,i20 Active,11,85000.0,1,Diesel,Manual,21.19,1396.0,88.76,5,13.244582780038517,jaipur
Maruti Alto 800,Maruti,Alto 800,4,15092.0,1,Petrol,Manual,22.05,796.0,47.33,5,12.92391243868049,jaipur
Honda Amaze,Honda,Amaze,12,117131.0,3,Petrol,Manual,18.0,1198.0,86.7,5,12.847929163278053,jaipur
Maruti Wagon R Stingray,Maruti,Wagon R Stingray,10,32802.0,2,Petrol,Automatic,20.51,998.0,67.04,5,12.899222326086994,jaipur
Maruti Baleno,Maruti,Baleno,10,39201.0,1,Petrol,Manual,21.4,1197.0,83.1,5,13.384729180332174,jaipur
Kia Seltos,Kia,Seltos,7,101884.0,1,Diesel,Automatic,17.8,1493.0,113.4,5,14.04662307257814,jaipur
Maruti Swift,Maruti,Swift,12,152115.125,2,Diesel,Manual,25.2,1248.0,74.0,5,13.017005083966255,jaipur
Hyundai EON,Hyundai,EON,12,74729.0,1,Petrol,Manual,21.1,814.0,55.2,5,12.25486757159303,jaipur
Tata Nexon,Tata,Nexon,4,9009.0,1,Petrol,Manual,17.33,1199.0,118.35,5,13.805461232211272,jaipur
Maruti SX4 S Cross,Maruti,SX4 S Cross,6,10785.0,1,Petrol,Manual,18.55,1462.0,103.25,5,13.872836568870161,jaipur
Hyundai Grand i10,Hyundai,Grand i10,9,85374.0,1,Petrol,Manual,18.9,1197.0,81.86,5,12.962196972666593,jaipur
Hyundai i10,Hyundai,i10,15,36495.0,1,Petrol,Manual,20.36,1197.0,78.9,5,12.07254696717504,jaipur
Volkswagen Polo,Volkswagen,Polo,14,57095.0,2,Diesel,Manual,22.07,1199.0,73.9,5,12.301387370778713,jaipur
Hyundai i20,Hyundai,i20,4,20199.0,1,Diesel,Manual,25.0,1493.0,98.63,5,13.815511557963774,jaipur
Renault KWID,Renault,KWID,4,1782.0,1,Petrol,Manual,21.46,999.0,67.06,5,13.180634172318978,jaipur
Hyundai Creta,Hyundai,Creta,9,152115.125,1,Petrol,Manual,15.29,1591.0,121.3,5,13.45883704259595,jaipur
Renault KWID,Renault,KWID,7,20685.0,1,Petrol,Manual,25.17,799.0,53.3,5,12.608202196848836,jaipur
Hyundai EON,Hyundai,EON,11,51284.0,1,Petrol,Manual,21.1,814.0,55.2,5,12.429220196836383,jaipur
Maruti Ertiga,Maruti,Ertiga,6,83000.0,1,Petrol,Manual,19.34,1462.0,103.0,7,13.704578997256993,jaipur
Maruti Alto 800,Maruti,Alto 800,7,36661.0,1,Petrol,Manual,24.7,796.0,47.3,5,12.682309930111785,jaipur
Mahindra Thar,Mahindra,Thar,4,44143.0,1,Petrol,Manual,15.2,1949.5,150.0,4,14.151983508870947,jaipur
Honda City,Honda,City,20,108168.0,4,Petrol,Manual,17.7,1497.0,78.0,5,11.918397239722838,jaipur
Maruti Alto K10,Maruti,Alto K10,8,69475.0,1,Petrol,Automatic,23.95,998.0,67.1,5,12.644330802262578,jaipur
Mahindra XUV500,Mahindra,XUV500,13,96294.0,2,Diesel,Manual,15.1,1949.5,140.0,7,13.122365377402328,jaipur
Hyundai Creta,Hyundai,Creta,9,48000.0,1,Petrol,Manual,15.8,1591.0,121.3,5,13.623139877437296,jaipur
Maruti Vitara Brezza,Maruti,Vitara Brezza,8,34970.0,1,Diesel,Manual,24.3,1248.0,88.5,5,13.60479076121576,jaipur
Hyundai Aura,Hyundai,Aura,6,49931.0,1,Petrol,Manual,20.5,1197.0,81.86,5,13.38318953651709,jaipur
Maruti Baleno,Maruti,Baleno,8,49500.0,1,Petrol,Manual,21.4,1197.0,83.1,5,13.415034483903348,jaipur
Kia Seltos,Kia,Seltos,7,44376.0,1,Diesel,Automatic,18.0,1493.0,113.43,5,14.23750562376114,jaipur
Maruti Swift,Maruti,Swift,8,49225.0,1,Diesel,Manual,28.25,1248.0,74.0,5,13.39239204133378,jaipur
Tata Tiago,Tata,Tiago,6,68843.0,1,Petrol,Manual,19.01,1199.0,84.82,5,13.108266481420335,jaipur
Maruti Wagon R,Maruti,Wagon R,17,60318.0,1,Petrol,Manual,21.79,998.0,67.05,5,12.691583538230217,jaipur
Maruti Swift,Maruti,Swift,8,101014.0,1,Diesel,Automatic,28.25,1248.0,74.0,5,13.217675375388819,jaipur
Renault KWID,Renault,KWID,6,44319.0,2,Petrol,Automatic,22.0,999.0,67.0,5,12.837347081942964,jaipur
Volkswagen Polo,Volkswagen,Polo,9,49422.0,1,Petrol,Manual,16.2,1199.0,74.0,5,12.727841176689147,jaipur
Tata Nexon,Tata,Nexon,5,44934.0,1,Petrol,Automatic,16.35,1199.0,118.36,5,13.85952744338105,jaipur
Maruti Swift Dzire,Maruti,Swift Dzire,15,152115.125,1,Diesel,Manual,19.3,1248.0,73.9,5,11.678448377988165,jaipur
Maruti Ciaz,Maruti,Ciaz,9,152115.125,1,Diesel,Manual,28.09,1248.0,88.5,5,12.985399815906522,jaipur
Hyundai Venue,Hyundai,Venue,6,36107.0,1,Petrol,Automatic,18.15,998.0,118.35,5,13.66585094484938,jaipur
Honda WR-V,Honda,WR-V,7,50854.0,1,Petrol,Manual,17.5,1199.0,88.7,5,13.28787951079572,jaipur
Hyundai Grand i10 Nios,Hyundai,Grand i10 Nios,6,7985.0,1,Petrol,Manual,20.7,1197.0,81.86,5,13.223115088821102,jaipur
Mahindra TUV 300,Mahindra,TUV 300,9,47913.0,1,Diesel,Manual,18.49,1493.0,100.0,7,12.969214528909768,jaipur
Maruti Baleno,Maruti,Baleno,9,138907.0,1,Petrol,Manual,21.4,1197.0,83.1,5,13.122365377402328,jaipur
Maruti Ritz,Maruti,Ritz,16,152115.125,1,Diesel,Manual,21.1,1248.0,73.9,5,11.58989576532275,jaipur
Mahindra XUV500,Mahindra,XUV500,11,124143.0,1,Diesel,Manual,15.1,1949.5,140.0,7,13.085701467719382,jaipur
Honda Amaze,Honda,Amaze,9,65396.0,2,Petrol,Manual,19.5,1199.0,88.76,5,12.952762962683588,jaipur
Hyundai i10,Hyundai,i10,15,45746.0,1,Petrol,Manual,20.36,1197.0,78.9,5,12.235636302128867,jaipur
Maruti Ciaz,Maruti,Ciaz,9,90560.0,1,Petrol,Manual,20.73,1373.0,91.1,5,13.353476685668044,jaipur
Honda CR-V,Honda,CR-V,11,48350.0,1,Petrol,Automatic,12.0,1949.5,180.02499999999998,5,14.144815024531075,jaipur
Honda Amaze,Honda,Amaze,9,66000.0,1,Diesel,Manual,25.8,1498.0,98.6,5,13.171155446333852,jaipur
Maruti Alto 800,Maruti,Alto 800,4,1989.0,1,Petrol,Manual,22.05,796.0,47.33,5,12.804911893867851,jaipur
Hyundai EON,Hyundai,EON,12,110818.0,1,Petrol,Manual,21.1,814.0,55.2,5,12.206077645517674,jaipur
Hyundai Creta,Hyundai,Creta,9,89000.0,2,Diesel,Automatic,17.6,1582.0,126.2,5,13.790193775620484,jaipur
Mahindra KUV 100 NXT,Mahindra,KUV 100 NXT,8,67225.0,1,Petrol,Manual,18.15,1198.0,82.0,6,12.429220196836383,jaipur
Tata Harrier,Tata,Harrier,6,96937.0,1,Diesel,Manual,17.0,1949.5,138.1,5,14.077875591662238,jaipur
Maruti Swift,Maruti,Swift,16,152115.125,1,Diesel,Manual,17.8,1248.0,75.0,5,12.206077645517674,jaipur
Honda Mobilio,Honda,Mobilio,11,85017.0,1,Petrol,Manual,17.3,1497.0,117.3,7,13.017005083966255,jaipur
Hyundai i10,Hyundai,i10,17,86719.0,1,Petrol,Manual,19.81,1086.0,68.05,5,11.918397239722838,jaipur
Tata Manza,Tata,Manza,14,106311.0,2,Diesel,Manual,19.0,1248.0,90.0,5,12.404927602627597,jaipur
Honda Brio,Honda,Brio,8,66328.0,1,Petrol,Manual,18.5,1198.0,86.8,5,12.765691290604371,jaipur
Honda City,Honda,City,27,132528.0,1,Petrol,Manual,13.0,1343.0,90.0,5,11.51293546492023,jaipur
Jaguar XF,Jaguar,XF,7,62285.0,1,Diesel,Automatic,19.33,1949.5,177.0,5,14.946912992035967,jaipur
Hyundai i20,Hyundai,i20,15,152115.125,1,Diesel,Manual,21.9,1396.0,180.02499999999998,5,12.095146671399466,jaipur
Mahindra Bolero Power Plus,Mahindra,Bolero Power Plus,7,27019.0,1,Diesel,Manual,16.5,1493.0,70.0,7,13.710151153416941,jaipur
Hyundai i10,Hyundai,i10,15,46848.0,1,Petrol,Manual,20.36,1197.0,78.9,5,12.154784614286667,jaipur
Renault Kiger,Renault,Kiger,5,16424.0,1,Petrol,Manual,20.5,999.0,98.63,5,13.212205909556012,jaipur
Maruti Ciaz,Maruti,Ciaz,11,89525.0,2,Petrol,Manual,20.73,1373.0,91.1,5,13.142166004700508,jaipur
Hyundai Creta,Hyundai,Creta,6,39657.0,1,Diesel,Automatic,18.5,1493.0,113.42,5,14.316286451937186,jaipur
Skoda Kushaq,Skoda,Kushaq,5,44516.0,1,Petrol,Manual,19.2,999.0,113.98,5,13.815511557963774,jaipur
Maruti Swift Dzire,Maruti,Swift Dzire,10,129267.0,1,Diesel,Manual,26.59,1248.0,74.0,5,13.270785106659046,jaipur
Hyundai EON,Hyundai,EON,9,77497.0,1,Petrol,Manual,21.1,814.0,55.2,5,12.429220196836383,jaipur
Maruti Swift,Maruti,Swift,11,74953.0,4,Diesel,Manual,25.2,1248.0,74.0,5,12.644330802262578,jaipur
Maruti Ciaz,Maruti,Ciaz,10,152115.125,2,Diesel,Manual,28.09,1248.0,88.5,5,12.899222326086994,jaipur
Maruti Alto,Maruti,Alto,18,75415.0,2,Petrol,Manual,19.7,796.0,46.3,5,11.458722678955912,jaipur
Maruti Ertiga,Maruti,Ertiga,4,32516.0,1,Petrol,Manual,20.51,1462.0,101.65,7,13.308014385419147,jaipur
Kia Sonet,Kia,Sonet,4,49972.0,1,Petrol,Manual,18.4,1197.0,81.86,5,13.710151153416941,jaipur
Maruti Alto,Maruti,Alto,20,152115.125,1,Petrol,Manual,19.7,796.0,46.3,5,10.896757843893464,jaipur
Maruti Alto,Maruti,Alto,15,72434.0,3,Petrol,Manual,19.7,796.0,46.3,5,11.608244735642321,jaipur
Ford Aspire,Ford,Aspire,11,34185.0,3,Petrol,Manual,18.16,1196.0,86.8,5,12.611541086966115,jaipur
Nissan Magnite,Nissan,Magnite,5,29336.0,2,Petrol,Manual,18.75,999.0,71.02,5,12.940843898859598,jaipur
Hyundai Grand i10,Hyundai,Grand i10,11,71501.0,1,Petrol,Manual,18.9,1197.0,82.0,5,12.691583538230217,jaipur
Kia Seltos,Kia,Seltos,7,68279.0,1,Petrol,Manual,16.5,1353.0,138.08,5,13.997832948091215,jaipur
Maruti Swift Dzire,Maruti,Swift Dzire,14,99761.0,2,Diesel,Manual,23.4,1248.0,74.0,5,12.259618151783465,jaipur
Kia Seltos,Kia,Seltos,5,46865.0,1,Petrol,Automatic,16.5,1353.0,138.08,5,14.187074804051692,jaipur
Hyundai Grand i10,Hyundai,Grand i10,12,152115.125,1,Diesel,Manual,24.0,1120.0,70.0,5,12.506180941677357,jaipur
Hyundai i20,Hyundai,i20,12,94905.0,1,Diesel,Manual,21.9,1396.0,88.76,5,12.611541086966115,jaipur
Honda City,Honda,City,12,80607.0,2,Diesel,Manual,26.0,1498.0,98.6,5,12.999067423500716,jaipur
Maruti Swift,Maruti,Swift,6,33055.0,2,Petrol,Automatic,21.21,1197.0,81.8,5,13.138238695062618,jaipur
Mahindra XUV500,Mahindra,XUV500,14,91873.0,2,Diesel,Manual,15.1,1949.5,140.0,7,12.899222326086994,jaipur
Chevrolet Optra,Chevrolet,Optra,19,72117.0,1,Petrol,Manual,12.9,1598.0,102.5,5,11.034905792929415,jaipur
Mahindra XUV500,Mahindra,XUV500,14,152115.125,1,Diesel,Manual,15.1,1949.5,140.0,7,12.936036208848487,jaipur
Maruti Vitara Brezza,Maruti,Vitara Brezza,8,68280.0,1,Diesel,Manual,24.3,1248.0,88.5,5,13.534474352733596,jaipur
Maruti Alto K10,Maruti,Alto K10,8,47008.0,1,Petrol,Manual,23.95,998.0,67.05,5,12.73670383776449,jaipur
Hyundai Verna,Hyundai,Verna,8,104782.0,1,Diesel,Manual,22.0,1582.0,126.2,5,13.710151153416941,jaipur
Maruti Ertiga,Maruti,Ertiga,9,107598.0,2,Petrol,Automatic,17.03,1373.0,91.1,7,12.850557278777309,jaipur
Hyundai Creta,Hyundai,Creta,7,90150.0,1,Diesel,Manual,22.1,1396.0,88.7,5,13.76421831620775,jaipur
Maruti Ciaz,Maruti,Ciaz,10,77074.0,2,Diesel,Manual,28.09,1248.0,88.5,5,13.122365377402328,jaipur
Honda Amaze,Honda,Amaze,5,32293.0,1,Petrol,Automatic,18.3,1199.0,88.5,5,13.502170106720037,jaipur
Jeep Compass,Jeep,Compass,8,69510.0,1,Petrol,Automatic,16.0,1368.0,160.77,5,13.997832948091215,jaipur
Jeep Compass,Jeep,Compass,8,131511.0,1,Diesel,Manual,17.1,1949.5,170.0,5,13.815511557963774,jaipur
Maruti Swift,Maruti,Swift,14,145716.0,2,Diesel,Manual,22.9,1248.0,74.0,5,12.611541086966115,jaipur
Maruti Ciaz,Maruti,Ciaz,9,38943.0,1,Petrol,Manual,20.73,1373.0,91.1,5,13.316285717486736,jaipur
Maruti Zen,Maruti,Zen,21,96598.0,2,Petrol,Manual,17.3,993.0,60.0,5,11.141876276228,jaipur
BMW 5 Series,BMW,5 Series,14,107000.0,1,Diesel,Automatic,16.73,1949.5,180.02499999999998,5,14.058457520888082,jaipur
Land Rover Range Rover Evoque,Land,Rover Range Rover Evoque,10,79331.0,2,Diesel,Automatic,12.7,1949.5,180.02499999999998,5,15.11706396273788,jaipur
Toyota Innova,Toyota,Innova,12,137029.0,1,Diesel,Manual,12.99,1949.5,100.57,7,14.115615891155079,jaipur
Jeep Compass,Jeep,Compass,8,34576.0,1,Petrol,Automatic,16.0,1368.0,160.0,5,14.214287349062356,jaipur
Mahindra TUV 300,Mahindra,TUV 300,10,40220.0,1,Diesel,Manual,18.49,1493.0,100.0,7,13.527829818844937,jaipur
Maruti Baleno,Maruti,Baleno,8,83083.0,1,Diesel,Manual,27.39,1248.0,74.0,5,13.42246945133505,jaipur
Toyota Fortuner,Toyota,Fortuner,16,139208.0,1,Diesel,Manual,11.5,1949.5,171.0,7,13.864301674514206,jaipur
Maruti Alto K10,Maruti,Alto K10,3,40000.0,1,Petrol,Manual,24.39,998.0,65.71,5,12.52815976788113,jaipur
Maruti Wagon R,Maruti,Wagon R,10,50000.0,1,Petrol,Manual,20.51,998.0,67.04,5,12.111767460549332,jaipur
Maruti Esteem,Maruti,Esteem,21,60000.0,1,Petrol,Manual,15.9,1298.0,85.0,5,10.819798284210286,jaipur
Renault Triber,Renault,Triber,3,50000.0,1,Petrol,Manual,20.0,999.0,71.01,7,13.304686600863562,jaipur
Hyundai EON,Hyundai,EON,15,100000.0,1,Petrol,Manual,21.1,814.0,55.2,5,11.775297421715827,jaipur
Hyundai EON,Hyundai,EON,14,120000.0,1,Petrol,Manual,21.1,814.0,55.2,5,11.775297421715827,jaipur
Ford Figo,Ford,Figo,15,70000.0,2,Petrol,Manual,15.6,1196.0,70.0,5,11.608244735642321,jaipur
Maruti Zen Estilo,Maruti,Zen Estilo,18,50000.0,2,Petrol,Manual,18.2,998.0,67.1,5,10.915106645867503,jaipur
Hyundai EON,Hyundai,EON,15,120000.0,1,Petrol,Manual,21.1,814.0,55.2,5,11.775297421715827,jaipur
Nissan Magnite,Nissan,Magnite,4,20000.0,1,Petrol,Manual,18.75,999.0,71.02,5,13.384729180332174,jaipur
Renault KWID,Renault,KWID,10,40000.0,1,Petrol,Manual,25.17,799.0,53.3,5,12.429220196836383,jaipur
Maruti A-Star,Maruti,A-Star,16,100000.0,1,Petrol,Manual,19.0,998.0,66.1,5,11.608244735642321,jaipur
Nissan Magnite,Nissan,Magnite,5,10000.0,1,Petrol,Manual,20.0,999.0,98.63,5,13.500801182986649,jaipur
Maruti Alto,Maruti,Alto,14,60000.0,1,Cng,Manual,26.83,796.0,38.4,5,11.775297421715827,jaipur
Maruti Alto 800,Maruti,Alto 800,5,20000.0,1,Petrol,Manual,22.05,796.0,47.33,5,12.706850963741102,jaipur
Maruti Swift Dzire,Maruti,Swift Dzire,6,30000.0,1,Petrol,Manual,21.21,1197.0,81.8,5,13.304686600863562,jaipur
Renault Triber,Renault,Triber,6,70000.0,1,Petrol,Manual,20.0,999.0,71.01,7,13.304686600863562,jaipur
Renault Triber,Renault,Triber,6,70000.0,1,Petrol,Manual,20.0,999.0,71.01,7,13.304686600863562,jaipur
Maruti Wagon R,Maruti,Wagon R,17,50000.0,2,Petrol,Manual,17.3,1061.0,64.0,5,11.51293546492023,jaipur
Maruti Swift,Maruti,Swift,13,70000.0,1,Petrol,Manual,18.6,1197.0,85.8,5,12.721888795877375,jaipur
Mahindra Bolero Neo,Mahindra,Bolero Neo,3,30000.0,1,Diesel,Manual,17.29,1493.0,100.0,7,13.910821646859095,jaipur
Ford Ecosport,Ford,Ecosport,12,50000.0,3,Petrol,Automatic,16.5,1499.0,110.0,5,12.899222326086994,jaipur
Hyundai i20,Hyundai,i20,15,30000.0,1,Petrol,Manual,17.0,1197.0,180.02499999999998,5,12.611541086966115,jaipur
Hyundai Santro Xing,Hyundai,Santro Xing,15,20000.0,1,Petrol,Manual,17.92,1086.0,62.1,5,12.100717685412471,jaipur
Mahindra XUV300,Mahindra,XUV300,4,20000.0,1,Diesel,Manual,20.0,1497.0,115.0,5,13.910821646859095,jaipur
MG Hector,MG,Hector,7,50000.0,1,Petrol,Manual,15.81,1451.0,141.0,5,13.710151153416941,jaipur
Hyundai i20,Hyundai,i20,14,90000.0,1,Petrol,Manual,17.0,1197.0,180.02499999999998,5,12.345834587905333,jaipur
Ford Figo,Ford,Figo,15,60000.0,3,Diesel,Manual,20.0,1399.0,68.0,5,11.918397239722838,jaipur
Maruti Celerio,Maruti,Celerio,8,100000.0,1,Petrol,Automatic,23.1,998.0,67.04,5,12.899222326086994,jaipur
Citroen C3,Citroen,C3,4,10000.0,1,Petrol,Manual,19.3,1199.0,108.62,5,13.45883704259595,jaipur
Ford Ecosport,Ford,Ecosport,9,60000.0,1,Diesel,Manual,23.0,1498.0,98.96,5,13.304686600863562,jaipur
Maruti Vitara Brezza,Maruti,Vitara Brezza,5,40000.0,1,Petrol,Manual,17.03,1462.0,103.26,5,13.521140839642674,jaipur
Ford Figo,Ford,Figo,13,120000.0,2,Diesel,Manual,20.0,1399.0,68.05,5,11.918397239722838,jaipur
Ford Figo,Ford,Figo,13,120000.0,2,Diesel,Manual,20.0,1399.0,68.05,5,11.918397239722838,jaipur
Kia Seltos,Kia,Seltos,6,70000.0,1,Diesel,Manual,20.8,1493.0,113.43,5,13.96909050352514,jaipur
Maruti Wagon R,Maruti,Wagon R,5,10000.0,1,Petrol,Manual,21.79,998.0,67.05,5,13.122365377402328,jaipur
Maruti Alto K10,Maruti,Alto K10,8,50000.0,2,Petrol,Automatic,23.95,998.0,67.1,5,12.765691290604371,jaipur
Tata Nexon,Tata,Nexon,8,50000.0,2,Diesel,Manual,21.5,1497.0,108.5,5,13.304686600863562,jaipur
Datsun GO,Datsun,GO,10,50000.0,1,Petrol,Manual,20.63,1198.0,67.0,5,12.323860125621126,jaipur
Mahindra Bolero,Mahindra,Bolero,5,30000.0,1,Diesel,Manual,16.0,1493.0,74.96,7,13.815511557963774,jaipur
Maruti Swift Dzire,Maruti,Swift Dzire,16,150000.0,2,Diesel,Manual,19.3,1248.0,73.9,5,12.154784614286667,jaipur
Porsche 911,Porsche,911,6,30000.0,2,Petrol,Automatic,10.25,1949.5,180.02499999999998,4,16.52356082573315,jaipur
Mahindra Bolero Neo,Mahindra,Bolero Neo,5,70000.0,1,Diesel,Manual,17.29,1493.0,100.0,7,13.76421831620775,jaipur
Maruti Zen Estilo,Maruti,Zen Estilo,16,90000.0,1,Petrol,Manual,19.0,998.0,67.1,5,11.918397239722838,jaipur
Maruti Alto,Maruti,Alto,16,50000.0,1,Petrol,Manual,19.7,796.0,46.3,5,12.128116509451258,jaipur
Maruti 800,Maruti,800,28,80000.0,4,Petrol,Manual,16.1,796.0,37.0,4,10.819798284210286,jaipur
Chevrolet Beat,Chevrolet,Beat,12,120000.0,2,Diesel,Manual,25.44,936.0,56.3,5,11.918397239722838,jaipur
Honda Amaze,Honda,Amaze,5,20000.0,1,Petrol,Manual,18.6,1199.0,88.76,5,13.592368256649284,jaipur
Mahindra Thar,Mahindra,Thar,9,60000.0,4,Diesel,Manual,16.55,1949.5,105.0,6,13.017005083966255,jaipur
Honda Amaze,Honda,Amaze,10,60000.0,2,Diesel,Manual,25.8,1498.0,98.6,5,12.971542813248437,jaipur
Maruti Swift Dzire,Maruti,Swift Dzire,15,70000.0,2,Petrol,Manual,17.5,1298.0,85.8,5,12.323860125621126,jaipur
Maruti Alto,Maruti,Alto,18,150000.0,3,Petrol,Manual,19.7,796.0,46.3,5,11.156264806643742,jaipur
Hyundai i10,Hyundai,i10,16,30000.0,2,Petrol,Manual,20.36,1197.0,78.9,5,12.07254696717504,jaipur
Hyundai Accent,Hyundai,Accent,18,60000.0,1,Petrol,Manual,13.2,1495.0,94.0,5,11.51293546492023,jaipur
Maruti Ertiga,Maruti,Ertiga,9,120000.0,2,Diesel,Manual,24.52,1248.0,88.5,7,13.304686600863562,jaipur
Maruti Swift Dzire,Maruti,Swift Dzire,15,100000.0,1,Petrol,Manual,17.5,1298.0,85.8,5,12.206077645517674,jaipur
Mahindra Scorpio,Mahindra,Scorpio,6,50000.0,1,Diesel,Manual,15.4,1949.5,136.78,7,14.285514812209815,jaipur
Hyundai Santro Xing,Hyundai,Santro Xing,19,70000.0,1,Petrol,Manual,17.8,1086.0,63.0,5,11.51293546492023,jaipur
Mahindra XUV300,Mahindra,XUV300,4,10000.0,1,Petrol,Manual,16.82,1197.0,108.62,5,13.997832948091215,jaipur
Mahindra XUV300,Mahindra,XUV300,6,50000.0,1,Petrol,Manual,16.82,1197.0,108.62,5,13.883170141017091,jaipur
Hyundai EON,Hyundai,EON,11,80000.0,1,Petrol,Manual,21.1,814.0,55.2,5,12.421188057397055,jaipur
Maruti Alto 800,Maruti,Alto 800,6,40000.0,1,Petrol,Manual,22.05,796.0,47.33,5,12.899222326086994,jaipur
Maruti Alto,Maruti,Alto,19,70000.0,2,Petrol,Manual,19.7,796.0,46.3,5,11.736077016252437,jaipur
Honda Jazz,Honda,Jazz,10,150000.0,1,Diesel,Manual,27.3,1498.0,98.6,5,12.899222326086994,jaipur
Honda Amaze,Honda,Amaze,5,40000.0,1,Diesel,Automatic,21.0,1498.0,78.9,5,13.710151153416941,jaipur
Maruti Alto 800,Maruti,Alto 800,6,30000.0,1,Petrol,Manual,22.05,796.0,47.33,5,12.644330802262578,jaipur
Maruti Swift Dzire,Maruti,Swift Dzire,12,80000.0,1,Petrol,Manual,19.1,1197.0,85.8,5,12.765691290604371,jaipur
Jeep Compass,Jeep,Compass,9,80000.0,1,Diesel,Manual,17.1,1949.5,170.0,5,14.077875591662238,jaipur
Honda WR-V,Honda,WR-V,5,20000.0,1,Petrol,Manual,16.5,1199.0,88.5,5,13.652992804936396,jaipur
Chevrolet Spark,Chevrolet,Spark,17,70000.0,2,Petrol,Manual,18.0,995.0,62.0,5,11.407576060361786,jaipur
Mahindra XUV500,Mahindra,XUV500,14,120000.0,1,Diesel,Manual,15.1,1949.5,140.0,7,13.122365377402328,jaipur
Honda WR-V,Honda,WR-V,4,20000.0,1,Petrol,Manual,16.5,1199.0,88.5,5,13.76421831620775,jaipur
Jeep Compass,Jeep,Compass,8,150000.0,1,Diesel,Manual,17.1,1949.5,170.0,5,14.00943207432447,jaipur
Hyundai Aura,Hyundai,Aura,5,20000.0,1,Petrol,Manual,20.5,1197.0,81.86,5,13.415034483903348,jaipur
Maruti 800,Maruti,800,22,80000.0,2,Petrol,Manual,16.1,796.0,37.0,4,10.819798284210286,jaipur
Maruti Vitara Brezza,Maruti,Vitara Brezza,9,90000.0,1,Diesel,Manual,24.3,1248.0,88.5,5,13.652992804936396,jaipur
Renault KWID,Renault,KWID,9,30000.0,1,Petrol,Manual,25.17,799.0,53.3,5,12.611541086966115,jaipur
Maruti Alto 800,Maruti,Alto 800,6,30000.0,1,Petrol,Manual,22.05,796.0,47.33,5,12.706850963741102,jaipur
Maruti Vitara Brezza,Maruti,Vitara Brezza,8,40000.0,3,Diesel,Manual,24.3,1248.0,88.5,5,13.527829818844937,jaipur
Hyundai Accent,Hyundai,Accent,21,120000.0,4,Petrol,Manual,13.2,1495.0,94.0,5,11.156264806643742,jaipur
Maruti Wagon R,Maruti,Wagon R,20,120000.0,4,Petrol,Manual,18.9,998.0,67.1,5,11.289794413577894,jaipur
Maruti Wagon R,Maruti,Wagon R,17,60000.0,2,Petrol,Manual,18.9,1061.0,67.0,5,11.736077016252437,jaipur
Maruti Swift Dzire,Maruti,Swift Dzire,17,150000.0,2,Diesel,Manual,19.3,1248.0,73.9,5,12.429220196836383,jaipur
Maruti Alto 800,Maruti,Alto 800,7,60000.0,1,Petrol,Manual,24.7,796.0,47.3,5,12.821260987319457,jaipur
Renault Duster,Renault,Duster,13,150000.0,1,Diesel,Manual,19.01,1461.0,108.45,5,12.691583538230217,jaipur
Maruti 800,Maruti,800,20,80000.0,2,Petrol,Manual,16.1,796.0,37.0,4,10.714439990727769,jaipur
Tata New Safari,Tata,New Safari,17,100000.0,2,Diesel,Manual,13.93,1949.5,138.1,7,12.04355959836804,jaipur
Mahindra Bolero Power Plus,Mahindra,Bolero Power Plus,7,50000.0,1,Diesel,Manual,16.5,1493.0,70.0,7,13.592368256649284,jaipur
Chevrolet Beat,Chevrolet,Beat,14,50000.0,3,Diesel,Manual,25.44,936.0,57.6,5,11.711784520403112,jaipur
Hyundai i10,Hyundai,i10,18,60000.0,2,Petrol,Manual,20.36,1197.0,78.9,5,11.918397239722838,jaipur
Maruti Alto 800,Maruti,Alto 800,6,30000.0,1,Petrol,Manual,22.05,796.0,47.33,5,12.691583538230217,jaipur
Maruti 800,Maruti,800,23,80000.0,4,Petrol,Manual,16.1,796.0,37.0,4,10.819798284210286,jaipur
Hyundai Venue,Hyundai,Venue,4,10000.0,2,Petrol,Manual,18.0,998.0,118.35,5,13.910821646859095,jaipur
Hyundai Accent,Hyundai,Accent,17,150000.0,2,Lpg,Manual,13.2,1495.0,93.7,5,11.51293546492023,jaipur
BMW 6 Series,BMW,6 Series,20,40000.0,4,Petrol,Automatic,10.25,1949.5,180.02499999999998,4,13.45883704259595,jaipur
Maruti Wagon R,Maruti,Wagon R,17,150000.0,2,Petrol,Manual,18.9,1061.0,67.0,5,11.736077016252437,jaipur
Tata Nexon,Tata,Nexon,7,60000.0,1,Petrol,Manual,17.0,1198.0,108.5,5,13.592368256649284,jaipur
Renault Triber,Renault,Triber,5,30000.0,1,Petrol,Manual,20.0,999.0,71.01,7,13.567050480716235,jaipur
Honda City,Honda,City,17,120000.0,2,Petrol,Manual,17.0,1497.0,180.02499999999998,5,12.323860125621126,jaipur
Tata Nexon,Tata,Nexon,5,50000.0,1,Petrol,Automatic,17.05,1199.0,118.35,5,13.76421831620775,jaipur
Maruti Swift,Maruti,Swift,12,150000.0,2,Diesel,Manual,25.2,1248.0,74.0,5,12.847929163278053,jaipur
Maruti Zen Estilo,Maruti,Zen Estilo,19,150000.0,2,Petrol,Manual,18.2,998.0,67.1,5,11.407576060361786,jaipur
Maruti Alto 800,Maruti,Alto 800,4,10000.0,1,Petrol,Manual,22.05,796.0,47.33,5,12.959846800844963,jaipur
Kia Seltos,Kia,Seltos,5,30000.0,1,Petrol,Manual,16.8,1497.0,113.43,5,14.187074804051692,jaipur
Maruti Baleno,Maruti,Baleno,8,60000.0,2,Petrol,Manual,21.4,1197.0,83.1,5,13.28787951079572,jaipur
Maruti Baleno,Maruti,Baleno,8,60000.0,2,Petrol,Manual,21.4,1197.0,83.1,5,13.28787951079572,jaipur
Maruti Alto 800,Maruti,Alto 800,8,50000.0,1,Petrol,Manual,24.7,796.0,47.3,5,12.54254845357358,jaipur
Maruti Celerio,Maruti,Celerio,12,120000.0,2,Petrol,Manual,23.1,998.0,67.04,5,12.429220196836383,jaipur
Mahindra XUV500,Mahindra,XUV500,13,70000.0,1,Diesel,Manual,15.1,1949.5,140.0,7,13.122365377402328,jaipur
Maruti SX4 S Cross,Maruti,SX4 S Cross,9,150000.0,1,Diesel,Manual,25.1,1248.0,88.5,5,13.122365377402328,jaipur
Tata Nano,Tata,Nano,10,50000.0,1,Petrol,Manual,25.4,745.5,37.5,4,11.863589378812122,jaipur
Mahindra KUV 100,Mahindra,KUV 100,10,70000.0,1,Petrol,Manual,18.15,1198.0,82.0,6,12.611541086966115,jaipur
Maruti Swift,Maruti,Swift,5,40000.0,1,Petrol,Manual,22.38,1197.0,88.5,5,13.384729180332174,jaipur
Maruti Swift,Maruti,Swift,20,120000.0,3,Petrol,Manual,16.1,1298.0,88.2,5,11.918397239722838,jaipur
Tata Tigor,Tata,Tigor,7,60000.0,2,Petrol,Manual,20.3,1199.0,84.0,5,13.122365377402328,jaipur
Maruti A-Star,Maruti,A-Star,16,150000.0,4,Petrol,Automatic,16.98,998.0,66.1,5,11.918397239722838,jaipur
Tata Indigo,Tata,Indigo,15,90000.0,2,Diesel,Manual,23.57,1396.0,70.0,5,11.989165855127435,jaipur
Honda WR-V,Honda,WR-V,3,10000.0,2,Petrol,Manual,16.5,1199.0,88.5,5,13.815511557963774,jaipur
Tata Tiago,Tata,Tiago,6,50000.0,1,Petrol,Manual,20.09,1199.0,84.82,5,13.161586013632684,jaipur
Mahindra TUV 300,Mahindra,TUV 300,10,90000.0,2,Diesel,Manual,18.49,1493.0,100.0,7,13.493928313146206,jaipur
Renault Triber,Renault,Triber,5,30000.0,1,Petrol,Manual,20.0,999.0,71.01,7,13.527829818844937,jaipur
Maruti Alto K10,Maruti,Alto K10,13,40000.0,1,Petrol,Manual,20.92,998.0,67.1,5,12.429220196836383,jaipur
Renault Duster,Renault,Duster,13,150000.0,1,Diesel,Manual,19.01,1461.0,108.45,5,12.765691290604371,jaipur
Hyundai i10,Hyundai,i10,9,120000.0,1,Lpg,Manual,19.2,1086.0,68.05,5,12.899222326086994,jaipur
Maruti Alto,Maruti,Alto,14,100000.0,3,Petrol,Manual,19.7,796.0,46.3,5,11.918397239722838,jaipur
Maruti Swift Dzire,Maruti,Swift Dzire,10,90000.0,1,Diesel,Manual,26.59,1248.0,74.0,5,13.038981768465277,jaipur
Maruti 800,Maruti,800,22,70000.0,4,Petrol,Manual,16.1,796.0,37.0,4,10.596659732783579,jaipur
Chevrolet Sail,Chevrolet,Sail,9,150000.0,1,Diesel,Manual,22.1,1248.0,74.0,5,12.959846800844963,jaipur
Maruti Wagon R,Maruti,Wagon R,21,120000.0,2,Petrol,Manual,18.9,998.0,67.1,5,11.51293546492023,jaipur
Maruti Baleno RS,Maruti,Baleno RS,7,60000.0,1,Petrol,Manual,21.1,998.0,100.5,5,13.384729180332174,jaipur
Maruti Ertiga,Maruti,Ertiga,9,100000.0,2,Diesel,Manual,24.52,1248.0,88.5,7,13.527829818844937,jaipur
Maruti Alto 800,Maruti,Alto 800,4,10000.0,1,Petrol,Manual,22.05,796.0,47.33,5,13.030248088496522,jaipur
Renault Duster,Renault,Duster,13,120000.0,1,Diesel,Manual,19.01,1461.0,108.45,5,12.765691290604371,jaipur
Maruti Swift Dzire,Maruti,Swift Dzire,11,150000.0,1,Diesel,Manual,26.59,1248.0,74.0,5,12.834683971615659,jaipur
Mahindra Bolero,Mahindra,Bolero,21,120000.0,2,Diesel,Manual,15.96,1949.5,63.0,9,12.628070334272698,jaipur
Hyundai Verna,Hyundai,Verna,14,150000.0,2,Diesel,Manual,22.32,1582.0,126.32,5,12.899222326086994,jaipur
Honda Amaze,Honda,Amaze,10,150000.0,1,Diesel,Manual,25.8,1498.0,98.6,5,12.899222326086994,jaipur
Hyundai EON,Hyundai,EON,9,120000.0,2,Petrol,Manual,21.1,814.0,55.2,5,12.345834587905333,jaipur
Tata Altroz,Tata,Altroz,5,20000.0,2,Petrol,Manual,19.33,1199.0,86.83,5,13.493928313146206,jaipur
Toyota Innova,Toyota,Innova,17,100000.0,2,Diesel,Manual,12.8,1949.5,102.0,7,12.959846800844963,jaipur
Volkswagen Vento,Volkswagen,Vento,12,30000.0,1,Petrol,Manual,15.04,1598.0,103.6,5,13.017005083966255,jaipur
Nissan Micra,Nissan,Micra,10,120000.0,2,Diesel,Manual,23.08,1461.0,63.1,5,12.611541086966115,jaipur
Chevrolet Beat,Chevrolet,Beat,15,90000.0,3,Petrol,Manual,18.6,1199.0,79.4,5,11.982935344196433,jaipur
Maruti Swift,Maruti,Swift,3,10000.0,1,Petrol,Manual,22.38,1197.0,88.5,5,13.369225017834633,jaipur
Hyundai Aura,Hyundai,Aura,5,30000.0,1,Petrol,Manual,20.5,1197.0,81.86,5,13.42246945133505,jaipur
Renault Duster,Renault,Duster,14,150000.0,1,Diesel,Manual,20.45,1461.0,83.8,5,12.611541086966115,jaipur
Maruti Alto 800,Maruti,Alto 800,11,40000.0,2,Petrol,Manual,22.74,796.0,47.3,5,12.429220196836383,jaipur
Tata Zest,Tata,Zest,9,120000.0,3,Diesel,Manual,22.95,1248.0,74.0,5,13.017005083966255,jaipur
Hyundai EON,Hyundai,EON,9,60000.0,1,Petrol,Manual,21.1,814.0,55.2,5,12.468440756144114,jaipur
Hyundai i20,Hyundai,i20,3,10000.0,1,Petrol,Manual,21.0,1197.0,81.8,5,13.652992804936396,jaipur
Ford Ecosport,Ford,Ecosport,12,150000.0,1,Diesel,Manual,22.7,1498.0,89.84,5,13.017005083966255,jaipur
Chevrolet Cruze,Chevrolet,Cruze,13,70000.0,2,Diesel,Manual,17.3,1949.5,163.7,5,12.847929163278053,jaipur
Honda City,Honda,City,11,80000.0,1,Diesel,Manual,26.0,1498.0,98.6,5,13.017005083966255,jaipur
Renault KWID,Renault,KWID,9,60000.0,1,Petrol,Manual,25.17,799.0,53.3,5,12.611541086966115,jaipur
Maruti Alto,Maruti,Alto,17,70000.0,3,Petrol,Manual,19.7,796.0,46.3,5,11.918397239722838,jaipur
Hyundai i10,Hyundai,i10,14,90000.0,2,Petrol,Manual,20.36,1197.0,78.9,5,12.206077645517674,jaipur
Maruti Zen,Maruti,Zen,25,120000.0,1,Petrol,Manual,17.3,993.0,60.0,5,10.596659732783579,jaipur
Maruti Wagon R,Maruti,Wagon R,9,40000.0,1,Petrol,Manual,20.51,998.0,67.04,5,12.899222326086994,jaipur
Maruti Wagon R,Maruti,Wagon R,11,70000.0,1,Petrol,Automatic,20.51,998.0,67.0,5,12.765691290604371,jaipur
Hyundai EON,Hyundai,EON,11,60000.0,1,Petrol,Manual,21.1,814.0,55.2,5,12.429220196836383,jaipur
Toyota Etios,Toyota,Etios,15,80000.0,1,Petrol,Manual,17.6,1496.0,88.73,5,12.765691290604371,jaipur
Maruti Wagon R,Maruti,Wagon R,14,50000.0,1,Petrol,Manual,18.9,998.0,67.1,5,12.611541086966115,jaipur
Ford Figo,Ford,Figo,15,120000.0,4,Diesel,Manual,20.0,1399.0,68.0,5,12.206077645517674,jaipur
Maruti Ritz,Maruti,Ritz,17,150000.0,3,Diesel,Manual,21.1,1248.0,73.9,5,12.611541086966115,jaipur
Maruti Ritz,Maruti,Ritz,13,120000.0,2,Diesel,Manual,23.2,1248.0,73.94,5,12.611541086966115,jaipur
Maruti Alto 800,Maruti,Alto 800,11,40000.0,2,Petrol,Manual,22.74,796.0,47.3,5,12.429220196836383,jaipur
Datsun RediGO,Datsun,RediGO,6,40000.0,2,Petrol,Manual,20.71,799.0,53.64,5,12.611541086966115,jaipur
Hyundai Venue,Hyundai,Venue,5,40000.0,1,Petrol,Manual,18.27,998.0,118.35,5,13.815511557963774,jaipur
Nissan Micra Active,Nissan,Micra Active,13,70000.0,2,Petrol,Manual,19.49,1198.0,67.04,5,12.206077645517674,jaipur
Honda City,Honda,City,13,120000.0,2,Petrol,Automatic,16.8,1497.0,116.4,5,12.765691290604371,jaipur
Maruti Zen Estilo,Maruti,Zen Estilo,16,150000.0,2,Petrol,Manual,19.0,998.0,67.1,5,11.51293546492023,jaipur
Honda City,Honda,City,11,100000.0,3,Diesel,Manual,26.0,1498.0,98.6,5,13.122365377402328,jaipur
Maruti Swift Dzire,Maruti,Swift Dzire,9,80000.0,1,Diesel,Automatic,28.25,1248.0,74.0,5,13.45883704259595,jaipur
Honda Amaze,Honda,Amaze,5,40000.0,1,Petrol,Automatic,18.3,1199.0,88.76,5,13.592368256649284,jaipur
Tata Tigor,Tata,Tigor,4,30000.0,1,Cng,Manual,26.49,1199.0,72.4,5,13.617059619240436,jaipur
Tata Altroz,Tata,Altroz,6,90000.0,1,Petrol,Manual,18.53,1199.0,84.88,5,13.42246945133505,jaipur
Maruti Ertiga,Maruti,Ertiga,7,100000.0,3,Diesel,Manual,25.47,1248.0,88.5,7,13.910821646859095,jaipur
Mahindra Quanto,Mahindra,Quanto,12,70000.0,1,Diesel,Manual,17.21,1493.0,100.0,7,12.765691290604371,jaipur
Honda City,Honda,City,11,150000.0,1,Diesel,Manual,26.0,1498.0,98.6,5,13.122365377402328,jaipur
Mahindra Bolero,Mahindra,Bolero,13,30000.0,3,Diesel,Manual,15.96,1949.5,62.1,7,13.122365377402328,jaipur
Maruti Alto 800,Maruti,Alto 800,8,40000.0,1,Petrol,Manual,24.7,796.0,47.3,5,12.676079399771027,jaipur
Volkswagen Vento,Volkswagen,Vento,13,120000.0,4,Diesel,Manual,20.54,1598.0,103.6,5,12.948012371209098,jaipur
Honda Amaze,Honda,Amaze,12,150000.0,1,Diesel,Manual,25.8,1498.0,98.6,5,12.691583538230217,jaipur
Maruti Vitara Brezza,Maruti,Vitara Brezza,6,30000.0,1,Petrol,Manual,17.03,1462.0,103.26,5,13.76421831620775,jaipur
Maruti Vitara Brezza,Maruti,Vitara Brezza,6,30000.0,1,Petrol,Manual,17.03,1462.0,103.26,5,13.76421831620775,jaipur
Datsun RediGO,Datsun,RediGO,9,120000.0,1,Petrol,Manual,22.7,799.0,53.64,5,12.611541086966115,jaipur
Hyundai Grand i10,Hyundai,Grand i10,11,90000.0,1,Diesel,Manual,24.0,1120.0,70.0,5,12.899222326086994,jaipur
Hyundai i10,Hyundai,i10,12,60000.0,2,Petrol,Manual,20.36,1197.0,78.9,5,12.765691290604371,jaipur
Mahindra Bolero,Mahindra,Bolero,19,150000.0,2,Diesel,Manual,13.6,1949.5,180.02499999999998,7,12.54254845357358,jaipur
Skoda Superb,Skoda,Superb,14,120000.0,1,Petrol,Automatic,13.7,1798.0,157.75,5,13.122365377402328,jaipur
Skoda Superb,Skoda,Superb,14,120000.0,1,Petrol,Automatic,13.7,1798.0,157.75,5,13.122365377402328,jaipur
Skoda Superb,Skoda,Superb,14,120000.0,1,Petrol,Automatic,13.7,1798.0,157.75,5,13.122365377402328,jaipur
Maruti SX4,Maruti,SX4,16,70000.0,1,Petrol,Manual,15.5,1586.0,103.3,5,12.429220196836383,jaipur
Mahindra Bolero,Mahindra,Bolero,19,90000.0,3,Diesel,Manual,13.6,1949.5,180.02499999999998,7,12.611541086966115,jaipur
Honda Amaze,Honda,Amaze,13,90000.0,1,Diesel,Manual,25.8,1498.0,98.6,5,12.899222326086994,jaipur
Honda Amaze,Honda,Amaze,10,90000.0,4,Diesel,Manual,25.8,1498.0,98.6,5,12.948012371209098,jaipur
Nissan Terrano,Nissan,Terrano,12,150000.0,1,Diesel,Manual,20.45,1461.0,83.8,5,12.899222326086994,jaipur
Maruti Baleno,Maruti,Baleno,5,30000.0,2,Petrol,Manual,21.01,1197.0,81.8,5,13.592368256649284,jaipur
Maruti Wagon R,Maruti,Wagon R,7,40000.0,1,Petrol,Manual,21.79,998.0,67.05,5,13.122365377402328,jaipur
Maruti Swift,Maruti,Swift,4,20000.0,1,Petrol,Manual,22.38,1197.0,88.5,5,13.493928313146206,jaipur
Hyundai Verna,Hyundai,Verna,15,120000.0,3,Diesel,Manual,22.32,1582.0,126.32,5,12.611541086966115,jaipur
Maruti Swift Dzire,Maruti,Swift Dzire,12,120000.0,1,Diesel,Manual,23.4,1248.0,74.0,5,12.899222326086994,jaipur
Maruti Baleno,Maruti,Baleno,5,30000.0,1,Petrol,Manual,21.01,1197.0,81.8,5,13.592368256649284,jaipur
Maruti Swift,Maruti,Swift,12,120000.0,1,Diesel,Manual,22.9,1248.0,74.0,5,13.017005083966255,jaipur
Hyundai Elantra,Hyundai,Elantra,13,121000.0,1,Diesel,Manual,22.7,1582.0,126.24,5,13.017005083966255,jaipur
Maruti Swift Dzire,Maruti,Swift Dzire,13,120000.0,1,Diesel,Manual,23.4,1248.0,74.0,5,13.122365377402328,jaipur
Mitsubishi Pajero,Mitsubishi,Pajero,13,120000.0,3,Diesel,Manual,13.5,1949.5,175.56,7,13.710151153416941,jaipur
Maruti Ritz,Maruti,Ritz,15,150000.0,3,Petrol,Manual,18.5,1197.0,85.8,5,12.013706813470414,jaipur
Maruti Ciaz,Maruti,Ciaz,8,60000.0,1,Diesel,Manual,28.09,1248.0,88.5,5,13.45883704259595,jaipur
Maruti Zen,Maruti,Zen,25,60000.0,4,Petrol,Manual,17.3,993.0,60.0,5,11.034905792929415,jaipur
Renault KWID,Renault,KWID,4,20000.0,1,Petrol,Manual,21.46,999.0,67.06,5,13.217675375388819,jaipur
Honda City,Honda,City,5,30000.0,1,Petrol,Automatic,18.3,1498.0,119.35,5,14.23750562376114,jaipur
Honda City,Honda,City,12,150000.0,1,Diesel,Manual,26.0,1498.0,98.6,5,12.899222326086994,jaipur
Maruti Zen Estilo,Maruti,Zen Estilo,19,150000.0,2,Petrol,Manual,18.2,998.0,67.1,5,11.51293546492023,jaipur
Maruti Alto 800,Maruti,Alto 800,11,120000.0,2,Petrol,Manual,22.74,796.0,47.3,5,12.301387370778713,jaipur
Maruti Swift Dzire,Maruti,Swift Dzire,8,120000.0,1,Diesel,Manual,28.25,1248.0,74.02,5,13.353476685668044,jaipur
Hyundai i10,Hyundai,i10,13,90000.0,2,Petrol,Manual,20.36,1197.0,78.9,5,12.765691290604371,jaipur
Maruti Swift,Maruti,Swift,14,150000.0,3,Diesel,Manual,22.9,1248.0,74.0,5,12.765691290604371,jaipur
Maruti Swift Dzire,Maruti,Swift Dzire,12,90000.0,2,Diesel,Manual,23.4,1248.0,74.0,5,13.017005083966255,jaipur
Maruti Swift Dzire,Maruti,Swift Dzire,12,90000.0,2,Diesel,Manual,23.4,1248.0,74.0,5,13.017005083966255,jaipur
Hyundai i10,Hyundai,i10,15,150000.0,1,Petrol,Manual,20.36,1197.0,78.9,5,12.206077645517674,jaipur
Maruti Alto 800,Maruti,Alto 800,11,120000.0,2,Petrol,Manual,22.74,796.0,47.3,5,12.323860125621126,jaipur
Maruti Swift Dzire,Maruti,Swift Dzire,13,100000.0,1,Diesel,Manual,23.4,1248.0,74.0,5,12.821260987319457,jaipur
Citroen C3,Citroen,C3,3,90000.0,2,Petrol,Manual,19.3,1199.0,108.62,5,13.500801182986649,jaipur
Maruti Ciaz,Maruti,Ciaz,9,60000.0,2,Petrol,Manual,20.73,1373.0,91.1,5,13.321215875492413,jaipur
Maruti Swift Dzire,Maruti,Swift Dzire,8,90000.0,4,Diesel,Manual,28.25,1248.0,74.02,5,13.415034483903348,jaipur
Volvo XC60,Volvo,XC60,7,150000.0,1,Diesel,Automatic,11.2,1949.5,180.02499999999998,5,15.201805169084134,jaipur
Maruti SX4 S Cross,Maruti,SX4 S Cross,7,150000.0,1,Diesel,Manual,25.1,1248.0,88.5,5,13.592368256649284,jaipur
Mahindra Bolero Power Plus,Mahindra,Bolero Power Plus,9,80000.0,3,Diesel,Manual,15.96,1949.5,63.0,9,13.45883704259595,jaipur
Renault Duster,Renault,Duster,13,120000.0,2,Diesel,Manual,19.64,1461.0,108.45,5,12.899222326086994,jaipur
Maruti Alto,Maruti,Alto,17,120000.0,3,Petrol,Manual,19.7,796.0,46.3,5,11.918397239722838,jaipur
Hyundai i10,Hyundai,i10,10,120000.0,1,Petrol,Manual,19.81,1086.0,68.05,5,12.611541086966115,jaipur
Maruti Swift Dzire,Maruti,Swift Dzire,6,70000.0,1,Petrol,Manual,22.41,1197.0,88.5,5,13.45883704259595,jaipur
Hyundai Aura,Hyundai,Aura,6,30000.0,1,Petrol,Manual,20.5,1197.0,81.86,5,13.384729180332174,jaipur
Mahindra Marazzo,Mahindra,Marazzo,7,150000.0,1,Diesel,Manual,17.3,1497.0,121.0,7,13.592368256649284,jaipur
Mahindra Bolero,Mahindra,Bolero,9,80000.0,1,Diesel,Manual,15.96,1949.5,62.1,7,13.592368256649284,jaipur
Maruti Wagon R,Maruti,Wagon R,14,100000.0,2,Petrol,Manual,18.9,998.0,67.1,5,12.206077645517674,jaipur
Tata Altroz,Tata,Altroz,6,40000.0,1,Petrol,Manual,19.33,1199.0,86.83,5,13.45883704259595,jaipur
Hyundai Grand i10,Hyundai,Grand i10,10,100000.0,2,Petrol,Manual,18.9,1197.0,82.0,5,12.73670383776449,jaipur
Maruti Swift Dzire Tour,Maruti,Swift Dzire Tour,8,120000.0,2,Diesel,Manual,19.95,1248.0,74.02,5,12.948012371209098,jaipur
Toyota Innova,Toyota,Innova,14,150000.0,2,Diesel,Manual,11.4,1949.5,100.6,7,13.122365377402328,jaipur
Hyundai i20,Hyundai,i20,6,40000.0,1,Petrol,Manual,21.0,1197.0,81.8,5,13.527829818844937,jaipur
Maruti Vitara Brezza,Maruti,Vitara Brezza,8,150000.0,1,Diesel,Manual,24.3,1248.0,88.5,5,13.710151153416941,jaipur
Maruti Ciaz,Maruti,Ciaz,7,150000.0,1,Petrol,Automatic,20.28,1462.0,103.25,5,13.500801182986649,jaipur
Maruti Ciaz,Maruti,Ciaz,7,150000.0,1,Petrol,Automatic,20.28,1462.0,103.25,5,13.500801182986649,jaipur
Maruti Swift,Maruti,Swift,4,20000.0,1,Petrol,Manual,22.38,1197.0,88.5,5,13.60479076121576,jaipur
Maruti Swift Dzire,Maruti,Swift Dzire,10,150000.0,1,Petrol,Manual,20.85,1197.0,83.14,5,13.122365377402328,jaipur
Hyundai Grand i10,Hyundai,Grand i10,10,60000.0,2,Diesel,Manual,24.0,1120.0,70.0,5,13.122365377402328,jaipur
Jaguar XE,Jaguar,XE,7,60000.0,1,Diesel,Automatic,13.5,1949.5,177.0,5,14.978661680269907,jaipur
Maruti 800,Maruti,800,15,150000.0,2,Petrol,Manual,16.1,796.0,37.0,4,11.918397239722838,jaipur
Maruti Alto K10,Maruti,Alto K10,12,90000.0,2,Petrol,Manual,20.92,998.0,67.1,5,12.429220196836383,jaipur
Renault Pulse,Renault,Pulse,14,120000.0,1,Diesel,Manual,23.08,1461.0,63.12,5,12.206077645517674,jaipur
Tata Zest,Tata,Zest,12,120000.0,1,Petrol,Manual,17.57,1193.0,88.7,5,12.899222326086994,jaipur
Maruti Alto,Maruti,Alto,15,90000.0,2,Petrol,Manual,19.7,796.0,46.3,5,12.206077645517674,jaipur
Hyundai Elantra,Hyundai,Elantra,5,30000.0,5,Diesel,Automatic,14.62,1493.0,113.45,5,14.508658238524095,jaipur
Fiat Avventura,Fiat,Avventura,11,120000.0,1,Diesel,Manual,20.5,1248.0,91.72,5,12.765691290604371,jaipur
Mahindra XUV500,Mahindra,XUV500,13,120000.0,1,Diesel,Manual,15.1,1949.5,140.0,7,13.45883704259595,jaipur
Honda City,Honda,City,11,120000.0,1,Diesel,Manual,26.0,1498.0,98.6,5,13.017005083966255,jaipur
Honda City,Honda,City,11,120000.0,1,Diesel,Manual,25.1,1498.0,98.6,5,13.304686600863562,jaipur
Hyundai Xcent,Hyundai,Xcent,12,60000.0,1,Petrol,Manual,19.1,1197.0,82.0,5,12.899222326086994,jaipur
Maruti Alto K10,Maruti,Alto K10,10,60000.0,3,Petrol,Manual,23.95,998.0,67.05,5,12.618185607609803,jaipur
Hyundai Aura,Hyundai,Aura,4,20000.0,1,Petrol,Manual,20.5,1197.0,81.86,5,13.629182184591333,jaipur
Maruti Swift Dzire,Maruti,Swift Dzire,12,150000.0,1,Diesel,Manual,23.4,1248.0,74.0,5,13.122365377402328,jaipur
Maruti Ritz,Maruti,Ritz,16,120000.0,2,Diesel,Manual,21.1,1248.0,73.9,5,12.100717685412471,jaipur
Ford Figo,Ford,Figo,15,120000.0,4,Diesel,Manual,20.0,1399.0,68.0,5,12.429220196836383,jaipur
Hyundai Accent,Hyundai,Accent,15,70000.0,1,Petrol,Manual,16.36,1495.0,93.7,5,12.611541086966115,jaipur
Maruti Alto K10,Maruti,Alto K10,10,50000.0,3,Petrol,Manual,23.95,998.0,67.05,5,12.676079399771027,jaipur
Hyundai Verna,Hyundai,Verna,13,120000.0,1,Diesel,Manual,22.32,1582.0,126.3,5,13.017005083966255,jaipur
Hyundai i20,Hyundai,i20,16,150000.0,2,Diesel,Manual,23.0,1396.0,180.02499999999998,5,12.323860125621126,jaipur
Hyundai i20,Hyundai,i20,16,150000.0,2,Diesel,Manual,23.0,1396.0,180.02499999999998,5,12.323860125621126,jaipur
Maruti Alto K10,Maruti,Alto K10,6,70000.0,1,Petrol,Manual,23.95,998.0,67.05,5,13.017005083966255,jaipur
Maruti Alto K10,Maruti,Alto K10,10,60000.0,3,Petrol,Manual,23.95,998.0,67.05,5,12.676079399771027,jaipur
Hyundai i20,Hyundai,i20,15,50000.0,1,Petrol,Manual,17.0,1197.0,180.02499999999998,5,12.611541086966115,jaipur
Ford Figo,Ford,Figo,15,120000.0,3,Petrol,Manual,15.6,1196.0,70.0,5,12.206077645517674,jaipur
Volkswagen Passat,Volkswagen,Passat,13,150000.0,1,Diesel,Manual,18.33,1949.5,167.7,5,13.429849547739444,jaipur
Toyota Corolla Altis,Toyota,Corolla Altis,18,120000.0,4,Petrol,Manual,14.53,1798.0,138.0,5,12.765691290604371,jaipur
Volkswagen CrossPolo,Volkswagen,CrossPolo,12,150000.0,2,Diesel,Manual,22.07,1199.0,74.0,5,12.765691290604371,jaipur
Maruti Swift,Maruti,Swift,15,150000.0,1,Diesel,Manual,22.9,1248.0,74.0,5,12.765691290604371,jaipur
Maruti Alto,Maruti,Alto,18,150000.0,2,Petrol,Manual,19.7,796.0,46.3,5,12.206077645517674,jaipur
Honda City,Honda,City,15,80000.0,1,Petrol,Manual,17.0,1497.0,180.02499999999998,5,13.017005083966255,jaipur
Maruti Swift,Maruti,Swift,12,100000.0,3,Petrol,Manual,22.0,1197.0,81.8,5,12.765691290604371,jaipur
Maruti Swift,Maruti,Swift,13,120000.0,1,Diesel,Manual,22.9,1248.0,74.0,5,13.171155446333852,jaipur
Hyundai i20,Hyundai,i20,15,60000.0,2,Petrol,Manual,18.5,1197.0,180.02499999999998,5,13.161586013632684,jaipur
Maruti Swift,Maruti,Swift,13,120000.0,2,Diesel,Manual,22.9,1248.0,74.0,5,13.017005083966255,jaipur
Fiat Avventura,Fiat,Avventura,11,80000.0,1,Diesel,Manual,20.5,1248.0,91.72,5,13.304686600863562,jaipur
Hyundai i10,Hyundai,i10,16,50000.0,1,Petrol,Manual,20.36,1197.0,78.9,5,11.277215789596893,jaipur
Maruti Swift Dzire,Maruti,Swift Dzire,3,10000.0,1,Petrol,Manual,22.41,1197.0,88.5,5,13.122365377402328,jaipur
Maruti Jimny,Maruti,Jimny,3,50000.0,2,Petrol,Automatic,16.39,1462.0,103.39,4,13.592368256649284,jaipur
Maruti Swift,Maruti,Swift,14,80000.0,2,Petrol,Manual,18.6,1197.0,85.8,5,11.982935344196433,jaipur
Renault KWID,Renault,KWID,10,90000.0,2,Petrol,Automatic,23.01,999.0,67.0,5,12.301387370778713,jaipur
Tata Punch,Tata,Punch,4,30000.0,1,Petrol,Manual,20.09,1199.0,86.63,5,13.45883704259595,jaipur
Maruti Alto K10,Maruti,Alto K10,12,70000.0,1,Petrol,Manual,23.95,998.0,67.05,5,12.206077645517674,jaipur
Maruti Alto K10,Maruti,Alto K10,12,70000.0,1,Petrol,Manual,23.95,998.0,67.05,5,12.206077645517674,jaipur
Maruti Swift Dzire,Maruti,Swift Dzire,16,100000.0,2,Petrol,Manual,17.5,1298.0,85.8,5,11.918397239722838,jaipur
Renault Triber,Renault,Triber,6,70000.0,1,Petrol,Manual,20.0,999.0,71.01,7,13.304686600863562,jaipur
Maruti Alto,Maruti,Alto,14,70000.0,1,Petrol,Manual,19.7,796.0,46.3,5,11.775297421715827,jaipur
Maruti Alto,Maruti,Alto,14,60000.0,1,Petrol,Manual,19.7,796.0,46.3,5,11.918397239722838,jaipur
Maruti Wagon R,Maruti,Wagon R,18,150000.0,1,Petrol,Manual,18.9,998.0,67.1,5,11.184435286790631,jaipur
Hyundai EON,Hyundai,EON,12,150000.0,1,Petrol,Manual,21.1,814.0,55.2,5,11.982935344196433,jaipur
Volkswagen Polo,Volkswagen,Polo,14,120000.0,2,Diesel,Manual,22.07,1199.0,73.9,5,12.206077645517674,jaipur
Maruti Alto,Maruti,Alto,24,150000.0,1,Petrol,Manual,19.7,796.0,46.3,5,10.596659732783579,jaipur
Ford Ecosport,Ford,Ecosport,12,100000.0,1,Diesel,Manual,22.7,1498.0,89.84,5,12.765691290604371,jaipur
Chevrolet Beat,Chevrolet,Beat,15,120000.0,1,Petrol,Manual,18.6,1199.0,79.4,5,11.58989576532275,jaipur
Maruti Alto,Maruti,Alto,19,70000.0,1,Petrol,Manual,19.7,796.0,46.3,5,11.561725152903833,jaipur
Renault Kiger,Renault,Kiger,4,20000.0,1,Petrol,Manual,19.17,999.0,71.01,5,13.652992804936396,jaipur
Maruti Alto,Maruti,Alto,17,40000.0,1,Petrol,Manual,19.7,796.0,46.3,5,11.51293546492023,jaipur
Maruti Baleno,Maruti,Baleno,8,80000.0,1,Petrol,Manual,21.4,1197.0,83.1,5,13.122365377402328,jaipur
Toyota Camry,Toyota,Camry,12,70000.0,3,Petrol,Automatic,19.16,1949.5,158.2,5,13.790193775620484,kolkata
Datsun RediGO,Datsun,RediGO,9,23981.0,1,Petrol,Manual,22.7,799.0,53.64,5,12.491255347155265,kolkata
Renault Kiger,Renault,Kiger,5,7100.0,1,Petrol,Automatic,19.03,999.0,71.01,5,13.296318365198623,kolkata
Hyundai i20,Hyundai,i20,15,71574.0,2,Petrol,Manual,17.0,1197.0,180.02499999999998,5,12.314931534737134,kolkata
Audi Q3,Audi,Q3,12,50000.0,2,Diesel,Automatic,15.73,1949.5,174.33,5,13.997832948091215,kolkata
Maruti Wagon R,Maruti,Wagon R,8,35629.0,1,Petrol,Automatic,20.52,1197.0,81.8,5,12.959846800844963,kolkata
Hyundai Santro,Hyundai,Santro,6,11476.0,2,Petrol,Automatic,20.3,1086.0,68.05,5,13.297997623898429,kolkata
Renault KWID,Renault,KWID,8,31000.0,1,Petrol,Manual,25.17,799.0,53.3,5,12.429220196836383,kolkata
Maruti Swift Dzire,Maruti,Swift Dzire,15,41005.0,2,Petrol,Manual,17.5,1298.0,85.8,5,12.30592250537653,kolkata
Maruti Wagon R,Maruti,Wagon R,16,60055.0,1,Petrol,Manual,18.9,998.0,67.1,5,12.245298166364206,kolkata
Maruti Swift,Maruti,Swift,13,65005.0,1,Petrol,Manual,18.6,1197.0,85.8,5,12.647551406590285,kolkata
Renault KWID,Renault,KWID,4,2657.0,1,Petrol,Manual,22.3,799.0,53.26,5,13.047639831208393,kolkata
Hyundai i10,Hyundai,i10,15,16000.0,1,Petrol,Manual,19.81,1086.0,68.05,5,12.230765258120545,kolkata
Tata Harrier,Tata,Harrier,3,7426.0,1,Diesel,Automatic,14.6,1949.5,167.67,5,14.59253968227493,kolkata
Maruti Baleno,Maruti,Baleno,8,27046.0,1,Petrol,Automatic,21.4,1197.0,83.1,5,13.3739015584285,kolkata
Toyota Fortuner,Toyota,Fortuner,5,30100.0,1,Diesel,Automatic,15.04,1949.5,174.5,7,15.137266664613225,kolkata
Maruti Wagon R,Maruti,Wagon R,4,9000.0,1,Petrol,Manual,24.35,998.0,65.71,5,13.208542908506082,kolkata
Hyundai i20,Hyundai,i20,4,17000.0,1,Petrol,Manual,21.0,1197.0,81.8,5,13.527829818844937,kolkata
Jeep Compass,Jeep,Compass,5,49200.0,1,Diesel,Automatic,17.1,1949.5,170.0,5,14.316286451937186,kolkata
Hyundai i10,Hyundai,i10,17,35000.0,2,Petrol,Manual,19.81,1086.0,68.05,5,12.323860125621126,kolkata
Maruti Alto K10,Maruti,Alto K10,9,54044.0,1,Petrol,Manual,23.95,998.0,67.05,5,12.660331092405906,kolkata
Tata Nexon,Tata,Nexon,5,6500.0,1,Petrol,Manual,17.33,1199.0,118.35,5,13.591117476312084,kolkata
Maruti Ciaz,Maruti,Ciaz,9,29159.0,1,Petrol,Manual,20.73,1373.0,91.1,5,13.173058392858724,kolkata
Honda City,Honda,City,10,31968.0,1,Petrol,Automatic,18.0,1497.0,117.3,5,13.42246945133505,kolkata
Hyundai Grand i10 Nios,Hyundai,Grand i10 Nios,7,44150.0,2,Petrol,Manual,20.7,1197.0,81.86,5,13.324489195480057,kolkata
Hyundai i20,Hyundai,i20,16,60000.0,1,Petrol,Manual,17.0,1197.0,180.02499999999998,5,12.149507585033072,kolkata
Hyundai Creta,Hyundai,Creta,8,25009.0,1,Petrol,Automatic,14.8,1591.0,121.3,5,13.805461232211272,kolkata
Maruti Swift,Maruti,Swift,6,46469.0,1,Petrol,Manual,22.38,1197.0,88.5,5,13.188152990599754,kolkata
Hyundai Creta,Hyundai,Creta,8,45000.0,1,Petrol,Manual,13.0,1591.0,121.3,5,13.592368256649284,kolkata
Hyundai Verna,Hyundai,Verna,6,31577.0,1,Petrol,Manual,17.7,1497.0,113.18,5,13.798365416422785,kolkata
Maruti Celerio,Maruti,Celerio,12,56005.0,1,Petrol,Automatic,23.1,998.0,67.04,5,12.546113507028412,kolkata
Maruti Wagon R,Maruti,Wagon R,5,10005.0,1,Petrol,Manual,21.79,998.0,67.05,5,13.190023895035274,kolkata
Hyundai Grand i10,Hyundai,Grand i10,9,41163.0,1,Petrol,Manual,18.9,1197.0,81.86,5,13.07107218827772,kolkata
Mercedes-Benz E-Class,Mercedes-Benz,E-Class,6,17839.0,1,Diesel,Automatic,16.1,1949.5,180.02499999999998,5,15.483217567201578,kolkata
Toyota Yaris,Toyota,Yaris,7,3800.0,1,Petrol,Manual,17.1,1496.0,105.5,5,13.451668563394815,kolkata
Maruti Wagon R,Maruti,Wagon R,8,34124.0,1,Petrol,Manual,21.79,998.0,67.05,5,12.886643575525625,kolkata
Hyundai i20,Hyundai,i20,14,50000.0,2,Diesel,Manual,21.9,1396.0,180.02499999999998,5,12.206077645517674,kolkata
Honda City,Honda,City,8,48168.0,1,Petrol,Manual,17.4,1497.0,117.6,5,13.527829818844937,kolkata
Mahindra Marazzo,Mahindra,Marazzo,7,20000.0,3,Diesel,Manual,17.3,1497.0,121.0,8,13.790193775620484,kolkata
Maruti Swift Dzire,Maruti,Swift Dzire,8,56357.0,1,Petrol,Manual,19.0,1197.0,85.8,5,13.081543466215237,kolkata
Maruti Swift Dzire,Maruti,Swift Dzire,16,60000.0,1,Petrol,Manual,17.5,1298.0,85.8,5,12.409017571151187,kolkata
Maruti Baleno,Maruti,Baleno,4,10585.0,1,Petrol,Manual,21.01,1197.0,81.8,5,13.4856180275228,kolkata
Honda Civic,Honda,Civic,14,50000.0,2,Petrol,Automatic,13.1,1799.0,132.0,5,12.834683971615659,kolkata
Maruti Swift Dzire,Maruti,Swift Dzire,16,60000.0,1,Petrol,Manual,17.5,1298.0,85.8,5,12.409017571151187,kolkata
Tata Tiago,Tata,Tiago,8,20000.0,1,Diesel,Manual,27.28,1047.0,69.0,5,12.992254692057308,kolkata
Hyundai Grand i10 Nios,Hyundai,Grand i10 Nios,5,9157.0,1,Petrol,Manual,20.7,1197.0,81.86,5,13.531821834802397,kolkata
Honda Amaze,Honda,Amaze,10,65979.0,2,Petrol,Manual,18.0,1198.0,86.7,5,12.799402253235032,kolkata
Skoda Rapid,Skoda,Rapid,12,65000.0,1,Diesel,Manual,20.5,1598.0,105.0,5,12.611541086966115,kolkata
Datsun RediGO,Datsun,RediGO,6,7940.0,2,Petrol,Manual,22.5,999.0,67.0,5,12.871337193291367,kolkata
BMW 3 Series,BMW,3 Series,15,40000.0,1,Diesel,Automatic,16.07,1949.5,180.02499999999998,5,13.670485941982712,kolkata
Fiat Linea,Fiat,Linea,15,60000.0,2,Petrol,Manual,14.6,1368.0,88.7,5,12.128116509451258,kolkata
BMW 5 Series,BMW,5 Series,7,19859.0,1,Diesel,Automatic,20.37,1949.5,180.02499999999998,5,15.18922639004183,kolkata
Jeep Wrangler,Jeep,Wrangler,3,7405.0,1,Petrol,Automatic,12.1,1949.5,180.02499999999998,5,15.648092181712572,kolkata
Honda BR-V,Honda,BR-V,10,52922.0,1,Petrol,Manual,15.4,1497.0,117.3,7,13.3374763699232,kolkata
Ford Ecosport,Ford,Ecosport,11,60000.0,1,Petrol,Manual,15.85,1499.0,110.4,5,12.765691290604371,kolkata
Hyundai Grand i10,Hyundai,Grand i10,7,32000.0,1,Petrol,Manual,18.9,1197.0,81.86,5,13.047639831208393,kolkata
Honda Jazz,Honda,Jazz,9,47739.0,2,Petrol,Manual,18.7,1199.0,88.7,5,12.928781055513184,kolkata
Maruti Alto K10,Maruti,Alto K10,7,10717.0,2,Petrol,Automatic,23.95,998.0,67.1,5,12.834683971615659,kolkata
Honda City,Honda,City,11,41000.0,1,Diesel,Manual,25.1,1498.0,98.6,5,13.339087971220277,kolkata
Hyundai Santro,Hyundai,Santro,6,17619.0,2,Petrol,Manual,20.3,1086.0,68.07,5,13.001327306361068,kolkata
Renault KWID,Renault,KWID,5,9221.0,1,Petrol,Manual,21.74,999.0,67.0,5,12.952762962683588,kolkata
Honda WR-V,Honda,WR-V,7,70000.0,1,Petrol,Manual,17.5,1199.0,88.7,5,13.217675375388819,kolkata
Maruti Swift,Maruti,Swift,7,10519.0,1,Petrol,Manual,22.38,1197.0,88.5,5,13.208542908506082,kolkata
Hyundai Verna,Hyundai,Verna,12,50000.0,2,Petrol,Manual,17.1,1591.0,121.3,5,13.017005083966255,kolkata
Maruti Celerio,Maruti,Celerio,4,19907.0,1,Cng,Manual,28.25,998.0,55.92,5,13.299674067415213,kolkata
Maruti Swift,Maruti,Swift,11,84771.0,2,Petrol,Manual,22.38,1197.0,88.5,5,12.706850963741102,kolkata
Honda Brio,Honda,Brio,11,7000.0,2,Petrol,Automatic,16.5,1198.0,86.8,5,13.296318365198623,kolkata
Honda City,Honda,City,9,50000.0,1,Petrol,Manual,17.4,1497.0,117.6,5,13.122365377402328,kolkata
Audi A6,Audi,A6,13,52000.0,1,Diesel,Automatic,17.68,1949.5,174.33,5,13.887832149776026,kolkata
Tata Nexon,Tata,Nexon,5,15407.0,1,Petrol,Manual,17.33,1199.0,118.35,5,13.635188201437066,kolkata
Hyundai i10,Hyundai,i10,17,50000.0,2,Petrol,Manual,20.36,1197.0,78.9,5,12.07254696717504,kolkata
Ambassador,Ambassador,,41,80000.0,1,Petrol,Manual,12.8,1817.0,75.0,5,13.112315061750808,kolkata
Honda City,Honda,City,9,58000.0,1,Petrol,Manual,17.4,1497.0,117.6,5,13.217675375388819,kolkata
Hyundai Verna,Hyundai,Verna,5,14000.0,1,Petrol,Manual,17.7,1497.0,113.18,5,13.840204146163925,kolkata
Hyundai Elantra,Hyundai,Elantra,12,80000.0,3,Petrol,Manual,16.3,1797.0,147.5,5,12.765691290604371,kolkata
Hyundai Elantra,Hyundai,Elantra,9,45000.0,1,Petrol,Manual,14.59,1949.5,149.92,5,13.560619598657233,kolkata
Maruti Swift Dzire,Maruti,Swift Dzire,12,119236.0,1,Petrol,Manual,22.41,1197.0,88.5,5,12.631343648903034,kolkata
Maruti Baleno,Maruti,Baleno,10,98074.0,1,Petrol,Manual,21.4,1197.0,83.1,5,12.976183182038383,kolkata
Mercedes-Benz C-Class,Mercedes-Benz,C-Class,13,40330.0,1,Diesel,Automatic,14.84,1949.5,170.0,5,13.8924725250259,kolkata
Maruti Swift Dzire,Maruti,Swift Dzire,12,84989.0,2,Petrol,Manual,22.41,1197.0,88.5,5,12.657151449598695,kolkata
Maruti Wagon R,Maruti,Wagon R,12,72017.0,2,Petrol,Manual,20.51,998.0,67.04,5,12.502470376049185,kolkata
Maruti Ertiga,Maruti,Ertiga,11,65002.0,1,Diesel,Manual,20.77,1248.0,88.76,7,13.163507240119458,kolkata
Maruti Swift Dzire,Maruti,Swift Dzire,11,85862.0,1,Petrol,Manual,22.41,1197.0,88.5,5,12.742568940017076,kolkata
Maruti Alto,Maruti,Alto,15,70000.0,2,Petrol,Manual,19.7,796.0,46.3,5,11.918397239722838,kolkata
Mahindra KUV 100 NXT,Mahindra,KUV 100 NXT,9,48005.0,1,Petrol,Manual,18.15,1198.0,82.0,6,12.91657092142417,kolkata
Hyundai Santro,Hyundai,Santro,7,8625.0,1,Petrol,Manual,20.3,1086.0,68.0,5,13.038981768465277,kolkata
Tata Altroz,Tata,Altroz,6,10000.0,1,Petrol,Manual,19.33,1199.0,86.83,5,13.493928313146206,kolkata
Skoda Laura,Skoda,Laura,14,67000.0,1,Diesel,Manual,20.0,1949.5,108.5,5,12.73670383776449,kolkata
Tata Altroz,Tata,Altroz,6,10000.0,1,Petrol,Manual,19.33,1199.0,86.83,5,13.507627138738266,kolkata
Hyundai Creta,Hyundai,Creta,8,50000.0,1,Diesel,Manual,19.67,1582.0,126.2,5,13.997832948091215,kolkata
Maruti Zen Estilo,Maruti,Zen Estilo,15,60000.0,3,Petrol,Manual,19.0,998.0,67.1,5,11.884495917930655,kolkata
Maruti Celerio,Maruti,Celerio,9,60000.0,3,Petrol,Manual,23.1,998.0,67.04,5,12.765691290604371,kolkata
Audi Q5,Audi,Q5,12,34000.0,1,Diesel,Automatic,14.16,1949.5,174.3,5,14.48334044336031,kolkata
Maruti A-Star,Maruti,A-Star,14,60000.0,1,Petrol,Manual,19.0,998.0,66.1,5,12.611541086966115,kolkata
Toyota Innova,Toyota,Innova,12,152000.0,1,Diesel,Manual,12.99,1949.5,100.6,7,13.451668563394815,kolkata
Land Rover Range Rover Sport,Land,Rover Range Rover Sport,12,45000.0,1,Diesel,Automatic,12.65,1949.5,180.02499999999998,5,15.53827733427679,kolkata
Toyota Corolla Altis,Toyota,Corolla Altis,13,56766.0,3,Petrol,Manual,14.53,1798.0,138.0,5,12.896719202134523,kolkata
Tata New Safari,Tata,New Safari,4,7114.0,1,Diesel,Automatic,14.08,1949.5,167.67,6,14.561724933619168,kolkata
Tata New Safari,Tata,New Safari,5,25508.0,1,Diesel,Automatic,14.08,1949.5,167.67,6,14.508658238524095,kolkata
Maruti Wagon R,Maruti,Wagon R,14,39369.0,1,Petrol,Manual,18.9,998.0,67.1,5,12.28765724080691,kolkata
Hyundai i20 Active,Hyundai,i20 Active,10,50000.0,1,Petrol,Manual,17.19,1197.0,81.86,5,13.217675375388819,kolkata
Renault KWID,Renault,KWID,7,30345.0,1,Petrol,Manual,22.25,799.0,53.26,5,12.69771850797869,kolkata
Toyota Fortuner,Toyota,Fortuner,10,128232.0,1,Diesel,Automatic,12.55,1949.5,168.5,7,14.389311544271775,kolkata
Honda WR-V,Honda,WR-V,9,54018.0,1,Petrol,Manual,17.5,1199.0,88.7,5,13.096021455450709,kolkata
Hyundai Verna,Hyundai,Verna,10,32007.0,1,Diesel,Manual,23.9,1582.0,126.2,5,13.324489195480057,kolkata
Hyundai i10,Hyundai,i10,11,100000.0,1,Petrol,Manual,19.81,1086.0,68.05,5,12.644330802262578,kolkata
Hyundai Santro Xing,Hyundai,Santro Xing,12,30000.0,2,Petrol,Manual,17.92,1086.0,62.1,5,12.409017571151187,kolkata
Volvo S60 Cross Country,Volvo,S60 Cross Country,8,66452.0,1,Diesel,Automatic,19.6,1949.5,180.02499999999998,5,14.498607907721096,kolkata
Volvo XC60,Volvo,XC60,5,38706.0,1,Diesel,Automatic,11.2,1949.5,180.02499999999998,5,15.319588176962746,kolkata
Honda City,Honda,City,8,80000.0,1,Petrol,Manual,17.4,1497.0,117.3,5,13.384729180332174,kolkata
Hyundai Verna,Hyundai,Verna,11,60000.0,1,Petrol,Manual,17.01,1591.0,121.3,5,13.527829818844937,kolkata
Hyundai i20 Active,Hyundai,i20 Active,10,120000.0,1,Petrol,Manual,17.19,1197.0,81.86,5,13.122365377402328,kolkata
Chevrolet Tavera,Chevrolet,Tavera,14,150000.0,2,Diesel,Manual,12.2,1949.5,80.0,10,13.487007879880162,kolkata
Honda City,Honda,City,9,19000.0,1,Diesel,Manual,26.0,1498.0,98.6,5,13.579789490265188,kolkata
Toyota Innova,Toyota,Innova,14,152115.125,1,Diesel,Manual,12.8,1949.5,102.0,7,13.377007146164305,kolkata
Honda City,Honda,City,12,71552.0,1,Petrol,Manual,17.4,1497.0,117.3,5,12.90669432231532,kolkata
Hyundai Grand i10,Hyundai,Grand i10,11,65039.0,2,Petrol,Manual,18.9,1197.0,82.0,5,12.614868865984631,kolkata
Hyundai Santro Xing,Hyundai,Santro Xing,19,60000.0,2,Petrol,Manual,17.92,1086.0,62.1,5,10.596659732783579,kolkata
Renault KWID,Renault,KWID,7,73578.0,1,Petrol,Manual,23.01,999.0,67.0,5,12.791080452981857,kolkata
Hyundai Santro,Hyundai,Santro,5,27160.0,1,Petrol,Automatic,20.3,1086.0,68.05,5,13.144126826131089,kolkata
Hyundai i20,Hyundai,i20,9,36000.0,1,Petrol,Manual,18.6,1197.0,81.83,5,12.959846800844963,kolkata
Hyundai Grand i10,Hyundai,Grand i10,12,84367.0,1,Petrol,Manual,18.9,1197.0,82.0,5,12.531776395271262,kolkata
Maruti Ertiga,Maruti,Ertiga,7,32599.0,1,Petrol,Manual,19.01,1462.0,103.26,7,13.527829818844937,kolkata
Renault Duster,Renault,Duster,9,47530.0,1,Petrol,Manual,13.06,1598.0,102.53,5,13.219491903015438,kolkata
Honda Brio,Honda,Brio,12,35457.0,1,Petrol,Manual,19.4,1198.0,86.8,5,12.445093483000798,kolkata
Mahindra XUV300,Mahindra,XUV300,4,5000.0,0,Petrol,Automatic,16.5,1197.0,108.62,5,14.093143052138025,kolkata
Hyundai i10,Hyundai,i10,15,28000.0,1,Petrol,Automatic,16.95,1197.0,78.9,5,12.506180941677357,kolkata
Land Rover Range Rover Velar,Land,Rover Range Rover Velar,6,33582.0,2,Petrol,Automatic,15.8,1949.5,180.02499999999998,5,15.882373444019521,kolkata
Hyundai i10,Hyundai,i10,12,46005.0,1,Petrol,Manual,20.36,1197.0,78.9,5,12.449018824140563,kolkata
MG Gloster,MG,Gloster,5,2565.0,1,Diesel,Automatic,12.4,1949.5,180.02499999999998,6,15.053885078862573,kolkata
Maruti Swift,Maruti,Swift,8,28000.0,1,Petrol,Automatic,22.0,1197.0,81.8,5,13.190023895035274,kolkata
Honda Jazz,Honda,Jazz,11,32000.0,1,Petrol,Automatic,18.2,1199.0,88.7,5,12.994532278619134,kolkata
Maruti Swift Dzire,Maruti,Swift Dzire,17,45000.0,1,Petrol,Manual,17.5,1298.0,85.8,5,12.323860125621126,kolkata
Mahindra XUV500,Mahindra,XUV500,7,78565.0,1,Diesel,Manual,15.1,1949.5,152.87,7,14.07402202531625,kolkata
Hyundai EON,Hyundai,EON,12,60000.0,2,Petrol,Manual,21.1,814.0,55.2,5,12.100717685412471,kolkata
Honda City,Honda,City,9,32844.0,1,Petrol,Manual,17.8,1497.0,117.3,5,13.308014385419147,kolkata
Tata Tiago,Tata,Tiago,4,5198.0,1,Cng,Manual,26.49,1199.0,72.0,5,13.51845266959401,kolkata
Hyundai i20,Hyundai,i20,13,40000.0,1,Petrol,Manual,18.5,1197.0,82.85,5,12.721888795877375,kolkata
Skoda Rapid,Skoda,Rapid,7,19355.0,1,Petrol,Automatic,14.84,1598.0,103.2,5,13.527829818844937,kolkata
Maruti Swift Dzire,Maruti,Swift Dzire,16,60000.0,1,Petrol,Manual,17.5,1298.0,85.8,5,12.388398368982115,kolkata
Maruti Wagon R,Maruti,Wagon R,7,31197.0,1,Petrol,Manual,21.79,998.0,67.05,5,13.06896471037963,kolkata
Datsun RediGO,Datsun,RediGO,5,6651.0,1,Petrol,Manual,21.7,999.0,67.05,5,12.754196944209095,kolkata
Chevrolet Spark,Chevrolet,Spark,17,60000.0,3,Petrol,Manual,18.0,995.0,62.0,5,11.156264806643742,kolkata
Honda BR-V,Honda,BR-V,8,35000.0,1,Petrol,Manual,15.4,1497.0,117.3,7,13.521140839642674,kolkata
Honda City,Honda,City,13,57000.0,1,Petrol,Manual,16.8,1497.0,116.4,5,12.721888795877375,kolkata
Honda City,Honda,City,10,50469.0,1,Petrol,Automatic,18.0,1497.0,117.3,5,13.217675375388819,kolkata
Maruti Swift,Maruti,Swift,8,32000.0,1,Petrol,Manual,22.0,1197.0,81.8,5,13.169248871698304,kolkata
Toyota Corolla Altis,Toyota,Corolla Altis,10,36000.0,1,Petrol,Automatic,14.28,1798.0,138.03,5,13.652992804936396,kolkata
Datsun RediGO,Datsun,RediGO,8,30000.0,1,Petrol,Manual,22.7,799.0,53.64,5,12.25486757159303,kolkata
Mahindra XUV500,Mahindra,XUV500,8,68042.0,1,Diesel,Automatic,16.0,1949.5,140.0,7,13.81451105863119,kolkata
Hyundai i10,Hyundai,i10,12,65000.0,2,Petrol,Manual,20.36,1197.0,78.9,5,12.345834587905333,kolkata
Maruti Swift,Maruti,Swift,6,24000.0,1,Petrol,Manual,20.4,1197.0,81.8,5,13.215855541983634,kolkata
Maruti Ciaz,Maruti,Ciaz,10,82948.0,1,Diesel,Manual,28.09,1248.0,88.5,5,13.161586013632684,kolkata
Maruti Zen Estilo,Maruti,Zen Estilo,16,23162.0,2,Petrol,Manual,19.0,998.0,67.1,5,11.856522261533737,kolkata
Maruti Ritz,Maruti,Ritz,16,45000.0,1,Petrol,Manual,18.5,1197.0,85.8,5,11.767575435251748,kolkata
Honda WR-V,Honda,WR-V,6,7281.0,2,Petrol,Manual,17.5,1199.0,88.7,5,13.370786295963992,kolkata
Hyundai i20 Active,Hyundai,i20 Active,10,29428.0,1,Petrol,Manual,17.19,1197.0,81.86,5,13.051943059028227,kolkata
Hyundai Creta,Hyundai,Creta,8,64000.0,1,Petrol,Manual,15.8,1591.0,121.3,5,13.64709190633931,kolkata
Maruti Alto 800,Maruti,Alto 800,10,62202.0,1,Petrol,Manual,22.05,796.0,47.33,5,12.278397958261774,kolkata
Honda City,Honda,City,8,47000.0,1,Petrol,Manual,17.4,1497.0,117.6,5,13.493928313146206,kolkata
Tata Tigor,Tata,Tigor,4,13145.0,1,Cng,Manual,26.49,1199.0,72.4,5,13.556741124342862,kolkata
Hyundai EON,Hyundai,EON,9,119490.0,1,Petrol,Manual,21.1,814.0,55.2,5,12.449018824140563,kolkata
Mahindra XUV500,Mahindra,XUV500,5,8000.0,1,Diesel,Manual,15.1,1949.5,152.87,7,14.330726530031558,kolkata
Honda City,Honda,City,11,45000.0,1,Diesel,Manual,25.1,1498.0,98.6,5,13.171155446333852,kolkata
Maruti Wagon R Stingray,Maruti,Wagon R Stingray,10,46422.0,1,Petrol,Manual,20.51,998.0,67.04,5,12.59473402514672,kolkata
Hyundai i10,Hyundai,i10,12,64000.0,3,Petrol,Manual,20.36,1197.0,78.9,5,12.367345048436391,kolkata
Volkswagen Ameo,Volkswagen,Ameo,6,52000.0,1,Diesel,Manual,21.66,1498.0,108.62,5,13.112315061750808,kolkata
Honda City,Honda,City,7,25000.0,1,Petrol,Manual,16.8,1497.0,116.3,5,13.437175577097312,kolkata
Hyundai EON,Hyundai,EON,13,15000.0,2,Petrol,Manual,21.1,814.0,55.2,5,12.133507329024972,kolkata
Kia Seltos,Kia,Seltos,6,45000.0,1,Petrol,Manual,16.5,1353.0,138.08,5,14.05058347065728,kolkata
Hyundai Creta,Hyundai,Creta,8,65000.0,1,Petrol,Automatic,14.8,1591.0,121.3,5,13.704578997256993,kolkata
Jeep Compass,Jeep,Compass,8,65000.0,1,Diesel,Manual,17.1,1949.5,170.0,5,13.76421831620775,kolkata
Honda City,Honda,City,7,21628.0,1,Petrol,Manual,17.4,1497.0,117.6,5,13.49668313203053,kolkata
Maruti Swift,Maruti,Swift,10,8347.0,1,Petrol,Manual,22.38,1197.0,88.5,5,12.96453929221076,kolkata
Mahindra Scorpio,Mahindra,Scorpio,10,72057.0,2,Diesel,Manual,15.4,1949.5,120.0,7,13.681980308196241,kolkata
Hyundai Grand i10,Hyundai,Grand i10,9,52549.0,1,Petrol,Manual,18.9,1197.0,81.86,5,12.762830066509972,kolkata
Honda City,Honda,City,12,44540.0,2,Petrol,Automatic,18.0,1497.0,117.3,5,13.017005083966255,kolkata
Maruti Swift,Maruti,Swift,12,44000.0,2,Petrol,Manual,18.6,1197.0,85.8,5,12.676079399771027,kolkata
Hyundai Grand i10 Nios,Hyundai,Grand i10 Nios,7,53084.0,1,Diesel,Manual,26.2,1186.0,73.97,5,13.378556330751158,kolkata
Maruti XL6,Maruti,XL6,5,10000.0,2,Petrol,Manual,19.01,1462.0,103.2,6,13.76421831620775,kolkata
Toyota Corolla Altis,Toyota,Corolla Altis,8,34339.0,2,Petrol,Automatic,14.28,1798.0,138.03,5,13.932405199115093,kolkata
Kia Seltos,Kia,Seltos,6,15456.0,1,Petrol,Manual,16.8,1497.0,113.43,5,13.870946210925721,kolkata
Maruti XL6,Maruti,XL6,5,10000.0,2,Petrol,Manual,19.01,1462.0,103.2,6,13.76421831620775,kolkata
Hyundai Santro,Hyundai,Santro,8,68000.0,1,Petrol,Manual,20.3,1086.0,68.0,5,12.861001210669146,kolkata
Maruti SX4 S Cross,Maruti,SX4 S Cross,5,10000.0,1,Petrol,Manual,18.55,1462.0,103.25,5,13.681980308196241,kolkata
Mahindra TUV 300,Mahindra,TUV 300,9,100000.0,1,Diesel,Manual,18.49,1493.0,100.0,7,13.161586013632684,kolkata
Mahindra TUV 300,Mahindra,TUV 300,7,59639.0,1,Diesel,Manual,18.49,1493.0,100.0,7,13.42246945133505,kolkata
Maruti Celerio,Maruti,Celerio,9,50000.0,1,Petrol,Manual,23.1,998.0,67.04,5,12.793862088206213,kolkata
Audi A6,Audi,A6,10,37000.0,1,Petrol,Automatic,15.26,1798.0,180.02499999999998,5,14.400516137007425,kolkata
Renault Scala,Renault,Scala,13,60000.0,2,Petrol,Manual,16.95,1498.0,97.6,5,12.367345048436391,kolkata
Hyundai i20 N Line,Hyundai,i20 N Line,4,8000.0,1,Petrol,Manual,20.0,998.0,118.41,5,13.710151153416941,kolkata
Maruti Ertiga,Maruti,Ertiga,9,31000.0,1,Diesel,Manual,24.52,1248.0,88.5,7,13.592368256649284,kolkata
Honda Amaze,Honda,Amaze,10,44890.0,1,Petrol,Manual,18.0,1198.0,86.7,5,12.785493861878301,kolkata
Hyundai Creta,Hyundai,Creta,9,48752.0,2,Diesel,Manual,22.1,1396.0,88.7,5,13.3374763699232,kolkata
Tata New Safari,Tata,New Safari,4,10000.0,1,Diesel,Automatic,14.08,1949.5,167.67,6,14.669926311652166,kolkata
Mahindra KUV 100,Mahindra,KUV 100,9,5151.0,1,Petrol,Manual,18.15,1198.0,82.0,5,12.826651821423713,kolkata
Maruti Alto 800,Maruti,Alto 800,9,28807.0,1,Petrol,Manual,22.05,796.0,47.33,5,12.524530013005734,kolkata
Hyundai Santro Xing,Hyundai,Santro Xing,12,30000.0,2,Petrol,Manual,17.92,1086.0,62.1,5,12.301387370778713,kolkata
Honda City,Honda,City,7,20593.0,1,Petrol,Manual,17.4,1497.0,117.6,5,13.545014620881725,kolkata
Tata Altroz,Tata,Altroz,6,10000.0,1,Petrol,Manual,19.33,1199.0,86.83,5,13.507627138738266,kolkata
Honda Amaze,Honda,Amaze,11,82879.0,2,Petrol,Manual,18.0,1198.0,86.7,5,12.468440756144114,kolkata
Honda City,Honda,City,4,13407.0,1,Petrol,Manual,18.6,1498.0,119.35,5,13.830400155679214,kolkata
Maruti Ignis,Maruti,Ignis,7,100000.0,1,Petrol,Manual,20.89,1197.0,81.8,5,12.92391243868049,kolkata
Maruti Ertiga,Maruti,Ertiga,8,66000.0,1,Diesel,Manual,25.47,1248.0,88.5,7,13.581054510971494,kolkata
Toyota Innova,Toyota,Innova,11,152115.125,1,Diesel,Manual,12.99,1949.5,100.6,7,13.521140839642674,kolkata
Toyota Innova Crysta,Toyota,Innova Crysta,5,21100.0,1,Diesel,Manual,12.0,1949.5,148.0,7,14.430696737594902,kolkata
Tata Sumo Victa,Tata,Sumo Victa,21,120000.0,1,Diesel,Manual,12.2,1948.0,68.0,10,11.608244735642321,kolkata
Hyundai i10,Hyundai,i10,11,100000.0,1,Petrol,Manual,19.81,1086.0,68.05,5,12.644330802262578,kolkata
BMW 6 Series,BMW,6 Series,8,44227.0,1,Diesel,Automatic,17.09,1949.5,180.02499999999998,4,15.176487367510099,kolkata
Toyota Fortuner,Toyota,Fortuner,11,70000.0,3,Diesel,Automatic,12.55,1949.5,168.5,7,14.115615891155079,kolkata
Honda WR-V,Honda,WR-V,7,45000.0,1,Petrol,Manual,17.5,1199.0,88.7,5,13.384729180332174,kolkata
Hyundai Alcazar,Hyundai,Alcazar,5,50000.0,1,Petrol,Manual,14.5,1949.5,156.9,6,14.285514812209815,kolkata
Maruti Swift,Maruti,Swift,7,77042.0,1,Petrol,Manual,22.38,1197.0,88.5,5,13.014780393893403,kolkata
Tata Tigor,Tata,Tigor,5,42325.0,1,Petrol,Manual,19.28,1199.0,84.82,5,13.155800087724673,kolkata
Volkswagen Polo,Volkswagen,Polo,9,50000.0,1,Petrol,Manual,16.2,1199.0,74.0,5,13.122365377402328,kolkata
Maruti Swift,Maruti,Swift,11,37196.0,1,Petrol,Manual,22.38,1197.0,88.5,5,12.899222326086994,kolkata
Maruti Baleno,Maruti,Baleno,9,61530.0,1,Diesel,Manual,27.39,1248.0,74.0,5,13.038981768465277,kolkata
Hyundai i20 Active,Hyundai,i20 Active,10,48000.0,1,Petrol,Manual,17.19,1197.0,81.86,5,13.270785106659046,kolkata
Maruti Vitara Brezza,Maruti,Vitara Brezza,9,74444.0,1,Diesel,Manual,24.3,1248.0,88.5,5,13.3739015584285,kolkata
Skoda Fabia,Skoda,Fabia,15,120000.0,1,Petrol,Manual,16.25,1198.0,75.0,5,12.206077645517674,kolkata
Maruti S-Presso,Maruti,S-Presso,6,11768.0,1,Petrol,Manual,21.7,998.0,65.71,5,12.926350926565435,kolkata
Renault KWID,Renault,KWID,6,19715.0,2,Petrol,Manual,22.3,799.0,53.26,5,12.85840043573314,kolkata
Honda WR-V,Honda,WR-V,8,54581.0,1,Petrol,Manual,17.5,1199.0,88.7,5,13.122365377402328,kolkata
Audi A6,Audi,A6,12,34000.0,1,Diesel,Automatic,17.68,1949.5,174.33,5,14.204169225721929,kolkata
Hyundai i20,Hyundai,i20,10,50000.0,2,Petrol,Manual,18.6,1197.0,81.83,5,13.122365377402328,kolkata
Volkswagen Polo,Volkswagen,Polo,12,40000.0,2,Petrol,Manual,16.47,1198.0,74.0,5,12.793862088206213,kolkata
Toyota Fortuner,Toyota,Fortuner,11,70000.0,4,Diesel,Automatic,12.55,1949.5,168.5,7,14.187074804051692,kolkata
Porsche Macan,Porsche,Macan,10,19600.0,3,Petrol,Automatic,13.6,1949.5,180.02499999999998,5,15.250595321348806,kolkata
Chevrolet Tavera,Chevrolet,Tavera,15,120000.0,1,Diesel,Manual,14.8,1949.5,80.0,7,12.765691290604371,kolkata
BMW X3,BMW,X3,14,68000.0,1,Diesel,Automatic,16.09,1949.5,180.02499999999998,5,13.99699926803766,kolkata
Tata Manza,Tata,Manza,12,70000.0,2,Diesel,Manual,21.02,1248.0,88.76,5,12.301387370778713,kolkata
Hyundai Grand i10,Hyundai,Grand i10,10,50000.0,4,Diesel,Manual,24.0,1120.0,70.0,5,12.706850963741102,kolkata
Tata Tigor,Tata,Tigor,5,70179.0,1,Petrol,Manual,19.28,1199.0,84.82,5,13.157732451741687,kolkata
Maruti A-Star,Maruti,A-Star,16,54501.0,1,Petrol,Manual,19.0,998.0,66.1,5,11.856522261533737,kolkata
Renault Captur,Renault,Captur,8,20000.0,1,Diesel,Manual,20.37,1461.0,108.45,5,13.592368256649284,kolkata
Maruti Alto 800,Maruti,Alto 800,10,28651.0,1,Petrol,Manual,22.05,796.0,47.33,5,12.33270970174018,kolkata
Honda City,Honda,City,12,64787.0,2,Petrol,Manual,17.4,1497.0,117.3,5,12.826651821423713,kolkata
Toyota Fortuner,Toyota,Fortuner,12,138726.0,1,Diesel,Manual,13.0,1949.5,168.5,7,14.077875591662238,kolkata
Maruti Wagon R,Maruti,Wagon R,7,24147.0,1,Petrol,Manual,21.79,998.0,67.05,5,12.987690762404629,kolkata
Toyota Corolla Altis,Toyota,Corolla Altis,9,65000.0,1,Petrol,Automatic,14.28,1798.0,138.03,5,13.76421831620775,kolkata
Honda City,Honda,City,11,79513.0,1,Petrol,Manual,17.4,1497.0,117.3,5,12.95039048795861,kolkata
Hyundai i20,Hyundai,i20,16,87845.0,1,Petrol,Manual,18.5,1197.0,180.02499999999998,5,12.170450649220749,kolkata
Maruti Ertiga,Maruti,Ertiga,11,20000.0,1,Petrol,Manual,16.02,1373.0,93.7,7,13.527829818844937,kolkata
Volkswagen Jetta,Volkswagen,Jetta,11,55000.0,1,Petrol,Manual,14.69,1390.0,120.33,5,13.303018546545275,kolkata
Mahindra KUV 100 NXT,Mahindra,KUV 100 NXT,6,60000.0,2,Petrol,Manual,18.15,1198.0,82.0,6,13.060490101343552,kolkata
Honda Brio,Honda,Brio,12,47183.0,1,Petrol,Manual,19.4,1198.0,86.8,5,12.721888795877375,kolkata
Toyota Innova,Toyota,Innova,11,150000.0,1,Diesel,Manual,12.99,1949.5,100.6,7,13.864301674514206,kolkata
Mercedes-Benz E-Class,Mercedes-Benz,E-Class,11,41510.0,2,Diesel,Automatic,14.21,1949.5,180.02499999999998,5,14.603513724288955,kolkata
Hyundai Elantra,Hyundai,Elantra,9,54600.0,1,Diesel,Manual,22.54,1582.0,126.2,5,13.64472342322291,kolkata
Renault Triber,Renault,Triber,4,4000.0,1,Petrol,Manual,20.0,999.0,71.01,7,13.384729180332174,kolkata
Chevrolet Sail,Chevrolet,Sail,11,70000.0,1,Petrol,Manual,18.2,1199.0,82.4,5,12.100717685412471,kolkata
Maruti Vitara Brezza,Maruti,Vitara Brezza,5,29882.0,1,Petrol,Manual,17.03,1462.0,103.26,5,13.419502094509863,kolkata
Hyundai Verna,Hyundai,Verna,13,69000.0,1,Diesel,Manual,22.32,1582.0,126.3,5,12.429220196836383,kolkata
Maruti Swift Dzire,Maruti,Swift Dzire,11,41565.0,2,Petrol,Manual,22.41,1197.0,88.5,5,12.73080413304066,kolkata
Hyundai i20,Hyundai,i20,15,46624.0,2,Petrol,Manual,18.5,1197.0,82.85,5,12.19602736016897,kolkata
Kia Seltos,Kia,Seltos,5,56312.0,1,Diesel,Automatic,18.0,1493.0,113.43,5,14.151983508870947,kolkata
Maruti Alto 800,Maruti,Alto 800,7,22950.0,1,Petrol,Manual,22.05,796.0,47.33,5,12.553205710188037,kolkata
Hyundai i10,Hyundai,i10,12,42000.0,2,Petrol,Manual,19.81,1086.0,68.05,5,12.273735966890268,kolkata
Hyundai EON,Hyundai,EON,12,26135.0,1,Petrol,Manual,21.1,814.0,55.2,5,12.278397958261774,kolkata
Volkswagen Polo,Volkswagen,Polo,6,20913.0,1,Petrol,Manual,18.78,999.0,75.0,5,13.52649559761195,kolkata
Hyundai EON,Hyundai,EON,13,14000.0,2,Petrol,Manual,21.1,814.0,55.2,5,12.128116509451258,kolkata
Maruti S-Presso,Maruti,S-Presso,6,3000.0,1,Petrol,Manual,24.76,998.0,65.71,5,12.95039048795861,kolkata
Maruti Baleno,Maruti,Baleno,8,52002.0,1,Diesel,Manual,27.39,1248.0,74.0,5,13.049794835104816,kolkata
Hyundai i20,Hyundai,i20,16,60000.0,2,Petrol,Manual,18.5,1197.0,180.02499999999998,5,12.206077645517674,kolkata
Kia Seltos,Kia,Seltos,5,50000.0,1,Diesel,Manual,20.8,1493.0,113.43,5,14.093900340506448,kolkata
Toyota Corolla Altis,Toyota,Corolla Altis,12,59000.0,1,Petrol,Manual,14.28,1798.0,138.03,5,13.017005083966255,kolkata
Hyundai EON,Hyundai,EON,12,22393.0,2,Petrol,Manual,21.1,814.0,55.2,5,12.25486757159303,kolkata
Honda Amaze,Honda,Amaze,10,53483.0,1,Diesel,Manual,25.8,1498.0,98.6,5,12.75130259456002,kolkata
Honda New Accord,Honda,New Accord,15,49000.0,1,Petrol,Automatic,11.7,1949.5,177.6,5,12.95039048795861,kolkata
Maruti Alto K10,Maruti,Alto K10,15,38420.0,1,Petrol,Manual,24.39,998.0,65.71,5,12.049424683420915,kolkata
Hyundai i10,Hyundai,i10,16,60585.0,1,Petrol,Manual,20.36,1197.0,78.9,5,12.055255569732177,kolkata
Mercedes-Benz E-Class,Mercedes-Benz,E-Class,5,12809.0,1,Petrol,Automatic,15.0,1949.5,180.02499999999998,5,15.702580358511794,kolkata
Skoda Rapid,Skoda,Rapid,7,37243.0,1,Diesel,Automatic,21.72,1498.0,108.6,5,13.584839999674324,kolkata
Toyota Urban cruiser,Toyota,Urban cruiser,4,25796.0,1,Petrol,Manual,17.03,1462.0,103.26,5,13.688814039991453,kolkata
Toyota Innova Crysta,Toyota,Innova Crysta,8,34000.0,1,Diesel,Manual,13.68,1949.5,147.51,8,14.366518547731806,kolkata
Hyundai Venue,Hyundai,Venue,7,29717.0,1,Petrol,Automatic,18.15,998.0,118.35,5,13.656514826473817,kolkata
Nissan Micra Active,Nissan,Micra Active,8,42000.0,1,Petrol,Manual,19.49,1198.0,67.04,5,12.691583538230217,kolkata
Maruti Wagon R Stingray,Maruti,Wagon R Stingray,12,24425.0,1,Petrol,Manual,20.51,998.0,67.04,5,12.556733038263905,kolkata
Skoda Rapid,Skoda,Rapid,6,14323.0,1,Petrol,Automatic,16.24,999.0,108.62,5,13.749371823835228,kolkata
Mahindra TUV 300,Mahindra,TUV 300,7,9700.0,1,Diesel,Manual,18.49,1493.0,100.0,7,13.592368256649284,kolkata
Hyundai Verna,Hyundai,Verna,15,50000.0,2,Petrol,Manual,17.01,1591.0,121.3,5,12.429220196836383,kolkata
Honda City,Honda,City,9,51097.0,1,Petrol,Automatic,18.0,1497.0,117.6,5,13.384729180332174,kolkata
Hyundai i10,Hyundai,i10,16,60000.0,2,Petrol,Manual,19.81,1086.0,68.05,5,12.013706813470414,kolkata
Maruti Swift Dzire,Maruti,Swift Dzire,4,23684.0,1,Petrol,Manual,22.41,1197.0,88.5,5,13.652992804936396,kolkata
Hyundai i10,Hyundai,i10,17,40000.0,1,Petrol,Manual,19.81,1086.0,68.05,5,11.989165855127435,kolkata
Mercedes-Benz GLC,Mercedes-Benz,GLC,9,60002.0,1,Diesel,Automatic,17.9,1949.5,170.0,5,14.827111833279051,kolkata
Honda BR-V,Honda,BR-V,8,39000.0,1,Petrol,Manual,15.4,1497.0,117.3,7,13.586098651497313,kolkata
Maruti Ertiga,Maruti,Ertiga,6,40000.0,1,Petrol,Manual,19.01,1462.0,103.26,7,13.710151153416941,kolkata
Volvo V40,Volvo,V40,9,16001.0,1,Diesel,Automatic,16.8,1949.5,150.0,5,14.403297778421795,kolkata
Hyundai Verna,Hyundai,Verna,12,51000.0,2,Petrol,Manual,17.01,1591.0,121.3,5,12.796636007394284,kolkata
Maruti Wagon R,Maruti,Wagon R,5,10143.0,1,Petrol,Manual,21.79,998.0,67.05,5,13.142166004700508,kolkata
Maruti S-Presso,Maruti,S-Presso,7,53657.0,2,Petrol,Manual,21.7,998.0,65.71,5,12.936036208848487,kolkata
Maruti Celerio,Maruti,Celerio,12,88532.0,1,Petrol,Manual,25.24,998.0,65.71,5,12.491255347155265,kolkata
Maruti Wagon R,Maruti,Wagon R,13,60000.0,1,Petrol,Manual,20.51,998.0,67.04,5,11.918397239722838,kolkata
Skoda Kushaq,Skoda,Kushaq,5,12059.0,1,Petrol,Manual,19.2,999.0,113.98,5,14.13396501635527,kolkata
Tata Tiago,Tata,Tiago,5,10000.0,1,Petrol,Manual,19.01,1199.0,84.82,5,13.161586013632684,kolkata
Mahindra Scorpio,Mahindra,Scorpio,8,47000.0,1,Diesel,Manual,15.4,1949.5,75.0,9,13.73755009757506,kolkata
Renault Duster,Renault,Duster,8,20000.0,1,Diesel,Manual,19.6,1461.0,108.45,5,13.384729180332174,kolkata
Maruti Swift Dzire,Maruti,Swift Dzire,13,37000.0,1,Petrol,Manual,19.1,1197.0,85.8,5,12.560247968016562,kolkata
Hyundai Grand i10 Nios,Hyundai,Grand i10 Nios,4,9520.0,1,Petrol,Manual,20.7,1197.0,81.86,5,13.498057700804253,kolkata
Chevrolet Sail,Chevrolet,Sail,10,100000.0,1,Petrol,Manual,18.2,1199.0,82.4,5,12.25486757159303,kolkata
Hyundai Santro,Hyundai,Santro,4,22577.0,1,Cng,Manual,28.25,1086.0,59.18,5,13.190023895035274,kolkata
Hyundai i20,Hyundai,i20,5,9902.0,1,Petrol,Manual,20.0,998.0,118.36,5,13.621927022483105,kolkata
Ford Ecosport,Ford,Ecosport,10,70000.0,1,Petrol,Manual,17.0,1497.0,121.36,5,13.122365377402328,kolkata
Hyundai Grand i10,Hyundai,Grand i10,6,20101.0,1,Petrol,Manual,18.9,1197.0,81.86,5,13.173058392858724,kolkata
Skoda Fabia,Skoda,Fabia,15,120000.0,1,Petrol,Manual,16.25,1198.0,75.0,5,12.100717685412471,kolkata
Tata Nexon,Tata,Nexon,5,15258.0,1,Petrol,Manual,17.33,1199.0,118.35,5,13.785051350479566,kolkata
Hyundai Venue,Hyundai,Venue,6,36397.0,1,Petrol,Automatic,18.15,998.0,118.35,5,13.765270393051685,kolkata
Skoda Fabia,Skoda,Fabia,15,120000.0,1,Petrol,Manual,16.25,1198.0,75.0,5,12.100717685412471,kolkata
BMW 3 Series,BMW,3 Series,14,52000.0,1,Diesel,Automatic,16.07,1949.5,180.02499999999998,5,13.790193775620484,kolkata
Mercedes-Benz GLA Class,Mercedes-Benz,GLA Class,7,51900.0,1,Diesel,Automatic,17.9,1949.5,136.0,5,14.626441218624949,kolkata
Honda City,Honda,City,9,70000.0,1,Petrol,Automatic,18.0,1497.0,117.6,5,13.527829818844937,kolkata
Jeep Compass,Jeep,Compass,4,10000.0,1,Petrol,Automatic,14.1,1368.0,160.77,5,14.790070575320824,kolkata
BMW X1,BMW,X1,10,30000.0,1,Diesel,Automatic,17.05,1949.5,180.02499999999998,5,14.48334044336031,kolkata
Hyundai Creta,Hyundai,Creta,7,23303.0,2,Petrol,Manual,13.0,1591.0,121.3,5,13.742940940397677,kolkata
MG Hector,MG,Hector,6,30000.0,2,Petrol,Automatic,13.96,1451.0,141.0,5,14.22030944419592,kolkata
Mahindra XUV500,Mahindra,XUV500,9,70000.0,2,Diesel,Manual,16.0,1949.5,140.0,7,13.652992804936396,kolkata
Hyundai Creta,Hyundai,Creta,7,50000.0,2,Petrol,Manual,13.0,1591.0,121.3,5,13.835313185260453,kolkata
Maruti Swift,Maruti,Swift,7,11326.0,1,Petrol,Manual,21.21,1197.0,81.8,5,13.327751835792448,kolkata
Maruti Swift,Maruti,Swift,6,23609.0,1,Petrol,Manual,21.21,1197.0,81.8,5,13.353476685668044,kolkata
Maruti Celerio,Maruti,Celerio,10,30000.0,2,Petrol,Manual,23.1,998.0,67.04,5,12.676079399771027,kolkata
Hyundai Santro Xing,Hyundai,Santro Xing,12,60533.0,1,Petrol,Manual,17.92,1086.0,62.1,5,12.392556361841777,kolkata
Maruti Ciaz,Maruti,Ciaz,10,46328.0,1,Petrol,Manual,20.73,1373.0,91.1,5,13.148033073468746,kolkata
MG Hector Plus,MG,Hector Plus,6,60000.0,1,Petrol,Automatic,11.67,1451.0,141.0,6,14.253766134056512,kolkata
Hyundai Venue,Hyundai,Venue,7,31745.0,1,Petrol,Automatic,18.15,998.0,118.35,5,13.821493623677112,kolkata
Toyota Fortuner,Toyota,Fortuner,14,78668.0,3,Diesel,Automatic,12.55,1949.5,168.5,7,13.887832149776026,kolkata
Renault Kiger,Renault,Kiger,5,3115.0,1,Petrol,Manual,19.17,999.0,71.01,5,13.484226240787052,kolkata
Maruti Celerio,Maruti,Celerio,4,8940.0,1,Petrol,Automatic,26.0,998.0,65.71,5,13.361381852676738,kolkata
Hyundai Grand i10,Hyundai,Grand i10,11,10000.0,1,Petrol,Manual,18.9,1197.0,82.0,5,13.07107218827772,kolkata
Hyundai Xcent,Hyundai,Xcent,12,40000.0,3,Petrol,Manual,19.1,1197.0,82.0,5,12.628070334272698,kolkata
Honda City,Honda,City,8,45652.0,1,Petrol,Manual,17.8,1497.0,117.3,5,13.534474352733596,kolkata
Maruti Ciaz,Maruti,Ciaz,7,30000.0,1,Petrol,Manual,21.56,1462.0,103.25,5,13.592368256649284,kolkata
Jaguar XJ,Jaguar,XJ,11,85033.0,4,Petrol,Automatic,10.25,1949.5,180.02499999999998,5,14.403297778421795,kolkata
Hyundai Grand i10,Hyundai,Grand i10,9,30000.0,1,Petrol,Manual,18.9,1197.0,82.0,5,13.017005083966255,kolkata
Hyundai i20,Hyundai,i20,15,70000.0,1,Petrol,Manual,18.5,1197.0,180.02499999999998,5,12.577639650232573,kolkata
Maruti Swift,Maruti,Swift,7,17200.0,1,Petrol,Manual,22.0,1197.0,81.8,5,13.270785106659046,kolkata
Honda City,Honda,City,11,18255.0,1,Petrol,Manual,17.4,1497.0,117.6,5,13.304686600863562,kolkata
Toyota Corolla Altis,Toyota,Corolla Altis,11,80000.0,2,Petrol,Manual,14.28,1798.0,138.03,5,13.296318365198623,kolkata
Maruti Celerio,Maruti,Celerio,4,6398.0,1,Petrol,Manual,25.24,998.0,65.71,5,13.210376086227196,kolkata
Hyundai Grand i10 Nios,Hyundai,Grand i10 Nios,6,45739.0,1,Petrol,Automatic,20.7,1197.0,81.86,5,13.28448392755959,kolkata
Toyota Fortuner,Toyota,Fortuner,10,46000.0,1,Diesel,Manual,12.55,1949.5,168.5,7,14.648420115681892,kolkata
Honda BR-V,Honda,BR-V,10,35254.0,1,Petrol,Manual,15.4,1497.0,117.3,7,13.120363378739663,kolkata
Toyota Yaris,Toyota,Yaris,8,41334.0,1,Petrol,Manual,17.1,1496.0,105.5,5,13.342303402904738,kolkata
Honda Brio,Honda,Brio,12,51463.0,1,Petrol,Manual,19.4,1198.0,86.8,5,12.611541086966115,kolkata
Maruti Alto 800,Maruti,Alto 800,7,29478.0,1,Petrol,Manual,24.7,796.0,47.3,5,12.73080413304066,kolkata
Toyota Innova Crysta,Toyota,Innova Crysta,7,85101.0,1,Diesel,Manual,13.68,1949.5,147.51,7,14.375126917328105,kolkata
Maruti S-Presso,Maruti,S-Presso,4,6903.0,1,Petrol,Manual,21.7,998.0,65.71,5,13.001327306361068,kolkata
Hyundai i10,Hyundai,i10,13,57602.0,2,Petrol,Manual,20.36,1197.0,78.9,5,12.269052139516223,kolkata
Porsche Panamera,Porsche,Panamera,13,52047.0,2,Diesel,Automatic,10.25,1949.5,180.02499999999998,4,14.962913328262083,kolkata
Mercedes-Benz GLE,Mercedes-Benz,GLE,9,71742.0,1,Diesel,Automatic,17.9,1949.5,180.02499999999998,5,15.123843647884687,kolkata
Volvo XC40,Volvo,XC40,3,413.0,1,Petrol,Automatic,12.18,1949.5,180.02499999999998,5,15.308414878861498,kolkata
Maruti Alto 800,Maruti,Alto 800,11,10000.0,1,Petrol,Manual,22.74,796.0,47.3,5,12.36308066783498,kolkata
Hyundai i10,Hyundai,i10,17,50000.0,1,Petrol,Manual,19.81,1086.0,68.05,5,11.849404844423074,kolkata
Maruti Baleno,Maruti,Baleno,8,18000.0,1,Petrol,Automatic,21.4,1197.0,83.1,5,13.188152990599754,kolkata
Maruti Wagon R,Maruti,Wagon R,8,32000.0,1,Petrol,Automatic,20.51,998.0,67.0,5,12.847929163278053,kolkata
Ford Ecosport,Ford,Ecosport,8,42000.0,1,Diesel,Manual,23.0,1498.0,98.96,5,13.244582780038517,kolkata
Honda City,Honda,City,12,45000.0,1,Petrol,Manual,17.4,1497.0,117.3,5,12.850557278777309,kolkata
Honda City,Honda,City,8,29000.0,1,Petrol,Automatic,18.4,1498.0,119.35,5,13.52649559761195,kolkata
Maruti Ertiga,Maruti,Ertiga,14,19675.0,2,Petrol,Manual,20.51,1462.0,101.65,7,12.962196972666593,kolkata
Hyundai i20,Hyundai,i20,5,20378.0,1,Petrol,Automatic,20.28,998.0,118.41,5,13.684263411604524,kolkata
Skoda Kushaq,Skoda,Kushaq,4,10000.0,1,Petrol,Automatic,17.2,999.0,113.98,5,14.151983508870947,kolkata
Hyundai i10,Hyundai,i10,11,33683.0,1,Petrol,Manual,19.81,1086.0,68.05,5,12.721888795877375,kolkata
Maruti S-Presso,Maruti,S-Presso,5,18518.0,1,Petrol,Manual,21.7,998.0,65.71,5,12.933621252807452,kolkata
Maruti Wagon R,Maruti,Wagon R,10,36000.0,1,Petrol,Manual,18.9,998.0,67.1,5,12.679199517372098,kolkata
Maruti Alto K10,Maruti,Alto K10,7,30791.0,2,Petrol,Manual,23.95,998.0,67.05,5,12.685410698175234,kolkata
Maruti Ertiga,Maruti,Ertiga,5,18000.0,1,Petrol,Manual,19.01,1462.0,103.26,7,13.73755009757506,kolkata
Maruti Alto 800,Maruti,Alto 800,6,14447.0,1,Petrol,Manual,22.05,796.0,47.33,5,12.75130259456002,kolkata
Hyundai Grand i10,Hyundai,Grand i10,7,19991.0,2,Petrol,Manual,18.9,1197.0,81.86,5,13.025854679664231,kolkata
Hyundai EON,Hyundai,EON,10,24000.0,1,Petrol,Manual,21.1,814.0,55.2,5,12.464587201678082,kolkata
Mahindra Bolero,Mahindra,Bolero,7,41000.0,1,Diesel,Manual,15.96,1949.5,62.1,7,13.42246945133505,kolkata
Audi Q3,Audi,Q3,11,45000.0,1,Diesel,Manual,17.32,1949.5,138.13,5,13.90626583447433,kolkata
Hyundai Alcazar,Hyundai,Alcazar,5,10177.0,1,Petrol,Automatic,14.2,1949.5,156.9,7,14.444119750719839,kolkata
Hyundai Grand i10,Hyundai,Grand i10,13,35444.0,1,Petrol,Manual,18.9,1197.0,82.0,5,12.691583538230217,kolkata
Hyundai Grand i10,Hyundai,Grand i10,9,35000.0,1,Petrol,Manual,18.9,1197.0,82.0,5,12.936036208848487,kolkata
Toyota Innova Crysta,Toyota,Innova Crysta,7,40000.0,1,Diesel,Manual,13.68,1949.5,147.8,7,14.343193888767015,kolkata
Hyundai Grand i10,Hyundai,Grand i10,10,49040.0,1,Diesel,Manual,24.0,1120.0,70.0,5,12.807655372286902,kolkata
Maruti Alto,Maruti,Alto,19,40000.0,2,Petrol,Manual,19.7,796.0,46.3,5,11.49273296168228,kolkata
Maruti Alto K10,Maruti,Alto K10,7,49546.0,1,Petrol,Manual,23.95,998.0,67.05,5,12.715900771961074,kolkata
Maruti Swift Dzire,Maruti,Swift Dzire,12,38698.0,1,Petrol,Manual,22.41,1197.0,88.5,5,12.91410843858387,kolkata
Honda City,Honda,City,8,32814.0,1,Petrol,Manual,17.4,1497.0,117.6,5,13.42246945133505,kolkata
Hyundai Xcent,Hyundai,Xcent,11,14642.0,1,Petrol,Manual,19.1,1197.0,82.0,5,12.703816069256568,kolkata
Maruti Alto 800,Maruti,Alto 800,9,33429.0,1,Petrol,Manual,24.7,796.0,47.3,5,12.53897064502647,kolkata
Hyundai Sonata,Hyundai,Sonata,14,36448.0,2,Petrol,Manual,13.44,1949.5,180.02499999999998,5,12.608202196848836,kolkata
Hyundai Grand i10 Nios,Hyundai,Grand i10 Nios,4,30739.0,1,Petrol,Manual,20.7,1197.0,81.86,5,13.340696979437066,kolkata
Hyundai i20,Hyundai,i20,5,21300.0,1,Petrol,Manual,21.0,1197.0,81.8,5,13.589865129563993,kolkata
Hyundai Grand i10 Nios,Hyundai,Grand i10 Nios,6,13463.0,1,Petrol,Manual,20.7,1197.0,81.86,5,13.334245354561496,kolkata
Maruti S-Presso,Maruti,S-Presso,7,15477.0,1,Petrol,Automatic,21.7,998.0,67.05,5,12.973863369085885,kolkata
Maruti Wagon R,Maruti,Wagon R,8,33000.0,1,Petrol,Automatic,20.51,998.0,67.0,5,12.936036208848487,kolkata
Hyundai i10,Hyundai,i10,16,50000.0,2,Petrol,Manual,20.36,1197.0,78.9,5,12.100717685412471,kolkata
Hyundai Alcazar,Hyundai,Alcazar,5,28895.0,1,Diesel,Automatic,18.1,1493.0,113.42,6,14.331324320256051,kolkata
Maruti Baleno,Maruti,Baleno,7,10000.0,1,Petrol,Manual,21.4,1197.0,83.1,5,13.3374763699232,kolkata
Volkswagen Vento,Volkswagen,Vento,11,50000.0,1,Diesel,Manual,20.34,1498.0,103.2,5,12.847929163278053,kolkata
Mahindra XUV500,Mahindra,XUV500,10,70000.0,2,Diesel,Automatic,16.0,1949.5,140.0,7,13.641158361294979,kolkata
Mercedes-Benz C-Class,Mercedes-Benz,C-Class,6,24600.0,1,Diesel,Automatic,12.6,1949.5,180.02499999999998,5,15.068273812173887,kolkata
Mahindra Thar,Mahindra,Thar,3,10711.0,1,Diesel,Manual,15.2,1949.5,130.0,4,14.253766134056512,kolkata
Maruti Ertiga,Maruti,Ertiga,8,90000.0,1,Petrol,Manual,17.5,1373.0,91.1,7,13.304686600863562,kolkata
Hyundai Venue,Hyundai,Venue,6,19712.0,1,Petrol,Manual,18.27,998.0,118.35,5,13.673948145715556,kolkata
Honda City,Honda,City,7,31772.0,1,Petrol,Automatic,18.0,1497.0,117.6,5,13.728863841750549,kolkata
Ambassador,Ambassador,,13,150000.0,1,Diesel,Manual,12.8,1949.5,52.0,5,11.51293546492023,kolkata
Hyundai Verna,Hyundai,Verna,7,31055.0,1,Petrol,Manual,17.0,1591.0,121.3,5,13.672795409164552,kolkata
Renault Duster,Renault,Duster,5,25695.0,1,Petrol,Manual,16.42,1498.0,104.55,5,13.62556118319494,kolkata
Maruti S-Presso,Maruti,S-Presso,5,20000.0,1,Petrol,Manual,21.7,998.0,65.71,5,12.948012371209098,kolkata
Mahindra XUV300,Mahindra,XUV300,7,24181.0,1,Diesel,Manual,20.0,1497.0,115.0,5,13.755761615129062,kolkata
Kia Seltos,Kia,Seltos,6,70000.0,1,Diesel,Automatic,18.0,1493.0,113.43,5,14.077875591662238,kolkata
Renault Duster,Renault,Duster,6,42970.0,1,Petrol,Manual,16.42,1498.0,104.55,5,13.597354548161103,kolkata
Maruti Alto,Maruti,Alto,14,12541.0,2,Petrol,Manual,19.7,796.0,46.3,5,12.095146671399466,kolkata
Hyundai i20,Hyundai,i20,7,10000.0,1,Petrol,Manual,18.6,1197.0,81.86,5,13.217675375388819,kolkata
Hyundai Grand i10 Nios,Hyundai,Grand i10 Nios,5,10000.0,2,Petrol,Manual,20.7,1197.0,81.86,5,13.384729180332174,kolkata
Honda City,Honda,City,11,49817.0,1,Petrol,Manual,16.8,1497.0,116.3,5,13.014780393893403,kolkata
Hyundai Grand i10 Nios,Hyundai,Grand i10 Nios,5,10000.0,2,Petrol,Manual,20.7,1197.0,81.86,5,13.384729180332174,kolkata
Renault KWID,Renault,KWID,10,30000.0,2,Petrol,Manual,23.01,999.0,67.0,5,12.429220196836383,kolkata
Tata Nexon,Tata,Nexon,4,10000.0,2,Petrol,Manual,17.33,1199.0,118.35,5,13.61827960646062,kolkata
Hyundai Grand i10,Hyundai,Grand i10,13,20000.0,1,Diesel,Manual,24.0,1120.0,70.0,5,12.611541086966115,kolkata
Maruti XL6,Maruti,XL6,5,10000.0,2,Petrol,Manual,19.01,1462.0,103.2,6,13.76421831620775,kolkata
Mahindra XUV500,Mahindra,XUV500,11,80000.0,2,Diesel,Manual,16.0,1949.5,140.0,7,13.45883704259595,kolkata
Hyundai Xcent,Hyundai,Xcent,12,70000.0,2,Diesel,Manual,24.4,1120.0,71.01,5,12.54254845357358,kolkata
Maruti Swift,Maruti,Swift,6,6347.0,1,Petrol,Manual,21.21,1197.0,81.8,5,13.404531777462488,kolkata
Maruti Ignis,Maruti,Ignis,7,19437.0,2,Petrol,Automatic,20.89,1197.0,81.8,5,13.233906541044401,kolkata
Maruti Swift,Maruti,Swift,7,61262.0,1,Diesel,Manual,28.25,1248.0,74.0,5,13.122365377402328,kolkata
Tata Nexon,Tata,Nexon,5,6059.0,1,Petrol,Manual,17.33,1199.0,118.35,5,13.747232787874218,kolkata
Tata Altroz,Tata,Altroz,4,9134.0,1,Diesel,Manual,23.64,1497.0,88.77,5,13.725586944527592,kolkata
Maruti Baleno,Maruti,Baleno,4,23092.0,1,Petrol,Manual,21.4,1197.0,83.1,5,13.641158361294979,kolkata
Tata Altroz,Tata,Altroz,6,33937.0,1,Diesel,Manual,23.64,1497.0,88.77,5,13.435714658591923,kolkata
Maruti Ciaz,Maruti,Ciaz,11,20000.0,1,Petrol,Manual,20.73,1373.0,91.1,5,13.169248871698304,kolkata
Toyota Etios Liva,Toyota,Etios Liva,9,49134.0,1,Petrol,Manual,17.71,1197.0,78.9,5,12.999067423500716,kolkata
Maruti Ritz,Maruti,Ritz,16,71900.0,2,Petrol,Manual,21.1,1197.0,85.8,5,12.165255859329688,kolkata
Maruti Wagon R,Maruti,Wagon R,6,20000.0,1,Petrol,Manual,21.79,998.0,67.05,5,13.270785106659046,kolkata
BMW 5 Series,BMW,5 Series,7,20000.0,1,Diesel,Automatic,18.12,1949.5,180.02499999999998,5,15.150511887854474,kolkata
Honda Amaze,Honda,Amaze,5,10000.0,1,Petrol,Automatic,18.3,1199.0,88.76,5,13.627975434117433,kolkata
Ford Endeavour,Ford,Endeavour,9,22336.0,1,Diesel,Automatic,10.91,1949.5,180.02499999999998,7,14.789693145755079,kolkata
BMW X1,BMW,X1,10,30000.0,1,Diesel,Automatic,20.68,1949.5,180.02499999999998,5,14.48334044336031,kolkata
Hyundai i20,Hyundai,i20,7,10000.0,2,Petrol,Manual,18.6,1197.0,81.86,5,13.304686600863562,kolkata
Honda City,Honda,City,7,48384.0,1,Petrol,Manual,17.4,1497.0,117.6,5,13.560619598657233,kolkata
MG Hector,MG,Hector,7,32000.0,1,Petrol,Automatic,13.96,1451.0,141.0,5,14.126665719201661,kolkata
Skoda Rapid,Skoda,Rapid,6,20000.0,1,Petrol,Manual,14.3,1598.0,103.2,5,13.652992804936396,kolkata
Toyota Etios,Toyota,Etios,11,56023.0,1,Petrol,Manual,16.78,1496.0,88.73,5,12.983101310070822,kolkata
Hyundai Elantra,Hyundai,Elantra,7,60840.0,2,Diesel,Manual,22.54,1582.0,126.2,5,13.770514238058096,kolkata
Nissan Micra,Nissan,Micra,9,18984.0,1,Petrol,Automatic,19.34,1198.0,75.94,5,12.973863369085885,kolkata
Maruti Ertiga,Maruti,Ertiga,12,50000.0,1,Petrol,Manual,16.02,1373.0,93.7,7,13.26212705890841,kolkata
Tata Zest,Tata,Zest,9,115173.0,1,Diesel,Manual,22.95,1248.0,74.0,5,12.976183182038383,kolkata
Maruti Alto K10,Maruti,Alto K10,12,26251.0,1,Petrol,Manual,20.92,998.0,67.1,5,12.449018824140563,kolkata
Mercedes-Benz GLA Class,Mercedes-Benz,GLA Class,11,35700.0,2,Diesel,Automatic,17.9,1949.5,136.0,5,14.331324320256051,kolkata
Maruti S-Presso,Maruti,S-Presso,5,6230.0,2,Petrol,Automatic,21.7,998.0,67.05,5,13.079457964073546,kolkata
Tata Nexon,Tata,Nexon,6,30000.0,1,Petrol,Manual,17.33,1199.0,118.35,5,13.545014620881725,kolkata
Honda Amaze,Honda,Amaze,4,25228.0,1,Petrol,Automatic,18.3,1199.0,88.5,5,13.648275820620759,kolkata
Hyundai Creta,Hyundai,Creta,7,46717.0,1,Petrol,Manual,15.8,1591.0,121.3,5,13.81451105863119,kolkata
Hyundai i10,Hyundai,i10,13,20000.0,1,Petrol,Manual,20.36,1197.0,78.9,5,12.54254845357358,kolkata
Maruti Ertiga,Maruti,Ertiga,8,120000.0,1,Petrol,Automatic,18.69,1462.0,103.0,7,13.560619598657233,kolkata
Skoda Rapid,Skoda,Rapid,12,65000.0,1,Diesel,Manual,20.5,1598.0,105.0,5,12.765691290604371,kolkata
Honda Amaze,Honda,Amaze,8,91000.0,1,Petrol,Manual,19.5,1199.0,88.76,5,13.005831808336863,kolkata
Hyundai i20 Active,Hyundai,i20 Active,9,45000.0,1,Petrol,Manual,17.19,1197.0,81.86,5,13.122365377402328,kolkata
Mercedes-Benz AMG GT,Mercedes-Benz,AMG GT,10,30000.0,1,Petrol,Automatic,12.65,1949.5,180.02499999999998,2,16.860033043306743,kolkata
Maruti Ciaz,Maruti,Ciaz,7,30000.0,1,Petrol,Manual,21.56,1462.0,103.25,5,13.623139877437296,kolkata
Maruti Baleno,Maruti,Baleno,9,60000.0,1,Petrol,Manual,21.4,1197.0,83.1,5,13.142166004700508,kolkata
Toyota Etios,Toyota,Etios,12,56000.0,1,Petrol,Manual,16.78,1496.0,88.73,5,12.691583538230217,kolkata
Hyundai Verna,Hyundai,Verna,10,54419.0,1,Petrol,Manual,17.01,1591.0,121.3,5,13.122365377402328,kolkata
Renault Triber,Renault,Triber,6,22746.0,1,Petrol,Automatic,18.2,999.0,71.01,7,13.369225017834633,kolkata
Maruti Alto 800,Maruti,Alto 800,6,5385.0,1,Petrol,Manual,22.05,796.0,47.33,5,12.718899265966332,kolkata
Audi A6,Audi,A6,12,40375.0,1,Diesel,Automatic,17.68,1949.5,174.33,5,14.038654909278163,kolkata
Hyundai i20,Hyundai,i20,6,10837.0,1,Petrol,Automatic,20.28,998.0,118.36,5,13.559328444560693,kolkata
Maruti Alto 800,Maruti,Alto 800,6,4521.0,1,Petrol,Manual,22.05,796.0,47.33,5,12.694655727828803,kolkata
BMW 3 Series,BMW,3 Series,7,25990.0,2,Diesel,Automatic,22.69,1949.5,180.02499999999998,5,14.690979711984754,kolkata
Maruti Swift Dzire,Maruti,Swift Dzire,5,6805.0,1,Petrol,Manual,22.41,1197.0,88.5,5,13.359805810705184,kolkata
Mercedes-Benz C-Class,Mercedes-Benz,C-Class,15,47000.0,1,Diesel,Automatic,14.94,1949.5,180.02499999999998,5,13.623139877437296,kolkata
Maruti S-Presso,Maruti,S-Presso,5,23733.0,1,Petrol,Automatic,21.7,998.0,67.05,5,13.034626646500051,kolkata
Maruti S-Presso,Maruti,S-Presso,5,9473.0,1,Petrol,Manual,21.7,998.0,65.71,5,12.933621252807452,kolkata
Renault Duster,Renault,Duster,13,150000.0,1,Diesel,Manual,19.01,1461.0,108.45,5,12.644330802262578,kolkata
Hyundai Xcent,Hyundai,Xcent,11,70000.0,2,Petrol,Automatic,16.9,1197.0,82.0,5,13.017005083966255,kolkata
Volvo XC60,Volvo,XC60,7,38200.0,2,Diesel,Automatic,11.2,1949.5,180.02499999999998,5,15.318476448357243,kolkata
Mahindra Alturas G4,Mahindra,Alturas G4,6,76187.0,1,Diesel,Automatic,12.05,1949.5,178.49,7,14.521080752349816,kolkata
BMW X3,BMW,X3,10,40000.0,1,Diesel,Automatic,16.55,1949.5,180.02499999999998,5,14.715672314412528,kolkata
Honda New Accord,Honda,New Accord,18,89398.0,3,Petrol,Automatic,11.7,1949.5,177.6,5,13.122365377402328,kolkata
Hyundai Verna,Hyundai,Verna,8,50000.0,1,Petrol,Manual,17.0,1591.0,121.3,5,13.710151153416941,kolkata
Toyota Camry,Toyota,Camry,12,70000.0,3,Petrol,Automatic,19.16,1949.5,158.2,5,13.997832948091215,kolkata
Mahindra TUV 300,Mahindra,TUV 300,9,37000.0,1,Diesel,Manual,18.49,1493.0,100.0,7,12.899222326086994,kolkata
Ford Figo,Ford,Figo,15,42000.0,2,Petrol,Manual,15.6,1196.0,70.02,5,11.91170829631447,kolkata
Maruti Alto K10,Maruti,Alto K10,10,19392.0,1,Petrol,Automatic,23.95,998.0,67.05,5,12.688501881189456,kolkata
Maruti Alto 800,Maruti,Alto 800,5,9522.0,1,Petrol,Manual,22.05,796.0,47.33,5,12.782688818818986,kolkata
Honda Amaze,Honda,Amaze,12,28880.0,1,Petrol,Manual,18.0,1198.0,86.7,5,12.59473402514672,kolkata
Chevrolet Beat,Chevrolet,Beat,10,19003.0,1,Petrol,Manual,18.6,1199.0,76.8,5,12.345834587905333,kolkata
Maruti Alto 800,Maruti,Alto 800,10,28329.0,1,Petrol,Manual,22.74,796.0,47.3,5,12.498745990829315,kolkata
Hyundai i20,Hyundai,i20,4,9326.0,1,Petrol,Manual,21.0,1197.0,81.8,5,13.444448325847754,kolkata
Maruti Swift,Maruti,Swift,6,47584.0,1,Petrol,Manual,21.21,1197.0,81.8,5,13.215855541983634,kolkata
Kia Seltos,Kia,Seltos,4,10000.0,2,Petrol,Manual,16.5,1353.0,138.08,5,14.285514812209815,kolkata
Hyundai Grand i10,Hyundai,Grand i10,7,24021.0,1,Petrol,Manual,18.9,1197.0,81.86,5,13.096021455450709,kolkata
Maruti Alto K10,Maruti,Alto K10,7,44094.0,2,Petrol,Manual,23.95,998.0,67.05,5,12.618185607609803,kolkata
Jeep Compass,Jeep,Compass,6,45107.0,1,Diesel,Automatic,17.1,1949.5,173.0,5,14.375126917328105,kolkata
Maruti Swift Dzire,Maruti,Swift Dzire,11,9470.0,1,Petrol,Automatic,18.5,1197.0,83.14,5,12.959846800844963,kolkata
Toyota Innova,Toyota,Innova,19,125000.0,1,Diesel,Manual,12.99,1949.5,100.6,8,12.556733038263905,kolkata
Maruti S-Presso,Maruti,S-Presso,5,7000.0,1,Petrol,Manual,21.7,998.0,65.71,5,12.971542813248437,kolkata
Maruti Baleno,Maruti,Baleno,8,73000.0,1,Diesel,Manual,27.39,1248.0,74.0,5,13.005831808336863,kolkata
Maruti Brezza,Maruti,Brezza,4,11000.0,1,Petrol,Manual,19.89,1462.0,101.65,5,13.99699926803766,kolkata
Hyundai i10,Hyundai,i10,16,30000.0,1,Petrol,Manual,20.36,1197.0,78.9,5,12.04355959836804,kolkata
Nissan Terrano,Nissan,Terrano,13,35500.0,1,Diesel,Manual,20.45,1461.0,83.8,5,12.765691290604371,kolkata
Maruti Swift,Maruti,Swift,7,10000.0,1,Petrol,Automatic,22.0,1197.0,81.8,5,13.171155446333852,kolkata
Hyundai Grand i10,Hyundai,Grand i10,9,43000.0,2,Diesel,Manual,24.0,1186.0,73.97,5,12.861001210669146,kolkata
Maruti Wagon R,Maruti,Wagon R,5,34144.0,1,Cng,Manual,28.25,998.0,58.33,5,13.118357364036902,kolkata
Hyundai Grand i10 Nios,Hyundai,Grand i10 Nios,5,6669.0,1,Petrol,Manual,20.7,1197.0,81.86,5,13.345508528717259,kolkata
Hyundai Grand i10,Hyundai,Grand i10,7,22618.0,1,Petrol,Manual,18.9,1197.0,81.86,5,13.11029282045951,kolkata
Maruti Wagon R,Maruti,Wagon R,7,27042.0,1,Cng,Manual,28.25,998.0,58.33,5,13.043322334563697,kolkata
Hyundai Creta,Hyundai,Creta,10,38224.0,1,Petrol,Manual,13.0,1591.0,121.3,5,13.47302165746721,kolkata
Honda City,Honda,City,8,23379.0,1,Petrol,Automatic,18.0,1497.0,117.6,5,13.697853639354802,kolkata
Mercedes-Benz CLA,Mercedes-Benz,CLA,8,47000.0,1,Diesel,Automatic,17.9,1949.5,136.0,5,14.556972075219997,kolkata
Maruti Alto 800,Maruti,Alto 800,7,21388.0,1,Petrol,Manual,22.05,796.0,47.33,5,12.624786269856633,kolkata
Maruti Wagon R,Maruti,Wagon R,11,23005.0,1,Petrol,Manual,18.9,998.0,67.1,5,12.637858308703688,kolkata
Hyundai Elantra,Hyundai,Elantra,5,7308.0,1,Petrol,Automatic,14.62,1949.5,150.19,5,14.253766134056512,kolkata
BMW 3 Series,BMW,3 Series,18,90000.0,1,Diesel,Automatic,13.2,1949.5,170.0,5,13.122365377402328,kolkata
Chevrolet Beat,Chevrolet,Beat,13,60000.0,1,Petrol,Manual,18.6,1199.0,79.4,5,11.918397239722838,kolkata
Volkswagen Polo,Volkswagen,Polo,10,60000.0,1,Petrol,Manual,16.2,1199.0,74.0,5,12.886643575525625,kolkata
Kia Seltos,Kia,Seltos,6,36674.0,1,Petrol,Automatic,16.5,1353.0,138.08,5,14.151983508870947,kolkata
Maruti Wagon R,Maruti,Wagon R,7,20000.0,1,Petrol,Automatic,21.79,998.0,67.05,5,13.017005083966255,kolkata
Maruti Swift Dzire,Maruti,Swift Dzire,8,17153.0,1,Petrol,Manual,19.0,1197.0,85.8,5,13.112315061750808,kolkata
Mahindra XUV500,Mahindra,XUV500,8,39000.0,1,Diesel,Manual,16.0,1949.5,140.0,7,13.890618958094434,kolkata
Maruti Wagon R,Maruti,Wagon R,6,32165.0,1,Petrol,Manual,21.79,998.0,67.05,5,13.038981768465277,kolkata
Skoda Rapid,Skoda,Rapid,8,27447.0,1,Petrol,Manual,15.41,1598.0,103.2,5,13.235693848424024,kolkata
Maruti Alto 800,Maruti,Alto 800,11,26305.0,1,Petrol,Manual,22.74,796.0,47.3,5,12.464587201678082,kolkata
Maruti Alto,Maruti,Alto,18,20000.0,1,Petrol,Manual,19.7,796.0,46.3,5,11.775297421715827,kolkata
Datsun RediGO,Datsun,RediGO,8,17024.0,2,Petrol,Manual,22.7,799.0,53.64,5,12.513561021741964,kolkata
Honda City,Honda,City,6,9243.0,1,Petrol,Automatic,18.3,1498.0,119.35,5,13.797347605666022,kolkata
Skoda Rapid,Skoda,Rapid,9,100000.0,1,Petrol,Manual,15.41,1598.0,103.2,5,12.959846800844963,kolkata
Datsun GO,Datsun,GO,9,19280.0,1,Petrol,Manual,20.63,1198.0,67.0,5,12.601490784782536,kolkata
Hyundai Venue,Hyundai,Venue,7,10000.0,1,Petrol,Manual,18.27,998.0,118.35,5,13.527829818844937,kolkata
Maruti Swift Dzire,Maruti,Swift Dzire,5,9646.0,1,Petrol,Manual,22.41,1197.0,88.5,5,13.396961730063138,kolkata
Maruti SX4 S Cross,Maruti,SX4 S Cross,6,11344.0,1,Petrol,Manual,18.55,1462.0,103.25,5,13.527829818844937,kolkata
BMW 3 Series,BMW,3 Series,5,17899.0,1,Petrol,Automatic,16.13,1949.5,180.02499999999998,5,15.341567078850604,kolkata
Renault KWID,Renault,KWID,5,6000.0,0,Petrol,Manual,23.01,999.0,67.0,5,13.014780393893403,kolkata
Chevrolet Beat,Chevrolet,Beat,16,80000.0,1,Petrol,Manual,18.6,1199.0,79.4,5,11.918397239722838,kolkata
Tata Indica,Tata,Indica,20,50000.0,1,Diesel,Manual,17.88,1396.0,52.8,5,11.509961075506213,kolkata
Hyundai i20,Hyundai,i20,12,35000.0,2,Diesel,Manual,22.54,1396.0,88.73,5,13.017005083966255,kolkata
Maruti Ertiga,Maruti,Ertiga,11,31244.0,2,Petrol,Manual,17.5,1373.0,91.1,7,13.244582780038517,kolkata
Hyundai Grand i10,Hyundai,Grand i10,9,40000.0,1,Petrol,Manual,18.9,1197.0,82.0,5,12.92391243868049,kolkata
Chevrolet Beat,Chevrolet,Beat,14,30000.0,2,Petrol,Manual,18.6,1199.0,79.4,5,12.04355959836804,kolkata
Tata Indigo,Tata,Indigo,14,60000.0,1,Diesel,Manual,23.03,1396.0,69.0,5,12.08954444723597,kolkata
BMW 5 Series,BMW,5 Series,16,70000.0,1,Diesel,Automatic,16.73,1949.5,180.02499999999998,5,13.704578997256993,kolkata
Hyundai EON,Hyundai,EON,11,65440.0,1,Petrol,Manual,21.1,814.0,55.2,5,12.384223015005313,kolkata
Tata Altroz,Tata,Altroz,5,35884.0,1,Petrol,Manual,19.33,1199.0,86.83,5,13.387801374649944,kolkata
Toyota Corolla Altis,Toyota,Corolla Altis,11,77500.0,1,Petrol,Manual,14.28,1798.0,138.03,5,13.217675375388819,kolkata
Toyota Corolla Altis,Toyota,Corolla Altis,11,59729.0,1,Petrol,Manual,14.28,1798.0,138.03,5,13.303018546545275,kolkata
Maruti Alto 800,Maruti,Alto 800,12,64854.0,1,Petrol,Manual,22.74,796.0,47.3,5,12.201065128819632,kolkata
Maruti Swift Dzire,Maruti,Swift Dzire,8,29836.0,2,Petrol,Manual,22.0,1197.0,81.8,5,13.26212705890841,kolkata
Ford Aspire,Ford,Aspire,9,74094.0,1,Diesel,Manual,25.83,1498.0,99.0,5,13.005831808336863,kolkata
Maruti Swift,Maruti,Swift,5,11590.0,1,Petrol,Manual,22.38,1197.0,88.5,5,13.3374763699232,kolkata
Honda Jazz,Honda,Jazz,5,9461.0,1,Petrol,Manual,17.1,1199.0,88.5,5,13.467371932904971,kolkata
Renault Scala,Renault,Scala,12,59006.0,3,Diesel,Manual,21.64,1461.0,84.8,5,12.80216086806413,kolkata
Toyota Innova Crysta,Toyota,Innova Crysta,4,10000.0,1,Diesel,Manual,12.0,1949.5,148.0,7,14.690979711984754,kolkata
Maruti Swift Dzire,Maruti,Swift Dzire,9,150000.0,2,Diesel,Manual,26.59,1248.0,74.0,5,13.106236027992704,kolkata
Honda Amaze,Honda,Amaze,10,40000.0,3,Petrol,Manual,17.8,1198.0,86.7,5,12.793862088206213,kolkata
Maruti Swift Dzire,Maruti,Swift Dzire,17,80000.0,2,Diesel,Manual,19.3,1248.0,73.9,5,12.54254845357358,kolkata
Toyota Fortuner,Toyota,Fortuner,10,90000.0,1,Diesel,Automatic,12.55,1949.5,168.5,7,14.310206799800381,kolkata
Land Rover Freelander 2,Land,Rover Freelander 2,14,80000.0,2,Diesel,Automatic,12.35,1949.5,180.02499999999998,5,13.76421831620775,kolkata
Toyota Fortuner,Toyota,Fortuner,12,73000.0,2,Diesel,Manual,12.55,1949.5,168.5,7,14.07710606547538,kolkata
Maruti Wagon R,Maruti,Wagon R,16,150000.0,1,Petrol,Manual,18.9,998.0,67.1,5,12.429220196836383,kolkata
Mercedes-Benz E-Class,Mercedes-Benz,E-Class,8,33600.0,1,Diesel,Automatic,18.0,1949.5,180.02499999999998,5,15.18922639004183,kolkata
Honda Jazz,Honda,Jazz,10,82286.0,1,Petrol,Manual,18.7,1199.0,88.7,5,12.829336379587506,kolkata
Toyota Innova Crysta,Toyota,Innova Crysta,5,29841.0,1,Diesel,Manual,12.0,1949.5,148.0,8,14.603968372873895,kolkata
Maruti Celerio,Maruti,Celerio,4,10518.0,1,Petrol,Manual,25.24,998.0,65.71,5,13.155800087724673,kolkata
Maruti Celerio,Maruti,Celerio,6,6204.0,1,Petrol,Manual,23.1,998.0,67.04,5,13.030248088496522,kolkata
Mahindra Marazzo,Mahindra,Marazzo,6,20000.0,1,Diesel,Manual,17.3,1497.0,120.96,8,14.038654909278163,kolkata
Hyundai i20,Hyundai,i20,13,23696.0,1,Petrol,Manual,18.5,1197.0,82.85,5,12.647551406590285,kolkata
Toyota Innova,Toyota,Innova,10,112000.0,1,Diesel,Manual,12.99,1949.5,100.6,8,13.76421831620775,kolkata
Maruti Alto 800,Maruti,Alto 800,6,7569.0,1,Petrol,Manual,22.05,796.0,47.33,5,12.628070334272698,kolkata
Maruti Swift,Maruti,Swift,7,18800.0,1,Petrol,Automatic,21.21,1197.0,81.8,5,13.275944180597024,kolkata
Renault KWID,Renault,KWID,8,32147.0,1,Petrol,Automatic,24.04,999.0,67.0,5,12.429220196836383,kolkata
Ford Ecosport,Ford,Ecosport,10,27000.0,1,Petrol,Manual,17.0,1497.0,121.36,5,12.971542813248437,kolkata
Chevrolet Beat,Chevrolet,Beat,16,35100.0,1,Petrol,Manual,18.6,1199.0,79.4,5,11.918397239722838,kolkata
Tata Nexon,Tata,Nexon,4,20000.0,1,Petrol,Manual,17.33,1199.0,118.35,5,13.384729180332174,kolkata
Hyundai Grand i10,Hyundai,Grand i10,12,31458.0,1,Petrol,Manual,18.9,1197.0,82.0,5,12.706850963741102,kolkata
Audi A4,Audi,A4,11,12000.0,1,Petrol,Automatic,15.64,1798.0,167.62,5,14.22030944419592,kolkata
Honda Amaze,Honda,Amaze,5,10000.0,1,Petrol,Manual,18.6,1199.0,88.76,5,13.42246945133505,kolkata
Maruti Vitara Brezza,Maruti,Vitara Brezza,8,32000.0,1,Diesel,Automatic,24.3,1248.0,88.5,5,13.560619598657233,kolkata
Maruti Swift,Maruti,Swift,14,37659.0,1,Diesel,Manual,22.9,1248.0,74.0,5,12.54254845357358,kolkata
Maruti Swift Dzire,Maruti,Swift Dzire,6,31479.0,1,Petrol,Automatic,22.61,1197.0,88.5,5,13.28448392755959,kolkata
Maruti Alto 800,Maruti,Alto 800,7,10998.0,1,Petrol,Manual,22.05,796.0,47.33,5,12.703816069256568,kolkata
Renault KWID,Renault,KWID,5,10000.0,1,Petrol,Automatic,22.0,999.0,67.0,5,13.038981768465277,kolkata
Maruti Wagon R,Maruti,Wagon R,5,27370.0,1,Cng,Manual,28.25,998.0,58.33,5,13.079457964073546,kolkata
Maruti Swift,Maruti,Swift,10,39714.0,1,Petrol,Manual,20.4,1197.0,81.8,5,12.847929163278053,kolkata
Hyundai EON,Hyundai,EON,11,34000.0,1,Petrol,Manual,21.1,814.0,55.2,5,12.367345048436391,kolkata
Hyundai i10,Hyundai,i10,11,41469.0,2,Petrol,Manual,20.36,1197.0,78.9,5,12.6410997921206,kolkata
Maruti Baleno,Maruti,Baleno,7,6033.0,1,Petrol,Manual,21.4,1197.0,83.1,5,13.415034483903348,kolkata
Maruti Alto 800,Maruti,Alto 800,9,28036.0,1,Petrol,Manual,24.7,796.0,47.3,5,12.502470376049185,kolkata
Maruti Alto 800,Maruti,Alto 800,12,19631.0,1,Petrol,Manual,22.74,796.0,47.3,5,12.421188057397055,kolkata
Mahindra KUV 100,Mahindra,KUV 100,10,70000.0,1,Diesel,Manual,25.32,1198.0,77.0,6,12.611541086966115,kolkata
Honda City,Honda,City,11,50000.0,1,Petrol,Manual,17.8,1497.0,117.3,5,13.038981768465277,kolkata
Mahindra XUV500,Mahindra,XUV500,6,33197.0,1,Diesel,Manual,15.1,1949.5,152.87,7,13.887832149776026,kolkata
Maruti Baleno,Maruti,Baleno,8,29000.0,1,Petrol,Manual,21.4,1197.0,83.1,5,13.25339339419516,kolkata
Tata Nexon,Tata,Nexon,5,60000.0,1,Petrol,Automatic,16.35,1199.0,118.36,5,13.790193775620484,kolkata
Maruti Wagon R,Maruti,Wagon R,8,48000.0,1,Petrol,Manual,20.51,998.0,67.04,5,12.706850963741102,kolkata
Hyundai EON,Hyundai,EON,13,10000.0,1,Petrol,Manual,21.1,814.0,55.2,5,12.301387370778713,kolkata
Maruti Swift,Maruti,Swift,8,41000.0,1,Petrol,Manual,22.0,1197.0,81.8,5,13.112315061750808,kolkata
Mahindra Scorpio,Mahindra,Scorpio,9,79955.0,2,Diesel,Manual,15.4,1949.5,120.0,9,13.698977865303197,kolkata
Mercedes-Benz C-Class,Mercedes-Benz,C-Class,6,25910.0,1,Diesel,Automatic,19.27,1949.5,170.0,5,15.068273812173887,kolkata
Hyundai EON,Hyundai,EON,8,44446.0,2,Petrol,Manual,21.1,814.0,55.2,5,12.53897064502647,kolkata
Tata Tiago,Tata,Tiago,8,30658.0,1,Diesel,Manual,27.28,1047.0,69.0,5,12.95749109270188,kolkata
Honda City,Honda,City,9,44000.0,1,Petrol,Manual,17.8,1497.0,117.3,5,13.296318365198623,kolkata
Tata Tiago,Tata,Tiago,9,55073.0,1,Petrol,Manual,23.84,1199.0,84.0,5,12.77138929548529,kolkata
Toyota Corolla Altis,Toyota,Corolla Altis,14,43886.0,1,Petrol,Automatic,14.53,1794.0,138.1,5,13.083622549087899,kolkata
Mahindra Marazzo,Mahindra,Marazzo,4,20000.0,1,Diesel,Manual,17.3,1497.0,120.96,8,13.901689171636098,kolkata
Honda City,Honda,City,10,118569.0,2,Petrol,Manual,17.8,1497.0,117.3,5,13.047639831208393,kolkata
Volkswagen Vento,Volkswagen,Vento,12,30000.0,1,Diesel,Manual,20.34,1498.0,103.2,5,12.73670383776449,kolkata
Maruti Alto 800,Maruti,Alto 800,7,18060.0,1,Petrol,Manual,24.7,796.0,47.3,5,12.77138929548529,kolkata
Honda Amaze,Honda,Amaze,12,94042.0,1,Petrol,Manual,18.0,1198.0,86.7,5,12.672949516558306,kolkata
Mahindra Scorpio,Mahindra,Scorpio,9,90438.0,1,Diesel,Manual,15.4,1949.5,120.0,8,13.887832149776026,kolkata
Maruti Wagon R,Maruti,Wagon R,17,120000.0,2,Petrol,Manual,18.9,998.0,67.1,5,11.849404844423074,kolkata
Hyundai Santro Xing,Hyundai,Santro Xing,17,80000.0,1,Petrol,Manual,17.92,1086.0,62.1,5,11.736077016252437,kolkata
Jeep Compass,Jeep,Compass,8,50000.0,1,Diesel,Manual,17.1,1949.5,170.63,5,13.997832948091215,kolkata
Maruti Ritz,Maruti,Ritz,16,60000.0,3,Petrol,Manual,18.5,1197.0,85.8,5,11.982935344196433,kolkata
MG Hector,MG,Hector,6,30000.0,2,Petrol,Automatic,13.96,1451.0,141.0,5,14.22030944419592,kolkata
Kia Sonet,Kia,Sonet,5,152115.125,1,Petrol,Manual,18.2,998.0,118.36,5,13.790193775620484,kolkata
Hyundai Creta,Hyundai,Creta,8,55000.0,1,Diesel,Manual,19.67,1582.0,126.2,5,13.81451105863119,kolkata
Mercedes-Benz C-Class,Mercedes-Benz,C-Class,9,30000.0,1,Diesel,Automatic,19.27,1949.5,170.0,5,14.731801689838349,kolkata
Hyundai i10,Hyundai,i10,16,104900.0,1,Petrol,Manual,20.36,1197.0,78.9,5,12.185875040240456,kolkata
Toyota Yaris,Toyota,Yaris,8,24092.0,2,Petrol,Manual,17.1,1496.0,105.5,5,13.434251602680698,kolkata
Maruti Swift Dzire,Maruti,Swift Dzire,9,90000.0,2,Diesel,Manual,26.59,1248.0,74.0,5,13.122365377402328,kolkata
Tata Altroz,Tata,Altroz,6,28519.0,1,Petrol,Manual,19.33,1199.0,86.83,5,13.38318953651709,kolkata
Honda Jazz,Honda,Jazz,10,88785.0,1,Petrol,Manual,18.7,1199.0,88.7,5,12.863595239117187,kolkata
Volkswagen Polo,Volkswagen,Polo,11,90000.0,2,Petrol,Manual,16.2,1199.0,74.0,5,12.611541086966115,kolkata
Tata Hexa,Tata,Hexa,7,79755.0,1,Diesel,Manual,17.6,1949.5,153.86,7,13.6967281480998,kolkata
Hyundai i20,Hyundai,i20,9,80000.0,2,Petrol,Manual,18.6,1197.0,81.83,5,13.235693848424024,kolkata
Mahindra KUV 100 NXT,Mahindra,KUV 100 NXT,9,68832.0,2,Petrol,Manual,18.15,1198.0,82.0,5,12.985399815906522,kolkata
Jeep Compass,Jeep,Compass,9,70857.0,2,Diesel,Manual,16.3,1949.5,170.0,5,13.847010194015423,kolkata
Honda City,Honda,City,16,50000.0,3,Petrol,Manual,17.0,1497.0,180.02499999999998,5,12.506180941677357,kolkata
Maruti Ciaz,Maruti,Ciaz,11,80000.0,1,Diesel,Manual,26.21,1248.0,88.5,5,13.07107218827772,kolkata
Maruti Ritz,Maruti,Ritz,16,110000.0,2,Diesel,Manual,21.1,1248.0,73.9,5,11.849404844423074,kolkata
Maruti Wagon R,Maruti,Wagon R,13,60000.0,1,Petrol,Manual,20.51,998.0,67.04,5,12.676079399771027,kolkata
Hyundai Grand i10,Hyundai,Grand i10,12,70000.0,2,Petrol,Manual,18.9,1197.0,82.0,5,12.73670383776449,kolkata
Maruti Swift Dzire,Maruti,Swift Dzire,15,100000.0,2,Petrol,Manual,17.5,1298.0,85.8,5,12.429220196836383,kolkata
Hyundai Xcent,Hyundai,Xcent,12,38000.0,1,Petrol,Manual,19.1,1197.0,82.0,5,12.691583538230217,kolkata
Hyundai i20,Hyundai,i20,13,60000.0,5,Petrol,Manual,18.5,1197.0,82.85,5,12.468440756144114,kolkata
Toyota Innova,Toyota,Innova,12,55000.0,2,Diesel,Manual,12.99,1949.5,100.6,8,13.591117476312084,kolkata
Hyundai Xcent,Hyundai,Xcent,11,60000.0,1,Petrol,Manual,19.1,1197.0,82.0,5,12.899222326086994,kolkata
Hyundai Venue,Hyundai,Venue,4,4034.0,1,Petrol,Manual,18.27,998.0,118.35,5,13.770514238058096,kolkata
Chevrolet Beat,Chevrolet,Beat,12,28614.0,2,Diesel,Manual,25.44,936.0,56.3,5,12.25486757159303,kolkata
Maruti Wagon R,Maruti,Wagon R,16,60000.0,1,Petrol,Manual,18.9,998.0,67.1,5,12.388398368982115,kolkata
Maruti Alto 800,Maruti,Alto 800,11,34895.0,1,Petrol,Manual,22.74,796.0,47.3,5,12.384223015005313,kolkata
Maruti Baleno,Maruti,Baleno,5,5891.0,1,Petrol,Automatic,19.56,1197.0,81.8,5,13.66585094484938,kolkata
Mercedes-Benz E-Class,Mercedes-Benz,E-Class,9,28204.0,2,Petrol,Automatic,12.0,1949.5,180.02499999999998,5,15.068273812173887,kolkata
Maruti Ignis,Maruti,Ignis,6,17776.0,2,Petrol,Automatic,20.89,1197.0,81.8,5,13.301347705172173,kolkata
Honda City,Honda,City,9,66000.0,1,Diesel,Manual,26.0,1498.0,98.6,5,13.527829818844937,kolkata
Maruti Wagon R,Maruti,Wagon R,6,10667.0,1,Petrol,Automatic,20.52,1197.0,81.8,5,13.233906541044401,kolkata
Kia Sonet,Kia,Sonet,5,27218.0,1,Diesel,Manual,18.4,1493.0,98.63,5,13.849912950864715,kolkata
BMW 3 Series Gran Limousine,BMW,3 Series Gran Limousine,3,170.0,1,Petrol,Automatic,15.39,1949.5,180.02499999999998,5,15.589615261588879,kolkata
Ford Figo,Ford,Figo,11,28000.0,1,Petrol,Manual,18.16,1196.0,86.8,5,12.464587201678082,kolkata
Maruti Baleno,Maruti,Baleno,7,6000.0,1,Petrol,Manual,21.4,1197.0,83.1,5,13.384729180332174,kolkata
Jeep Compass,Jeep,Compass,8,30022.0,1,Petrol,Automatic,14.1,1368.0,160.77,5,13.909912143303451,kolkata
Jeep Compass,Jeep,Compass,8,47000.0,1,Petrol,Automatic,16.0,1368.0,160.0,5,13.81451105863119,kolkata
Maruti S-Presso,Maruti,S-Presso,4,2704.0,1,Petrol,Manual,21.7,998.0,65.71,5,13.223115088821102,kolkata
Maruti Celerio,Maruti,Celerio,4,14425.0,1,Petrol,Manual,24.97,998.0,65.71,5,13.356646255406224,kolkata
Maruti Ignis,Maruti,Ignis,8,40000.0,1,Petrol,Manual,20.89,1197.0,81.8,5,12.706850963741102,kolkata
Volkswagen Vento,Volkswagen,Vento,9,32488.0,2,Petrol,Automatic,18.19,1197.0,103.5,5,13.444448325847754,kolkata
Honda Brio,Honda,Brio,14,73949.0,2,Petrol,Manual,19.4,1198.0,86.8,5,12.296831574998258,kolkata
Maruti Celerio,Maruti,Celerio,8,40000.0,1,Petrol,Automatic,23.1,998.0,67.04,5,12.765691290604371,kolkata
Hyundai Grand i10,Hyundai,Grand i10,12,55920.0,2,Petrol,Manual,18.9,1197.0,82.0,5,12.73080413304066,kolkata
Ford Ecosport,Ford,Ecosport,9,30000.0,1,Petrol,Manual,17.0,1497.0,121.36,5,13.122365377402328,kolkata
Maruti Swift,Maruti,Swift,12,33805.0,1,Petrol,Manual,22.38,1197.0,88.5,5,12.919024904363686,kolkata
Hyundai Xcent,Hyundai,Xcent,12,73781.0,1,Petrol,Manual,19.1,1197.0,82.0,5,12.574185427296195,kolkata
Maruti Alto 800,Maruti,Alto 800,11,50000.0,2,Petrol,Manual,22.74,796.0,47.3,5,12.345834587905333,kolkata
Hyundai i20,Hyundai,i20,12,65000.0,1,Petrol,Manual,18.6,1197.0,81.83,5,12.886643575525625,kolkata
Hyundai i20,Hyundai,i20,15,48072.0,2,Petrol,Manual,18.5,1197.0,180.02499999999998,5,12.301387370778713,kolkata
Kia Seltos,Kia,Seltos,6,75420.0,1,Petrol,Automatic,16.5,1353.0,138.08,5,13.997832948091215,kolkata
Mercedes-Benz C-Class,Mercedes-Benz,C-Class,7,16100.0,2,Diesel,Automatic,12.6,1949.5,180.02499999999998,5,14.930652476452392,kolkata
Maruti Vitara Brezza,Maruti,Vitara Brezza,8,40722.0,1,Diesel,Manual,24.3,1248.0,88.5,5,13.493928313146206,kolkata
Maruti Swift,Maruti,Swift,11,40000.0,1,Petrol,Manual,21.21,1197.0,81.8,5,12.971542813248437,kolkata
Maruti Swift,Maruti,Swift,18,50000.0,1,Petrol,Manual,16.1,1298.0,88.2,5,12.206077645517674,kolkata
Volkswagen Ameo,Volkswagen,Ameo,9,40000.0,3,Petrol,Manual,17.0,1198.0,74.0,5,13.060490101343552,kolkata
Maruti Alto 800,Maruti,Alto 800,9,3188.0,1,Petrol,Manual,22.05,796.0,47.33,5,12.598118111678868,kolkata
Hyundai i20,Hyundai,i20,7,34233.0,1,Petrol,Manual,18.6,1197.0,81.86,5,13.174957725054906,kolkata
Honda City,Honda,City,10,51767.0,1,Petrol,Automatic,18.0,1497.0,117.3,5,13.28957298843418,kolkata
Hyundai i20,Hyundai,i20,8,40965.0,1,Petrol,Manual,18.6,1197.0,81.83,5,13.081543466215237,kolkata
Hyundai Verna,Hyundai,Verna,15,70000.0,2,Petrol,Manual,17.01,1591.0,121.3,5,12.429220196836383,kolkata
Tata Nexon,Tata,Nexon,4,8176.0,2,Petrol,Manual,17.33,1199.0,118.35,5,13.619496890582589,kolkata
Renault KWID,Renault,KWID,4,10000.0,1,Petrol,Manual,21.74,999.0,67.0,5,13.142166004700508,kolkata
Toyota Yaris,Toyota,Yaris,8,13327.0,2,Petrol,Manual,17.1,1496.0,105.5,5,13.431319053559353,kolkata
Ford Ecosport,Ford,Ecosport,7,57167.0,2,Petrol,Automatic,14.8,1497.0,121.36,5,13.507627138738266,kolkata
Volkswagen Vento,Volkswagen,Vento,8,35100.0,1,Petrol,Manual,16.09,1598.0,103.2,5,13.28787951079572,kolkata
Hyundai i10,Hyundai,i10,16,120000.0,1,Petrol,Manual,20.36,1197.0,78.9,5,12.04355959836804,kolkata
Chevrolet Aveo,Chevrolet,Aveo,18,60000.0,1,Petrol,Manual,14.4,1399.0,94.0,5,12.04355959836804,kolkata
Mercedes-Benz C-Class,Mercedes-Benz,C-Class,6,30000.0,1,Diesel,Automatic,12.6,1949.5,180.02499999999998,5,15.196792377260621,kolkata
Maruti Wagon R,Maruti,Wagon R,8,10000.0,1,Petrol,Manual,20.51,998.0,67.04,5,13.017005083966255,kolkata
Volvo XC60,Volvo,XC60,6,19500.0,2,Diesel,Automatic,11.2,1949.5,180.02499999999998,5,15.363073279446223,kolkata
Maruti Ciaz,Maruti,Ciaz,11,55000.0,1,Diesel,Manual,26.21,1248.0,88.5,5,13.017005083966255,kolkata
Hyundai Accent,Hyundai,Accent,15,50000.0,1,Petrol,Manual,16.36,1495.0,93.7,5,12.154784614286667,kolkata
Hyundai Verna,Hyundai,Verna,11,46980.0,2,Diesel,Manual,23.9,1582.0,126.2,5,13.11029282045951,kolkata
Maruti Swift,Maruti,Swift,7,40535.0,1,Petrol,Manual,22.38,1197.0,88.5,5,13.190023895035274,kolkata
Hyundai Santro Xing,Hyundai,Santro Xing,16,60020.0,1,Petrol,Manual,17.92,1086.0,62.1,5,11.951186847493476,kolkata
Renault KWID,Renault,KWID,4,787.0,1,Petrol,Automatic,22.3,999.0,67.06,5,13.230322314239945,kolkata
Maruti Wagon R,Maruti,Wagon R,4,5870.0,1,Cng,Manual,28.25,998.0,55.92,5,13.420986873572868,kolkata
Renault Pulse,Renault,Pulse,13,50000.0,1,Diesel,Manual,23.08,1461.0,63.1,5,12.100717685412471,kolkata
Maruti Celerio,Maruti,Celerio,12,50714.0,1,Petrol,Automatic,26.68,998.0,65.71,5,12.669809806411457,kolkata
Hyundai Xcent,Hyundai,Xcent,7,40000.0,1,Petrol,Manual,20.14,1197.0,81.86,5,13.122365377402328,kolkata
Maruti Alto 800,Maruti,Alto 800,6,4187.0,1,Petrol,Manual,22.05,796.0,47.33,5,12.90669432231532,kolkata
MG Hector,MG,Hector,6,10164.0,1,Petrol,Automatic,13.96,1451.0,141.0,5,14.229605653708807,kolkata
Hyundai Verna,Hyundai,Verna,4,13269.0,1,Petrol,Manual,17.7,1497.0,113.18,5,13.845070331079134,kolkata
Mahindra Scorpio,Mahindra,Scorpio,6,90000.0,1,Diesel,Manual,15.4,1949.5,136.78,7,14.240778946963175,kolkata
Hyundai Verna,Hyundai,Verna,5,16000.0,1,Petrol,Manual,17.7,1497.0,113.18,5,13.864301674514206,kolkata
Honda City,Honda,City,5,60000.0,1,Petrol,Manual,17.4,1497.0,117.6,5,13.60479076121576,kolkata
Honda City,Honda,City,16,47114.0,2,Petrol,Manual,17.0,1497.0,180.02499999999998,5,12.367345048436391,kolkata
Honda City,Honda,City,12,50000.0,2,Petrol,Manual,17.4,1497.0,117.3,5,12.992254692057308,kolkata
Honda City,Honda,City,12,50000.0,2,Petrol,Manual,17.4,1497.0,117.3,5,12.992254692057308,kolkata
Ford Figo,Ford,Figo,15,50000.0,2,Petrol,Manual,15.6,1196.0,70.0,5,12.206077645517674,kolkata
Chevrolet Spark,Chevrolet,Spark,14,20000.0,1,Petrol,Manual,16.2,995.0,62.1,5,12.25486757159303,kolkata
Honda Brio,Honda,Brio,13,41424.0,2,Petrol,Manual,19.4,1198.0,86.8,5,12.323860125621126,kolkata
Maruti Alto 800,Maruti,Alto 800,6,23829.0,2,Petrol,Manual,22.05,796.0,47.33,5,12.84265212010087,kolkata
Honda City,Honda,City,7,44199.0,1,Petrol,Manual,17.4,1497.0,117.6,5,13.435714658591923,kolkata
Hyundai Verna,Hyundai,Verna,8,40000.0,1,Petrol,Manual,17.0,1591.0,121.3,5,13.592368256649284,kolkata
Ford Ecosport,Ford,Ecosport,11,55625.0,1,Petrol,Manual,18.88,999.0,123.37,5,12.945628585536271,kolkata
Maruti Wagon R,Maruti,Wagon R,11,29230.0,1,Petrol,Manual,20.51,998.0,67.04,5,12.6410997921206,kolkata
Maruti Swift Dzire,Maruti,Swift Dzire,9,30000.0,1,Petrol,Manual,22.0,1197.0,81.8,5,13.171155446333852,kolkata
Volkswagen Polo,Volkswagen,Polo,7,25152.0,1,Petrol,Manual,17.74,999.0,75.1,5,13.142166004700508,kolkata
Audi A3,Audi,A3,6,52224.0,1,Diesel,Automatic,20.38,1949.5,143.0,5,14.508658238524095,kolkata
Maruti Swift Dzire,Maruti,Swift Dzire,14,62665.0,1,Petrol,Manual,22.41,1197.0,88.5,5,12.574185427296195,kolkata
Maruti Wagon R,Maruti,Wagon R,12,76800.0,1,Petrol,Manual,20.51,998.0,67.04,5,12.51723073716405,kolkata
Honda WR-V,Honda,WR-V,9,80000.0,1,Petrol,Manual,17.5,1199.0,88.7,5,13.304686600863562,kolkata
Ford Ecosport,Ford,Ecosport,10,37833.0,2,Petrol,Manual,15.9,1496.0,120.69,5,13.142166004700508,kolkata
Maruti Alto 800,Maruti,Alto 800,11,40000.0,1,Petrol,Manual,22.74,796.0,47.3,5,12.611541086966115,kolkata
Land Rover Freelander 2,Land,Rover Freelander 2,14,72000.0,2,Diesel,Automatic,12.35,1949.5,180.02499999999998,5,13.785051350479566,kolkata
Hyundai Elantra,Hyundai,Elantra,8,30000.0,1,Petrol,Automatic,14.62,1949.5,149.92,5,14.151983508870947,kolkata
Hyundai Xcent,Hyundai,Xcent,12,80000.0,2,Diesel,Manual,24.4,1120.0,71.01,5,12.611541086966115,kolkata
Hyundai Elantra,Hyundai,Elantra,8,30000.0,1,Petrol,Automatic,14.62,1949.5,149.92,5,14.220976332738882,kolkata
Volkswagen Polo,Volkswagen,Polo,12,90000.0,2,Petrol,Manual,16.47,1198.0,74.0,5,12.577639650232573,kolkata
Toyota Innova,Toyota,Innova,12,113000.0,1,Diesel,Manual,12.99,1949.5,100.6,7,13.527829818844937,kolkata
Honda Civic,Honda,Civic,14,90000.0,2,Petrol,Manual,14.8,1799.0,130.2,5,12.765691290604371,kolkata
Maruti Swift,Maruti,Swift,13,92202.0,1,Diesel,Manual,22.9,1248.0,74.0,5,12.598118111678868,kolkata
Hyundai Grand i10,Hyundai,Grand i10,8,79783.0,2,Petrol,Manual,18.9,1197.0,81.86,5,12.837347081942964,kolkata
Honda City,Honda,City,4,10000.0,1,Petrol,Manual,18.6,1498.0,119.35,5,14.151268968443645,kolkata
Maruti Swift Dzire,Maruti,Swift Dzire,5,23227.0,2,Petrol,Manual,22.41,1197.0,88.5,5,13.444448325847754,kolkata
Maruti Ciaz,Maruti,Ciaz,7,3089.0,3,Petrol,Manual,21.56,1462.0,103.25,5,13.478639641880966,kolkata
Honda Amaze,Honda,Amaze,7,28546.0,1,Petrol,Manual,18.6,1199.0,88.76,5,13.304686600863562,kolkata
Hyundai Grand i10,Hyundai,Grand i10,10,85435.0,1,Petrol,Manual,18.9,1197.0,82.0,5,12.742568940017076,kolkata
Porsche Panamera,Porsche,Panamera,10,20000.0,2,Diesel,Automatic,17.85,1949.5,180.02499999999998,5,15.424948670398354,kolkata
Honda Brio,Honda,Brio,14,83124.0,2,Petrol,Manual,19.4,1198.0,86.8,5,12.245298166364206,kolkata
Toyota Etios,Toyota,Etios,12,87859.0,2,Petrol,Manual,16.78,1496.0,88.73,5,12.53897064502647,kolkata
Honda City,Honda,City,9,65000.0,1,Diesel,Manual,26.0,1498.0,98.6,5,13.304686600863562,kolkata
Mahindra Ssangyong Rexton,Mahindra,Ssangyong Rexton,8,50000.0,1,Diesel,Automatic,11.18,1949.5,180.02499999999998,7,14.187074804051692,kolkata
Toyota Etios,Toyota,Etios,14,80000.0,3,Petrol,Manual,17.6,1496.0,88.73,5,12.323860125621126,kolkata
Hyundai Grand i10,Hyundai,Grand i10,8,25000.0,1,Petrol,Manual,18.9,1197.0,81.86,5,12.899222326086994,kolkata
Hyundai i20,Hyundai,i20,7,3000.0,1,Petrol,Manual,18.6,1197.0,81.86,5,13.345508528717259,kolkata
Hyundai Grand i10,Hyundai,Grand i10,8,37001.0,1,Petrol,Manual,18.9,1197.0,81.86,5,12.861001210669146,kolkata
Maruti Swift,Maruti,Swift,13,39000.0,1,Petrol,Manual,18.6,1197.0,85.8,5,12.721888795877375,kolkata
Honda City,Honda,City,6,20000.0,1,Petrol,Automatic,17.4,1497.0,117.6,5,13.800397935382136,kolkata
Hyundai Xcent,Hyundai,Xcent,11,103033.0,3,Diesel,Manual,24.4,1120.0,71.0,5,12.509877789891931,kolkata
Hyundai Grand i10,Hyundai,Grand i10,9,25968.0,1,Petrol,Manual,18.9,1197.0,81.86,5,13.083622549087899,kolkata
Maruti Wagon R,Maruti,Wagon R,22,150000.0,2,Petrol,Manual,18.9,998.0,67.1,5,11.225256725762893,kolkata
Maruti Wagon R,Maruti,Wagon R,6,11798.0,1,Petrol,Manual,20.52,1197.0,81.8,5,13.22672519452875,kolkata
Volkswagen Ameo,Volkswagen,Ameo,9,65814.0,1,Petrol,Manual,17.0,1198.0,73.75,5,12.971542813248437,kolkata
Kia Seltos,Kia,Seltos,5,69007.0,1,Petrol,Manual,16.8,1497.0,113.43,5,13.997832948091215,kolkata
Maruti Swift,Maruti,Swift,14,71420.0,1,Diesel,Manual,22.9,1248.0,74.0,5,12.563750586299374,kolkata
Hyundai Grand i10 Nios,Hyundai,Grand i10 Nios,5,10000.0,1,Petrol,Manual,20.7,1197.0,81.86,5,13.429849547739444,kolkata
Datsun RediGO,Datsun,RediGO,6,9817.0,1,Petrol,Manual,20.71,799.0,53.64,5,12.762830066509972,kolkata
Maruti Celerio,Maruti,Celerio,8,124206.0,2,Petrol,Manual,25.24,998.0,65.71,5,12.757082940769225,kolkata
Maruti Zen,Maruti,Zen,24,50000.0,2,Petrol,Manual,17.3,993.0,60.0,5,10.778977123006351,kolkata
Maruti Wagon R,Maruti,Wagon R,17,50000.0,2,Petrol,Manual,18.9,1061.0,67.0,5,11.736077016252437,kolkata
Renault Kiger,Renault,Kiger,3,1062.0,1,Petrol,Automatic,19.03,999.0,71.01,5,13.573440270649085,kolkata
Hyundai Grand i10,Hyundai,Grand i10,8,10000.0,1,Petrol,Manual,18.9,1197.0,81.86,5,13.102162710901053,kolkata
Toyota Innova Crysta,Toyota,Innova Crysta,7,10000.0,1,Diesel,Manual,13.68,1949.5,147.8,7,14.346139397261565,kolkata
Hyundai Grand i10,Hyundai,Grand i10,11,20000.0,1,Petrol,Manual,18.9,1197.0,82.0,5,12.765691290604371,kolkata
Honda City,Honda,City,11,68000.0,1,Diesel,Manual,26.0,1498.0,98.6,5,12.899222326086994,kolkata
Volkswagen Polo,Volkswagen,Polo,10,65000.0,1,Petrol,Manual,16.2,1199.0,74.0,5,12.807655372286902,kolkata
Maruti Swift,Maruti,Swift,10,30000.0,2,Petrol,Manual,20.4,1197.0,81.8,5,12.899222326086994,kolkata
Hyundai EON,Hyundai,EON,10,60000.0,2,Petrol,Manual,21.1,814.0,55.2,5,12.449018824140563,kolkata
Maruti Swift Dzire,Maruti,Swift Dzire,9,45699.0,2,Petrol,Automatic,21.21,1197.0,81.8,5,13.30635187740947,kolkata
Hyundai i10,Hyundai,i10,15,81575.0,1,Petrol,Manual,20.36,1197.0,78.9,5,12.283038316285214,kolkata
Honda City,Honda,City,9,42000.0,1,Petrol,Automatic,18.0,1497.0,117.3,5,13.415034483903348,kolkata
Hyundai Verna,Hyundai,Verna,8,32092.0,1,Petrol,Manual,19.1,1368.0,98.6,5,13.4856180275228,kolkata
Mercedes-Benz C-Class,Mercedes-Benz,C-Class,7,30000.0,1,Diesel,Automatic,12.6,1949.5,180.02499999999998,5,14.978661680269907,kolkata
Maruti Ertiga,Maruti,Ertiga,9,50000.0,1,Diesel,Manual,24.52,1248.0,88.5,7,13.527829818844937,kolkata
Tata Punch,Tata,Punch,4,9169.0,1,Petrol,Manual,20.09,1199.0,86.63,5,13.62556118319494,kolkata
Maruti Swift Dzire,Maruti,Swift Dzire,8,45275.0,1,Petrol,Manual,21.21,1197.0,81.8,5,13.07107218827772,kolkata
Maruti Wagon R,Maruti,Wagon R,15,90000.0,4,Petrol,Manual,18.9,998.0,67.1,5,11.884495917930655,kolkata
Maruti Alto 800,Maruti,Alto 800,11,70000.0,2,Petrol,Manual,22.74,796.0,47.3,5,12.25486757159303,kolkata
BMW 3 Series GT,BMW,3 Series GT,9,50000.0,1,Diesel,Automatic,21.76,1949.5,180.02499999999998,5,14.727793670047236,kolkata
Maruti Alto 800,Maruti,Alto 800,7,30000.0,1,Petrol,Manual,22.05,796.0,47.33,5,12.706850963741102,kolkata
Honda City,Honda,City,5,10000.0,1,Petrol,Automatic,18.3,1498.0,119.35,5,14.151983508870947,kolkata
Ford Ecosport,Ford,Ecosport,9,80000.0,2,Diesel,Manual,22.77,1498.0,98.59,5,13.171155446333852,kolkata
Hyundai i10,Hyundai,i10,14,40000.0,1,Petrol,Manual,20.36,1197.0,78.9,5,12.54254845357358,kolkata
Hyundai Grand i10,Hyundai,Grand i10,9,30000.0,1,Petrol,Manual,18.9,1197.0,81.86,5,12.971542813248437,kolkata
Tata Indigo,Tata,Indigo,17,80000.0,1,Diesel,Manual,19.61,1405.0,70.0,5,11.652687407345388,kolkata
Hyundai i20,Hyundai,i20,7,65180.0,2,Petrol,Manual,18.6,1197.0,81.86,5,13.301347705172173,kolkata
Hyundai Grand i10,Hyundai,Grand i10,11,110190.0,1,Petrol,Manual,18.9,1197.0,82.0,5,12.509877789891931,kolkata
Maruti Alto 800,Maruti,Alto 800,7,50000.0,2,Petrol,Manual,24.7,796.0,47.3,5,12.52815976788113,kolkata
Maruti Ritz,Maruti,Ritz,12,45550.0,2,Petrol,Manual,18.5,1197.0,85.8,5,12.421188057397055,kolkata
Maruti Swift,Maruti,Swift,5,14756.0,1,Petrol,Manual,22.38,1197.0,88.5,5,13.291263603053904,kolkata
Maruti Alto K10,Maruti,Alto K10,9,30000.0,2,Petrol,Manual,23.95,998.0,67.05,5,12.577639650232573,kolkata
Hyundai Grand i10,Hyundai,Grand i10,11,63179.0,1,Petrol,Manual,18.9,1197.0,82.0,5,12.739640688812674,kolkata
BMW 5 Series,BMW,5 Series,9,32344.0,1,Diesel,Automatic,20.37,1949.5,180.02499999999998,5,15.096444681204078,kolkata
Volkswagen Polo,Volkswagen,Polo,7,17436.0,1,Petrol,Manual,17.74,999.0,75.1,5,13.212205909556012,kolkata
Maruti Ciaz,Maruti,Ciaz,8,52130.0,1,Petrol,Manual,21.56,1462.0,103.25,5,13.246351123968212,kolkata
Maruti Alto 800,Maruti,Alto 800,8,60000.0,1,Petrol,Manual,24.7,796.0,47.3,5,12.54254845357358,kolkata
Ford Fiesta,Ford,Fiesta,12,46315.0,1,Diesel,Manual,25.01,1498.0,89.75,5,12.560247968016562,kolkata
Hyundai Xcent,Hyundai,Xcent,11,65000.0,1,Petrol,Manual,19.1,1197.0,82.0,5,12.608202196848836,kolkata
Hyundai Grand i10,Hyundai,Grand i10,12,90000.0,1,Diesel,Manual,24.0,1120.0,70.0,5,12.506180941677357,kolkata
Honda City,Honda,City,9,32395.0,1,Petrol,Manual,17.4,1497.0,117.6,5,13.457407451830088,kolkata
Mahindra XUV500,Mahindra,XUV500,10,89331.0,1,Diesel,Manual,16.0,1949.5,140.0,7,13.652992804936396,kolkata
Honda City,Honda,City,6,10000.0,1,Petrol,Automatic,17.4,1497.0,117.6,5,14.038654909278163,kolkata
Mahindra KUV 100,Mahindra,KUV 100,10,20000.0,1,Petrol,Manual,18.15,1198.0,82.0,6,12.899222326086994,kolkata
Datsun RediGO,Datsun,RediGO,6,10000.0,1,Petrol,Manual,21.7,999.0,67.05,5,12.777055016970678,kolkata
Hyundai Venue,Hyundai,Venue,7,36374.0,1,Diesel,Manual,23.7,1396.0,88.7,5,13.652992804936396,kolkata
Nissan Magnite,Nissan,Magnite,5,20801.0,1,Petrol,Manual,20.0,999.0,98.63,5,13.41354083387756,kolkata
Hyundai i20,Hyundai,i20,7,43214.0,1,Petrol,Manual,18.6,1197.0,81.86,5,13.083622549087899,kolkata
Jeep Compass,Jeep,Compass,5,20000.0,1,Diesel,Manual,17.1,1949.5,167.67,5,14.690979711984754,kolkata
Hyundai Creta,Hyundai,Creta,10,88755.0,1,Diesel,Manual,21.38,1396.0,88.7,5,13.335862167174314,kolkata
Maruti Ertiga,Maruti,Ertiga,8,50000.0,1,Petrol,Automatic,17.03,1373.0,91.1,7,13.681980308196241,kolkata
Renault KWID,Renault,KWID,6,7277.0,1,Petrol,Automatic,22.0,999.0,67.0,5,13.157732451741687,kolkata
Honda City,Honda,City,12,44200.0,1,Diesel,Manual,26.0,1498.0,98.6,5,13.017005083966255,kolkata
Honda Brio,Honda,Brio,12,36920.0,3,Petrol,Manual,19.4,1198.0,86.8,5,12.367345048436391,kolkata
Maruti Swift,Maruti,Swift,5,14567.0,1,Petrol,Manual,22.38,1197.0,88.5,5,13.3374763699232,kolkata
BMW 5 Series,BMW,5 Series,7,19858.0,1,Diesel,Automatic,18.12,1949.5,180.02499999999998,5,15.18922639004183,kolkata
Mahindra KUV 100 NXT,Mahindra,KUV 100 NXT,8,40000.0,1,Diesel,Manual,25.32,1198.0,77.0,6,13.017005083966255,kolkata
Maruti Wagon R,Maruti,Wagon R,14,30000.0,2,Petrol,Manual,18.9,998.0,67.1,5,12.429220196836383,kolkata
Hyundai Verna,Hyundai,Verna,8,50000.0,1,Petrol,Manual,17.0,1591.0,121.3,5,13.68767832281738,kolkata
Maruti Celerio X,Maruti,Celerio X,8,19000.0,1,Petrol,Manual,21.63,998.0,67.0,5,12.959846800844963,kolkata
Audi Q5,Audi,Q5,12,86331.0,2,Diesel,Automatic,12.8,1949.5,167.6,5,13.910821646859095,kolkata
BMW 5 Series,BMW,5 Series,4,5700.0,2,Diesel,Automatic,20.37,1949.5,180.02499999999998,5,15.573196219302087,kolkata
Tata Tiago,Tata,Tiago,4,10000.0,1,Petrol,Manual,20.09,1199.0,84.82,5,13.270785106659046,kolkata
Tata Nexon,Tata,Nexon,5,4603.0,1,Petrol,Manual,17.33,1199.0,118.35,5,13.698977865303197,kolkata
Maruti Celerio,Maruti,Celerio,4,7291.0,1,Petrol,Manual,24.97,998.0,65.71,5,13.347107247525049,kolkata
Hyundai Grand i10 Nios,Hyundai,Grand i10 Nios,4,2179.0,1,Petrol,Manual,20.7,1197.0,81.86,5,13.531821834802397,kolkata
Hyundai Grand i10,Hyundai,Grand i10,9,26226.0,1,Petrol,Manual,18.9,1197.0,81.86,5,12.779875885354993,kolkata
Volkswagen Polo,Volkswagen,Polo,10,35000.0,1,Diesel,Manual,20.14,1498.0,88.0,5,12.896719202134523,kolkata
Hyundai EON,Hyundai,EON,12,24622.0,3,Petrol,Manual,21.1,814.0,55.2,5,12.250094315624496,kolkata
Mahindra Renault Logan,Mahindra,Renault Logan,17,60000.0,1,Diesel,Manual,19.2,1461.0,65.0,5,11.736077016252437,kolkata
Hyundai i10,Hyundai,i10,15,37647.0,1,Petrol,Manual,20.36,1197.0,78.9,5,12.201065128819632,kolkata
Renault Duster,Renault,Duster,12,57321.0,1,Diesel,Manual,20.45,1461.0,83.8,5,12.777055016970678,kolkata
Tata Hexa,Tata,Hexa,9,67020.0,1,Diesel,Automatic,17.6,1949.5,153.86,7,13.493928313146206,kolkata
Renault Kiger,Renault,Kiger,4,20000.0,1,Petrol,Automatic,18.24,999.0,98.63,5,13.864301674514206,kolkata
Hyundai Creta,Hyundai,Creta,11,65000.0,1,Diesel,Manual,19.67,1582.0,126.2,5,13.122365377402328,kolkata
Hyundai Creta,Hyundai,Creta,11,60000.0,1,Petrol,Manual,15.29,1591.0,121.3,5,13.217675375388819,kolkata
Hyundai EON,Hyundai,EON,12,30000.0,1,Petrol,Manual,21.1,814.0,55.2,5,12.323860125621126,kolkata
Maruti Alto 800,Maruti,Alto 800,12,70000.0,1,Petrol,Manual,22.74,796.0,47.3,5,12.100717685412471,kolkata
Ford Figo,Ford,Figo,16,50000.0,1,Petrol,Manual,15.6,1196.0,70.0,5,12.013706813470414,kolkata
Honda Mobilio,Honda,Mobilio,10,24000.0,1,Petrol,Manual,17.3,1497.0,117.3,7,13.120363378739663,kolkata
Hyundai i10,Hyundai,i10,16,50000.0,2,Petrol,Manual,20.36,1197.0,78.9,5,12.04355959836804,kolkata
Honda WR-V,Honda,WR-V,9,40000.0,1,Petrol,Manual,17.5,1199.0,88.7,5,13.25339339419516,kolkata
Hyundai Creta,Hyundai,Creta,10,71521.0,1,Petrol,Manual,15.29,1591.0,121.3,5,13.348703414510117,kolkata
Tata Altroz,Tata,Altroz,6,42267.0,1,Petrol,Manual,19.33,1199.0,86.83,5,13.062615496138552,kolkata
Maruti Swift,Maruti,Swift,16,80000.0,4,Petrol,Manual,16.1,1197.0,85.0,5,12.013706813470414,kolkata
Maruti Ciaz,Maruti,Ciaz,8,57986.0,1,Petrol,Automatic,19.12,1373.0,91.1,5,13.498057700804253,kolkata
Tata Tiago NRG,Tata,Tiago NRG,4,17252.0,1,Petrol,Automatic,20.09,1199.0,84.48,5,13.398480330934175,kolkata
Maruti Zen Estilo,Maruti,Zen Estilo,16,70000.0,2,Petrol,Manual,19.0,998.0,67.1,5,11.695255355062795,kolkata
Mahindra XUV500,Mahindra,XUV500,9,20817.0,1,Diesel,Manual,16.0,1949.5,140.0,7,13.617059619240436,kolkata
Jeep Compass,Jeep,Compass,4,10000.0,1,Petrol,Automatic,14.1,1368.0,160.77,5,14.77102238760702,kolkata
Maruti Swift Dzire,Maruti,Swift Dzire,16,39579.0,1,Petrol,Manual,22.41,1197.0,88.5,5,12.310437165348775,kolkata
Hyundai EON,Hyundai,EON,12,21477.0,3,Petrol,Manual,21.1,814.0,55.2,5,12.235636302128867,kolkata
Mercedes-Benz CLA,Mercedes-Benz,CLA,9,36899.0,1,Diesel,Automatic,17.9,1949.5,136.0,5,14.430696737594902,kolkata
Maruti Ertiga,Maruti,Ertiga,10,55000.0,1,Diesel,Manual,24.52,1248.0,88.5,7,13.345508528717259,kolkata
Hyundai Grand i10 Nios,Hyundai,Grand i10 Nios,5,9000.0,1,Petrol,Manual,20.7,998.0,98.63,5,13.384729180332174,kolkata
Ford Figo,Ford,Figo,16,40000.0,1,Petrol,Manual,15.6,1196.0,70.0,5,12.07254696717504,kolkata
Hyundai Verna,Hyundai,Verna,7,20000.0,1,Petrol,Manual,17.0,1591.0,121.3,5,13.70903942580019,kolkata
Mahindra Scorpio,Mahindra,Scorpio,10,120000.0,2,Diesel,Manual,15.4,1949.5,120.0,7,13.652992804936396,kolkata
Maruti Alto K10,Maruti,Alto K10,9,30000.0,2,Petrol,Manual,23.95,998.0,67.05,5,12.54254845357358,kolkata
Tata Nexon,Tata,Nexon,5,60000.0,1,Petrol,Automatic,16.35,1199.0,118.36,5,13.710151153416941,kolkata
Jeep Compass,Jeep,Compass,5,10000.0,1,Diesel,Manual,17.1,1949.5,167.67,5,14.751604309291395,kolkata
Jeep Compass,Jeep,Compass,9,55330.0,1,Diesel,Manual,16.3,1949.5,170.0,5,13.972515161474428,kolkata
Maruti Swift Dzire,Maruti,Swift Dzire,11,32152.0,1,Petrol,Manual,22.41,1197.0,88.5,5,12.85840043573314,kolkata
Hyundai Grand i10,Hyundai,Grand i10,12,66906.0,2,Petrol,Manual,18.9,1197.0,82.0,5,12.584512505902088,kolkata
Hyundai Creta,Hyundai,Creta,10,56000.0,1,Diesel,Manual,19.67,1582.0,126.2,5,13.45883704259595,kolkata
Volkswagen Polo,Volkswagen,Polo,6,23055.0,1,Petrol,Manual,18.24,999.0,108.62,5,13.380103119076898,kolkata
Renault Captur,Renault,Captur,8,68132.0,1,Diesel,Manual,20.37,1461.0,108.45,5,13.438634364432907,kolkata
Tata Indica,Tata,Indica,15,60000.0,2,Diesel,Manual,18.4,1248.0,180.02499999999998,5,11.849404844423074,kolkata
Maruti Swift Dzire,Maruti,Swift Dzire,12,76932.0,1,Petrol,Manual,22.41,1197.0,88.5,5,12.834683971615659,kolkata
MG Hector,MG,Hector,6,60000.0,1,Petrol,Automatic,13.96,1451.0,141.0,5,14.151983508870947,kolkata
Maruti Vitara Brezza,Maruti,Vitara Brezza,7,89912.0,1,Diesel,Automatic,24.3,1248.0,88.5,5,13.463113593266897,kolkata
Honda City,Honda,City,12,102813.0,1,Diesel,Manual,26.0,1498.0,98.6,5,12.804911893867851,kolkata
Honda City,Honda,City,11,55155.0,1,Diesel,Manual,26.0,1498.0,98.6,5,13.017005083966255,kolkata
Mahindra KUV 100,Mahindra,KUV 100,10,20000.0,1,Petrol,Manual,18.15,1198.0,82.0,6,12.899222326086994,kolkata
Hyundai Grand i10,Hyundai,Grand i10,8,70000.0,1,Petrol,Manual,18.9,1197.0,81.86,5,12.879019669789754,kolkata
Toyota Fortuner,Toyota,Fortuner,8,123153.0,2,Diesel,Automatic,15.04,1949.5,174.5,7,14.80876270134486,kolkata
Hyundai i10,Hyundai,i10,13,40000.0,2,Petrol,Manual,20.36,1197.0,78.9,5,12.611541086966115,kolkata
Jeep Compass,Jeep,Compass,5,10830.0,1,Diesel,Manual,17.1,1949.5,167.67,5,14.72175135802525,kolkata
Hyundai Verna,Hyundai,Verna,8,50000.0,1,Petrol,Manual,17.0,1591.0,121.3,5,13.664688831019712,kolkata
Audi A4,Audi,A4,9,64846.0,2,Diesel,Automatic,18.25,1949.5,180.02499999999998,5,14.508658238524095,kolkata
Audi A6,Audi,A6,8,49100.0,1,Diesel,Automatic,18.53,1949.5,180.02499999999998,5,14.862829903121964,kolkata
Mercedes-Benz GL-Class,Mercedes-Benz,GL-Class,12,90089.0,1,Diesel,Automatic,11.3,1949.5,180.02499999999998,7,14.731801689838349,kolkata
Honda City,Honda,City,12,63950.0,1,Petrol,Manual,17.4,1497.0,117.3,5,12.826651821423713,kolkata
Honda City,Honda,City,8,22990.0,2,Petrol,Automatic,18.0,1497.0,117.6,5,13.726680437153236,kolkata
Mercedes-Benz E-Class,Mercedes-Benz,E-Class,10,15077.0,2,Diesel,Automatic,13.0,1949.5,180.02499999999998,5,14.82674813091596,kolkata
Maruti Swift Dzire,Maruti,Swift Dzire,12,69273.0,1,Petrol,Manual,22.41,1197.0,88.5,5,12.685410698175234,kolkata
Ford Ecosport,Ford,Ecosport,12,75865.0,1,Petrol,Manual,18.88,999.0,123.37,5,12.952762962683588,kolkata
Kia Seltos,Kia,Seltos,7,67092.0,1,Petrol,Manual,16.8,1353.0,113.43,5,13.866204622849683,kolkata
Hyundai i20,Hyundai,i20,14,38000.0,1,Petrol,Manual,18.6,1197.0,81.83,5,12.337100907936577,kolkata
Hyundai Verna,Hyundai,Verna,14,78121.0,1,Diesel,Manual,22.32,1582.0,126.3,5,12.650761671914688,kolkata
Honda Amaze,Honda,Amaze,12,99103.0,1,Diesel,Manual,25.8,1498.0,98.6,5,12.52815976788113,kolkata
Tata Tiago,Tata,Tiago,10,40000.0,1,Petrol,Manual,23.84,1199.0,84.0,5,12.611541086966115,kolkata
BMW X1,BMW,X1,6,10100.0,1,Diesel,Automatic,17.05,1949.5,180.02499999999998,5,15.067988057145726,kolkata
Hyundai Grand i10,Hyundai,Grand i10,8,27119.0,1,Petrol,Manual,18.9,1197.0,81.86,5,12.959846800844963,kolkata
Hyundai Venue,Hyundai,Venue,4,10000.0,1,Petrol,Automatic,18.15,998.0,118.35,5,13.815511557963774,kolkata
Honda Mobilio,Honda,Mobilio,12,57000.0,1,Diesel,Manual,24.2,1498.0,98.6,7,12.896719202134523,kolkata
Hyundai Grand i10,Hyundai,Grand i10,9,38000.0,1,Petrol,Manual,18.9,1197.0,82.0,5,12.886643575525625,kolkata
Mahindra XUV500,Mahindra,XUV500,7,50000.0,1,Diesel,Automatic,15.1,1949.5,155.0,7,14.115615891155079,kolkata
Ford Figo,Ford,Figo,16,70000.0,1,Petrol,Manual,15.6,1196.0,70.0,5,12.031725210748633,kolkata
Kia Seltos,Kia,Seltos,6,40000.0,2,Petrol,Automatic,16.5,1353.0,138.08,5,14.285514812209815,kolkata
Mahindra Bolero Neo,Mahindra,Bolero Neo,4,10891.0,1,Diesel,Manual,17.29,1493.0,100.0,7,13.793264949016955,kolkata
Tata Tiago,Tata,Tiago,5,29558.0,1,Petrol,Manual,19.01,1199.0,84.82,5,12.936036208848487,kolkata
Jeep Compass,Jeep,Compass,6,18000.0,1,Diesel,Automatic,17.1,1949.5,173.0,5,14.346139397261565,kolkata
Maruti Baleno,Maruti,Baleno,8,29412.0,1,Petrol,Manual,21.4,1197.0,83.1,5,13.10011776845701,kolkata
Hyundai Grand i10,Hyundai,Grand i10,11,59037.0,1,Diesel,Manual,24.0,1120.0,70.0,5,12.567240979056246,kolkata
Mercedes-Benz C-Class,Mercedes-Benz,C-Class,4,10000.0,2,Diesel,Automatic,23.0,1949.5,180.02499999999998,5,15.483217567201578,kolkata
Tata Nexon,Tata,Nexon,6,73072.0,1,Diesel,Automatic,22.07,1497.0,108.49,5,13.765270393051685,kolkata
Maruti Wagon R,Maruti,Wagon R,12,37100.0,2,Petrol,Manual,21.79,998.0,67.05,5,12.449018824140563,kolkata
Maruti Baleno,Maruti,Baleno,7,61113.0,1,Petrol,Automatic,21.4,1197.0,83.1,5,13.404531777462488,kolkata
Maruti Alto 800,Maruti,Alto 800,13,47606.0,1,Petrol,Manual,22.05,796.0,47.33,5,12.095146671399466,kolkata
Hyundai Creta,Hyundai,Creta,7,30000.0,1,Diesel,Manual,19.67,1582.0,126.2,5,14.115615891155079,kolkata
Maruti Celerio,Maruti,Celerio,11,80000.0,1,Petrol,Automatic,23.1,998.0,67.04,5,12.611541086966115,kolkata
Mercedes-Benz C-Class,Mercedes-Benz,C-Class,13,40000.0,1,Diesel,Automatic,19.27,1949.5,170.0,5,13.710151153416941,kolkata
Jeep Compass,Jeep,Compass,7,27000.0,1,Diesel,Manual,17.1,1949.5,170.63,5,14.253766134056512,kolkata
Mahindra XUV500,Mahindra,XUV500,7,80000.0,1,Diesel,Manual,15.1,1949.5,152.87,7,14.115615891155079,kolkata
Tata Zest,Tata,Zest,11,30000.0,1,Petrol,Manual,17.57,1193.0,88.7,5,12.691583538230217,kolkata
Mahindra XUV500,Mahindra,XUV500,8,70000.0,1,Diesel,Manual,15.1,1949.5,152.87,7,14.038654909278163,kolkata
Hyundai Grand i10,Hyundai,Grand i10,12,90000.0,1,Diesel,Manual,24.0,1120.0,70.0,5,12.506180941677357,kolkata
Maruti Swift Dzire,Maruti,Swift Dzire,5,20000.0,1,Petrol,Manual,22.41,1197.0,88.5,5,13.541075028051122,kolkata
Audi A4,Audi,A4,12,86947.0,2,Diesel,Automatic,16.55,1949.5,147.51,5,13.815511557963774,kolkata
Tata Nexon,Tata,Nexon,6,17466.0,1,Petrol,Manual,17.0,1198.0,108.5,5,13.53314897324916,kolkata
Honda WR-V,Honda,WR-V,9,32844.0,2,Petrol,Manual,17.5,1199.0,88.7,5,13.28957298843418,kolkata
Maruti XL6,Maruti,XL6,6,30000.0,1,Petrol,Manual,19.01,1462.0,103.2,6,13.864301674514206,kolkata
Honda City,Honda,City,7,36937.0,1,Petrol,Manual,17.4,1497.0,117.6,5,13.428377879293798,kolkata
Honda WR-V,Honda,WR-V,9,50000.0,1,Petrol,Manual,17.5,1199.0,88.7,5,13.304686600863562,kolkata
Hyundai Verna,Hyundai,Verna,8,25314.0,2,Petrol,Automatic,17.0,1591.0,121.3,5,13.60479076121576,kolkata
Land Rover Range Rover Evoque,Land,Rover Range Rover Evoque,8,51620.0,2,Diesel,Automatic,15.68,1949.5,177.0,5,15.039286283703994,kolkata
Volkswagen Vento,Volkswagen,Vento,14,93097.0,1,Petrol,Manual,15.04,1598.0,103.6,5,12.567240979056246,kolkata
Maruti Wagon R,Maruti,Wagon R,16,76672.0,3,Petrol,Manual,18.9,998.0,67.1,5,11.849404844423074,kolkata
Honda City,Honda,City,11,42000.0,2,Diesel,Manual,25.1,1498.0,98.6,5,13.171155446333852,kolkata
BMW 6 Series,BMW,6 Series,8,44226.0,3,Diesel,Automatic,17.09,1949.5,180.02499999999998,4,15.176487367510099,kolkata
Volkswagen Polo,Volkswagen,Polo,13,40000.0,1,Petrol,Manual,16.47,1198.0,74.0,5,12.206077645517674,kolkata
Jeep Meridian,Jeep,Meridian,4,13400.0,1,Diesel,Automatic,15.7,1949.5,167.67,7,14.99416586199818,kolkata
Renault KWID,Renault,KWID,7,19720.0,1,Petrol,Manual,23.01,999.0,67.0,5,12.73670383776449,kolkata
Maruti Grand Vitara,Maruti,Grand Vitara,3,4732.0,1,Petrol,Automatic,27.97,1490.0,91.18,5,14.45736497045232,kolkata
MG Hector Plus,MG,Hector Plus,5,38380.0,1,Petrol,Automatic,11.67,1451.0,141.0,6,14.220976332738882,kolkata
Mahindra Scorpio,Mahindra,Scorpio,16,67357.0,1,Diesel,Manual,12.05,1949.5,120.0,9,12.59473402514672,kolkata
Maruti Zen Estilo,Maruti,Zen Estilo,16,40000.0,1,Petrol,Manual,19.0,998.0,67.1,5,11.502885230075814,kolkata
Tata Tiago,Tata,Tiago,7,35912.0,1,Petrol,Manual,23.84,1199.0,83.83,5,12.785493861878301,kolkata
Maruti Baleno,Maruti,Baleno,7,22343.0,1,Petrol,Manual,21.4,1197.0,83.1,5,13.206706364071684,kolkata
Hyundai EON,Hyundai,EON,13,10000.0,1,Petrol,Manual,21.1,814.0,55.2,5,12.25486757159303,kolkata
Renault Duster,Renault,Duster,11,85735.0,2,Diesel,Manual,19.64,1461.0,108.45,5,12.931205293247745,kolkata
Maruti Alto K10,Maruti,Alto K10,15,42792.0,1,Petrol,Manual,24.39,998.0,65.71,5,11.849404844423074,kolkata
Maruti Ritz,Maruti,Ritz,15,96609.0,2,Petrol,Manual,18.5,1197.0,85.8,5,11.849404844423074,kolkata
Honda Jazz,Honda,Jazz,11,78990.0,1,Diesel,Manual,27.3,1498.0,98.6,5,12.429220196836383,kolkata
Honda City,Honda,City,10,51618.0,2,Petrol,Manual,17.8,1497.0,117.3,5,12.969214528909768,kolkata
Mahindra XUV500,Mahindra,XUV500,7,83508.0,2,Diesel,Manual,15.1,1949.5,152.87,7,13.920771968711371,kolkata
Hyundai Santro Xing,Hyundai,Santro Xing,19,40000.0,1,Petrol,Manual,17.92,1086.0,62.1,5,11.51293546492023,kolkata
Skoda Superb,Skoda,Superb,16,60000.0,2,Petrol,Automatic,12.6,1798.0,161.6,5,12.487488878546145,kolkata
Mahindra XUV300,Mahindra,XUV300,5,25000.0,1,Petrol,Automatic,16.5,1197.0,108.62,5,13.840204146163925,kolkata
Hyundai i20,Hyundai,i20,4,14636.0,1,Petrol,Manual,21.0,1197.0,81.8,5,13.658857917508856,kolkata
Mahindra XUV500,Mahindra,XUV500,10,80000.0,2,Diesel,Manual,16.0,1949.5,140.0,7,13.45883704259595,kolkata
Honda Amaze,Honda,Amaze,5,20000.0,1,Petrol,Automatic,18.3,1199.0,88.5,5,13.629182184591333,kolkata
Hyundai Aura,Hyundai,Aura,6,20000.0,1,Petrol,Manual,20.5,1197.0,81.86,5,13.445896549926763,kolkata
Hyundai Verna,Hyundai,Verna,8,13000.0,1,Petrol,Manual,17.0,1591.0,121.3,5,13.591117476312084,kolkata
Jeep Compass,Jeep,Compass,7,22000.0,1,Diesel,Manual,17.1,1949.5,170.63,5,14.253766134056512,kolkata
Maruti Swift Dzire,Maruti,Swift Dzire,5,20000.0,1,Petrol,Manual,22.41,1197.0,88.5,5,13.527829818844937,kolkata
Hyundai Santro Xing,Hyundai,Santro Xing,12,59005.0,1,Petrol,Manual,17.92,1086.0,62.1,5,12.08954444723597,kolkata
Maruti Swift,Maruti,Swift,16,71156.0,2,Petrol,Manual,22.38,1197.0,88.5,5,12.001511614739405,kolkata
Honda City,Honda,City,8,50000.0,1,Petrol,Manual,17.4,1497.0,117.6,5,13.403022345492023,kolkata
Maruti Alto 800,Maruti,Alto 800,7,2707.0,1,Petrol,Manual,22.05,796.0,47.33,5,12.54254845357358,kolkata
Hyundai Santro,Hyundai,Santro,6,78211.0,1,Petrol,Manual,20.3,1086.0,68.05,5,12.826651821423713,kolkata
Hyundai Verna,Hyundai,Verna,9,67793.0,1,Diesel,Manual,22.0,1582.0,126.2,5,13.304686600863562,kolkata
Tata Tiago,Tata,Tiago,9,48548.0,1,Diesel,Manual,27.28,1047.0,69.0,5,12.647551406590285,kolkata
Ford Fiesta Classic,Ford,Fiesta Classic,13,150000.0,1,Diesel,Manual,19.68,1399.0,67.0,5,12.206077645517674,kolkata
Maruti A-Star,Maruti,A-Star,16,46559.0,1,Petrol,Manual,19.0,998.0,66.1,5,11.995357787034976,kolkata
Hyundai Creta,Hyundai,Creta,11,93177.0,1,Petrol,Manual,15.29,1591.0,121.3,5,13.174957725054906,kolkata
Hyundai Elantra,Hyundai,Elantra,9,60000.0,3,Diesel,Automatic,18.23,1582.0,126.2,5,13.592368256649284,kolkata
Mercedes-Benz GLC,Mercedes-Benz,GLC,9,60001.0,1,Diesel,Automatic,17.9,1949.5,170.0,5,14.827111833279051,kolkata
Maruti Swift,Maruti,Swift,12,45000.0,1,Petrol,Manual,18.6,1197.0,85.8,5,12.608202196848836,kolkata
Hyundai Aura,Hyundai,Aura,4,10000.0,1,Petrol,Automatic,20.1,1197.0,81.86,5,13.493928313146206,kolkata
Hyundai Verna,Hyundai,Verna,8,40000.0,3,Petrol,Manual,19.1,1368.0,98.6,5,13.304686600863562,kolkata
Hyundai Verna,Hyundai,Verna,7,38506.0,1,Diesel,Automatic,22.0,1582.0,126.2,5,13.710151153416941,kolkata
Honda Amaze,Honda,Amaze,11,60000.0,1,Petrol,Manual,18.0,1198.0,86.7,5,12.524530013005734,kolkata
Renault KWID,Renault,KWID,5,10000.0,1,Petrol,Automatic,22.0,999.0,67.0,5,13.081543466215237,kolkata
Hyundai i10,Hyundai,i10,18,50000.0,1,Petrol,Manual,19.81,1086.0,68.05,5,11.775297421715827,kolkata
Maruti Celerio,Maruti,Celerio,9,28000.0,1,Petrol,Manual,23.1,998.0,67.04,5,12.691583538230217,kolkata
Hyundai i10,Hyundai,i10,15,49342.0,2,Petrol,Manual,19.81,1086.0,68.05,5,11.964007453736912,kolkata
Hyundai i10,Hyundai,i10,16,76725.0,2,Petrol,Manual,20.36,1197.0,78.9,5,12.083910661257521,kolkata
Maruti A-Star,Maruti,A-Star,17,80000.0,2,Petrol,Manual,19.0,998.0,66.1,5,11.51293546492023,kolkata
Tata Nexon,Tata,Nexon,8,83234.0,1,Diesel,Manual,21.5,1497.0,108.5,5,13.142166004700508,kolkata
Renault Kiger,Renault,Kiger,5,9595.0,1,Petrol,Manual,19.17,999.0,71.01,5,13.475834594887509,kolkata
Maruti Baleno,Maruti,Baleno,8,30000.0,1,Petrol,Manual,21.4,1197.0,83.1,5,13.122365377402328,kolkata
Renault Kiger,Renault,Kiger,5,6948.0,1,Petrol,Manual,20.5,999.0,98.63,5,13.606024566142413,kolkata
Ford Ecosport,Ford,Ecosport,11,45000.0,1,Petrol,Manual,18.88,999.0,123.37,5,12.959846800844963,kolkata
Hyundai Grand i10 Nios,Hyundai,Grand i10 Nios,4,9943.0,1,Petrol,Automatic,20.7,1197.0,81.86,5,13.450228680410094,kolkata
Maruti Alto 800,Maruti,Alto 800,13,31062.0,3,Petrol,Manual,22.74,796.0,47.3,5,12.04355959836804,kolkata
Renault KWID,Renault,KWID,9,40000.0,2,Petrol,Manual,23.01,999.0,67.0,5,12.449018824140563,kolkata
Hyundai i10,Hyundai,i10,16,57000.0,2,Petrol,Manual,20.36,1197.0,78.9,5,12.128116509451258,kolkata
Chevrolet Cruze,Chevrolet,Cruze,15,60000.0,1,Diesel,Automatic,18.1,1949.5,147.9,5,12.765691290604371,kolkata
Hyundai Creta,Hyundai,Creta,7,23000.0,1,Petrol,Manual,15.29,1591.0,121.3,5,13.840204146163925,kolkata
Hyundai Grand i10,Hyundai,Grand i10,8,50000.0,1,Diesel,Manual,24.0,1186.0,73.97,5,12.971542813248437,kolkata
Honda City,Honda,City,6,30000.0,2,Petrol,Automatic,17.4,1497.0,117.6,5,13.652992804936396,kolkata
Mahindra XUV500,Mahindra,XUV500,8,55000.0,1,Diesel,Manual,16.0,1949.5,140.0,7,13.863348840666827,kolkata
Hyundai i20,Hyundai,i20,5,20000.0,1,Petrol,Manual,21.0,1197.0,81.8,5,13.710151153416941,kolkata
Toyota Etios Liva,Toyota,Etios Liva,11,50000.0,1,Petrol,Manual,17.71,1197.0,78.9,5,12.611541086966115,kolkata
Honda Amaze,Honda,Amaze,10,46940.0,1,Diesel,Manual,27.4,1498.0,98.63,5,12.879019669789754,kolkata
Maruti Wagon R,Maruti,Wagon R,4,12315.0,1,Petrol,Manual,23.56,1197.0,88.5,5,13.267330877756825,kolkata
Maruti Alto 800,Maruti,Alto 800,13,15584.0,1,Petrol,Manual,22.74,796.0,47.3,5,12.25486757159303,kolkata
Honda City,Honda,City,12,64400.0,1,Diesel,Manual,26.0,1498.0,98.6,5,12.92391243868049,kolkata
Maruti Swift,Maruti,Swift,8,13067.0,1,Petrol,Automatic,21.21,1197.0,81.8,5,13.331003865890963,kolkata
Maruti Alto 800,Maruti,Alto 800,5,15264.0,1,Petrol,Manual,22.05,796.0,47.33,5,12.712893259942282,kolkata
Kia Seltos,Kia,Seltos,4,11853.0,1,Diesel,Automatic,18.0,1493.0,113.43,5,14.417091092943783,kolkata
Maruti Alto K10,Maruti,Alto K10,7,7843.0,1,Petrol,Manual,23.95,998.0,67.05,5,12.84529412258351,kolkata
Hyundai i20,Hyundai,i20,5,2501.0,1,Petrol,Automatic,19.65,1197.0,86.76,5,13.652992804936396,kolkata
Maruti Alto 800,Maruti,Alto 800,4,9285.0,1,Petrol,Manual,22.05,796.0,47.33,5,12.84529412258351,kolkata
Maruti Alto 800,Maruti,Alto 800,12,51215.0,1,Petrol,Manual,22.74,796.0,47.3,5,12.25486757159303,kolkata
Kia Seltos,Kia,Seltos,5,11000.0,1,Petrol,Manual,16.8,1497.0,113.4,5,14.115615891155079,kolkata
Mahindra XUV500,Mahindra,XUV500,5,10000.0,1,Diesel,Manual,15.1,1949.5,152.87,7,14.187074804051692,kolkata
Hyundai Venue,Hyundai,Venue,5,40000.0,1,Petrol,Manual,17.52,1197.0,81.86,5,13.384729180332174,kolkata
Honda Mobilio,Honda,Mobilio,12,25000.0,1,Petrol,Manual,17.3,1497.0,117.3,7,12.899222326086994,kolkata
Maruti Swift,Maruti,Swift,16,80000.0,4,Petrol,Manual,16.1,1197.0,85.0,5,12.013706813470414,kolkata
Hyundai Venue,Hyundai,Venue,5,8126.0,1,Petrol,Manual,18.27,998.0,118.35,5,13.785051350479566,kolkata
Maruti Wagon R,Maruti,Wagon R,10,42000.0,1,Petrol,Automatic,20.51,998.0,67.0,5,12.706850963741102,kolkata
Maruti Swift Dzire,Maruti,Swift Dzire,13,32000.0,2,Diesel,Manual,23.4,1248.0,74.0,5,12.821260987319457,kolkata
Maruti Alto 800,Maruti,Alto 800,7,11736.0,1,Petrol,Manual,24.7,796.0,47.3,5,12.637858308703688,kolkata
Hyundai i10,Hyundai,i10,12,21679.0,1,Petrol,Manual,20.36,1197.0,78.9,5,12.560247968016562,kolkata
Maruti Vitara Brezza,Maruti,Vitara Brezza,9,39000.0,1,Diesel,Manual,24.3,1248.0,88.5,5,13.45883704259595,kolkata
Maruti Alto 800,Maruti,Alto 800,5,11333.0,1,Petrol,Manual,22.05,796.0,47.33,5,12.813119851828635,kolkata
Maruti Alto 800,Maruti,Alto 800,7,13440.0,1,Petrol,Manual,22.05,796.0,47.33,5,12.672949516558306,kolkata
Skoda Superb,Skoda,Superb,7,46900.0,2,Diesel,Automatic,18.19,1949.5,174.5,5,14.343193888767015,kolkata
Maruti Wagon R,Maruti,Wagon R,6,18930.0,1,Cng,Manual,28.25,998.0,58.33,5,13.120363378739663,kolkata
Mahindra XUV500,Mahindra,XUV500,8,80000.0,1,Diesel,Manual,16.0,1949.5,140.0,7,13.815511557963774,kolkata
Maruti Wagon R,Maruti,Wagon R,6,17851.0,1,Cng,Manual,28.25,998.0,58.33,5,13.060490101343552,kolkata
Maruti Alto 800,Maruti,Alto 800,5,22392.0,1,Petrol,Manual,22.05,796.0,47.33,5,12.73670383776449,kolkata
Kia Carens,Kia,Carens,4,29017.0,1,Petrol,Manual,16.2,1353.0,138.05,7,14.187074804051692,kolkata
Jeep Compass,Jeep,Compass,5,9000.0,1,Petrol,Manual,14.1,1368.0,160.0,5,14.282384921160133,kolkata
Maruti Zen,Maruti,Zen,23,30000.0,1,Petrol,Manual,17.3,993.0,60.0,5,10.819798284210286,kolkata
Hyundai EON,Hyundai,EON,9,10000.0,1,Petrol,Manual,21.1,814.0,55.2,5,12.506180941677357,kolkata
Hyundai Venue,Hyundai,Venue,5,30559.0,1,Petrol,Manual,18.27,998.0,118.35,5,13.681980308196241,kolkata
Hyundai Creta,Hyundai,Creta,8,60000.0,2,Diesel,Automatic,17.6,1582.0,126.2,5,13.652992804936396,kolkata
Ford Aspire,Ford,Aspire,10,50000.0,1,Petrol,Manual,18.16,1196.0,86.8,5,12.611541086966115,kolkata
Hyundai i20,Hyundai,i20,14,20000.0,1,Petrol,Manual,18.5,1197.0,180.02499999999998,5,12.429220196836383,kolkata
Renault KWID,Renault,KWID,4,10000.0,1,Petrol,Automatic,22.0,999.0,67.0,5,13.199326270390594,kolkata
Toyota Etios Cross,Toyota,Etios Cross,12,19830.0,1,Petrol,Manual,18.16,1197.0,78.8,5,12.706850963741102,kolkata
Maruti S-Presso,Maruti,S-Presso,6,24670.0,1,Petrol,Manual,21.7,998.0,65.71,5,12.921472880009725,kolkata
Hyundai Grand i10,Hyundai,Grand i10,7,14327.0,1,Petrol,Manual,18.9,1197.0,81.86,5,13.089842251812337,kolkata
Jeep Compass,Jeep,Compass,8,50000.0,1,Diesel,Manual,17.1,1949.5,170.63,5,14.151983508870947,kolkata
Maruti Alto K10,Maruti,Alto K10,12,18987.0,1,Petrol,Manual,20.92,998.0,67.1,5,12.384223015005313,kolkata
Maruti Alto K10,Maruti,Alto K10,7,55973.0,1,Petrol,Manual,23.95,998.0,67.05,5,12.721888795877375,kolkata
Hyundai Verna,Hyundai,Verna,5,9000.0,2,Petrol,Automatic,18.45,1497.0,113.18,5,13.878486296092358,kolkata
Maruti Alto 800,Maruti,Alto 800,7,27094.0,1,Petrol,Manual,24.7,796.0,47.3,5,12.660331092405906,kolkata
Maruti Alto,Maruti,Alto,18,60000.0,2,Petrol,Manual,19.7,796.0,46.3,5,11.289794413577894,kolkata
Hyundai Grand i10 Nios,Hyundai,Grand i10 Nios,6,4914.0,1,Petrol,Manual,20.7,1197.0,81.86,5,13.327751835792448,kolkata
Maruti Zen Estilo,Maruti,Zen Estilo,13,25171.0,1,Petrol,Manual,19.0,998.0,67.1,5,12.43320821811392,kolkata
Tata Nexon,Tata,Nexon,8,40000.0,1,Petrol,Manual,17.0,1198.0,108.5,5,13.26212705890841,kolkata
Jeep Compass,Jeep,Compass,8,42000.0,1,Diesel,Manual,17.1,1949.5,170.0,5,13.81451105863119,kolkata
Hyundai Venue,Hyundai,Venue,6,28400.0,1,Petrol,Manual,18.27,998.0,118.35,5,13.457407451830088,kolkata
Hyundai Verna,Hyundai,Verna,17,61000.0,1,Diesel,Manual,16.8,1493.0,110.0,5,12.07254696717504,kolkata
Mahindra XUV500,Mahindra,XUV500,11,75760.0,1,Diesel,Manual,15.1,1949.5,140.0,7,13.303018546545275,kolkata
Hyundai Grand i10,Hyundai,Grand i10,11,31000.0,1,Petrol,Manual,18.9,1197.0,82.0,5,12.721888795877375,kolkata
Hyundai Verna,Hyundai,Verna,11,54000.0,1,Diesel,Automatic,19.08,1582.0,126.2,5,13.017005083966255,kolkata
Volkswagen Polo,Volkswagen,Polo,12,60000.0,2,Petrol,Manual,16.47,1198.0,74.0,5,12.611541086966115,kolkata
Honda Brio,Honda,Brio,13,68943.0,1,Petrol,Manual,19.4,1198.0,86.8,5,12.201065128819632,kolkata
Maruti Alto 800,Maruti,Alto 800,4,8582.0,1,Petrol,Manual,22.05,796.0,47.33,5,12.896719202134523,kolkata
Maruti Alto 800,Maruti,Alto 800,7,22868.0,1,Petrol,Manual,22.05,796.0,47.33,5,12.703816069256568,kolkata
Maruti Vitara Brezza,Maruti,Vitara Brezza,10,76165.0,1,Diesel,Manual,24.3,1248.0,88.5,5,13.217675375388819,kolkata
Hyundai Grand i10 Nios,Hyundai,Grand i10 Nios,6,27047.0,1,Petrol,Manual,20.7,1197.0,81.86,5,13.260386417460465,kolkata
Maruti Swift Dzire,Maruti,Swift Dzire,9,35538.0,1,Petrol,Automatic,21.21,1197.0,81.8,5,13.165424782571753,kolkata
Maruti Swift,Maruti,Swift,10,76293.0,1,Petrol,Manual,22.0,1197.0,81.8,5,12.896719202134523,kolkata
Datsun GO,Datsun,GO,8,34000.0,1,Petrol,Manual,20.63,1198.0,67.0,5,12.128116509451258,kolkata
Honda City,Honda,City,4,12113.0,1,Petrol,Automatic,18.3,1498.0,119.35,5,14.07710606547538,kolkata
Hyundai Creta,Hyundai,Creta,8,87172.0,1,Petrol,Manual,15.8,1591.0,121.3,5,13.626768433367397,kolkata
Maruti Alto,Maruti,Alto,5,20000.0,1,Petrol,Manual,18.9,1061.0,47.0,5,12.611541086966115,kolkata
Honda City,Honda,City,12,55000.0,1,Diesel,Manual,26.0,1498.0,98.6,5,12.886643575525625,kolkata
Hyundai i20,Hyundai,i20,13,51321.0,1,Diesel,Manual,21.9,1396.0,88.8,5,12.54254845357358,kolkata
Land Rover Range Rover Evoque,Land,Rover Range Rover Evoque,7,29781.0,1,Petrol,Automatic,15.68,1949.5,180.02499999999998,5,15.404541864743981,kolkata
Skoda Kushaq,Skoda,Kushaq,4,15400.0,0,Petrol,Manual,19.2,999.0,113.98,5,14.038654909278163,kolkata
Ford Ecosport,Ford,Ecosport,5,21000.0,2,Diesel,Manual,21.7,1498.0,98.96,5,13.70903942580019,kolkata
Hyundai Creta,Hyundai,Creta,7,34000.0,1,Diesel,Manual,20.5,1582.0,126.2,5,13.652992804936396,kolkata
MG Gloster,MG,Gloster,5,19000.0,1,Diesel,Automatic,12.4,1949.5,180.02499999999998,6,14.978661680269907,kolkata
Hyundai EON,Hyundai,EON,11,65595.0,1,Petrol,Manual,21.1,814.0,55.2,5,12.413090879946887,kolkata
Ford Ecosport,Ford,Ecosport,12,10000.0,1,Diesel,Manual,22.7,1498.0,89.84,5,13.081543466215237,kolkata
Mahindra XUV500,Mahindra,XUV500,8,51441.0,1,Diesel,Manual,15.1,1949.5,152.87,7,13.92973259411456,kolkata
Ford Ecosport,Ford,Ecosport,12,70057.0,3,Diesel,Manual,22.7,1498.0,89.84,5,12.945628585536271,kolkata
Kia Seltos,Kia,Seltos,6,14000.0,1,Petrol,Manual,16.8,1497.0,113.43,5,13.864301674514206,kolkata
Skoda Rapid,Skoda,Rapid,6,35984.0,1,Petrol,Manual,18.97,999.0,108.62,5,13.506265669993544,kolkata
Renault Captur,Renault,Captur,9,80443.0,1,Diesel,Manual,20.37,1461.0,108.45,5,13.244582780038517,kolkata
Toyota Innova,Toyota,Innova,18,150000.0,2,Diesel,Manual,12.8,1949.5,102.0,8,12.206077645517674,kolkata
Mahindra XUV500,Mahindra,XUV500,12,87893.0,2,Diesel,Manual,15.1,1949.5,140.0,7,13.351888125506433,kolkata
Maruti Wagon R,Maruti,Wagon R,17,120000.0,2,Lpg,Manual,17.3,1061.0,57.5,5,11.082157933374816,kolkata
Hyundai i20 Active,Hyundai,i20 Active,11,49441.0,1,Diesel,Manual,21.19,1396.0,88.73,5,13.159661088928443,kolkata
MG Astor,MG,Astor,4,6015.0,1,Petrol,Automatic,14.34,1349.0,138.08,5,14.289880266996992,kolkata
Jeep Compass,Jeep,Compass,9,34441.0,1,Diesel,Manual,17.1,1949.5,170.0,5,13.910821646859095,kolkata
Maruti Ertiga,Maruti,Ertiga,7,30000.0,1,Petrol,Manual,19.34,1462.0,103.0,7,13.652992804936396,kolkata
Audi Q3,Audi,Q3,12,68000.0,1,Diesel,Automatic,15.73,1949.5,174.33,5,13.815511557963774,kolkata
Ford Figo,Ford,Figo,12,55000.0,1,Petrol,Manual,15.6,1196.0,70.02,5,11.918397239722838,kolkata
Hyundai i10,Hyundai,i10,12,37000.0,1,Petrol,Manual,20.36,1197.0,78.9,5,12.384223015005313,kolkata
Datsun GO Plus,Datsun,GO Plus,10,40000.0,1,Petrol,Manual,20.62,1198.0,67.0,7,12.54254845357358,kolkata
Jeep Compass,Jeep,Compass,5,40300.0,1,Diesel,Automatic,14.9,1949.5,167.67,5,14.53335083891935,kolkata
Toyota Innova,Toyota,Innova,15,125000.0,1,Diesel,Manual,12.8,1949.5,102.0,8,13.017005083966255,kolkata
Maruti Alto 800,Maruti,Alto 800,6,43317.0,1,Petrol,Manual,22.05,796.0,47.33,5,12.663500657121004,kolkata
Maruti Alto 800,Maruti,Alto 800,6,21298.0,1,Petrol,Manual,22.05,796.0,47.33,5,12.724869415131389,kolkata
Honda WR-V,Honda,WR-V,6,33393.0,1,Petrol,Manual,16.5,1199.0,88.5,5,13.440091026807503,kolkata
Hyundai Grand i10,Hyundai,Grand i10,12,34622.0,1,Diesel,Manual,24.0,1120.0,70.0,5,12.69771850797869,kolkata
Maruti Eeco,Maruti,Eeco,7,21166.0,1,Petrol,Manual,19.71,1197.0,79.65,5,12.886643575525625,kolkata
Hyundai Creta,Hyundai,Creta,7,126254.0,1,Diesel,Automatic,17.6,1582.0,126.2,5,13.704578997256993,kolkata
Jaguar F-TYPE,Jaguar,F-TYPE,12,31828.0,3,Petrol,Automatic,15.15,1949.5,180.02499999999998,2,15.671808704579888,kolkata
Datsun GO,Datsun,GO,10,43595.0,1,Petrol,Manual,20.63,1198.0,67.0,5,12.520887034998584,kolkata
Maruti Ciaz,Maruti,Ciaz,11,22276.0,1,Petrol,Manual,20.73,1373.0,91.1,5,12.948012371209098,kolkata
Maruti Eeco,Maruti,Eeco,16,100000.0,3,Petrol,Manual,15.37,1196.0,73.0,7,11.918397239722838,kolkata
Maruti Eeco,Maruti,Eeco,16,60000.0,3,Petrol,Manual,15.37,1196.0,73.0,7,11.849404844423074,kolkata
Hyundai i10,Hyundai,i10,10,10415.0,1,Petrol,Manual,20.36,1197.0,78.9,5,12.577639650232573,kolkata
Maruti Eeco,Maruti,Eeco,13,20000.0,1,Petrol,Manual,15.37,1196.0,73.0,5,11.982935344196433,kolkata
Tata Punch,Tata,Punch,4,10000.0,2,Petrol,Manual,20.09,1199.0,86.63,5,13.28787951079572,kolkata
Maruti Alto 800,Maruti,Alto 800,19,30000.0,2,Petrol,Manual,24.7,796.0,47.3,5,10.239995502805316,kolkata
Maruti Wagon R,Maruti,Wagon R,21,60000.0,1,Petrol,Manual,18.9,998.0,67.1,5,10.596659732783579,kolkata
Hyundai Grand i10,Hyundai,Grand i10,10,90000.0,1,Petrol,Manual,18.9,1197.0,82.0,5,12.899222326086994,kolkata
Honda WR-V,Honda,WR-V,7,42015.0,1,Diesel,Manual,25.5,1498.0,98.6,5,13.575984798046763,kolkata
Toyota Corolla Altis,Toyota,Corolla Altis,8,72456.0,1,Diesel,Manual,21.43,1364.0,86.79,5,13.70903942580019,kolkata
Mahindra Renault Logan,Mahindra,Renault Logan,17,60000.0,1,Diesel,Manual,19.2,1461.0,65.0,5,11.736077016252437,kolkata
Maruti Ritz,Maruti,Ritz,12,116032.0,1,Diesel,Manual,23.2,1248.0,73.94,5,12.498745990829315,kolkata
Volkswagen Vento,Volkswagen,Vento,12,30000.0,1,Diesel,Manual,20.34,1498.0,103.2,5,12.73670383776449,kolkata
Ford Endeavour,Ford,Endeavour,7,40000.0,1,Diesel,Automatic,10.91,1949.5,180.02499999999998,7,14.845130332288226,kolkata
Tata Tiago,Tata,Tiago,9,40000.0,2,Petrol,Manual,23.84,1199.0,84.0,5,12.487488878546145,kolkata
Tata Tiago,Tata,Tiago,9,40000.0,2,Diesel,Manual,27.28,1047.0,69.0,5,12.487488878546145,kolkata
Mahindra XUV500,Mahindra,XUV500,10,51000.0,1,Diesel,Manual,16.0,1949.5,140.0,7,13.45883704259595,kolkata
Hyundai Grand i10,Hyundai,Grand i10,9,30000.0,1,Petrol,Manual,18.9,1197.0,81.86,5,13.017005083966255,kolkata
Maruti Ertiga,Maruti,Ertiga,5,15885.0,1,Petrol,Manual,19.01,1462.0,103.26,7,13.76421831620775,kolkata
Renault Duster,Renault,Duster,13,65000.0,1,Diesel,Manual,20.45,1461.0,83.8,5,12.206077645517674,kolkata
Audi A3,Audi,A3,8,10000.0,1,Petrol,Automatic,19.8,1395.0,150.0,5,14.403297778421795,kolkata
Hyundai EON,Hyundai,EON,9,20000.0,1,Petrol,Manual,21.1,814.0,55.2,5,11.982935344196433,kolkata
BMW 3 Series,BMW,3 Series,11,70000.0,2,Diesel,Automatic,18.88,1949.5,180.02499999999998,5,13.815511557963774,kolkata
Ford Endeavour,Ford,Endeavour,10,50000.0,1,Diesel,Automatic,12.62,1949.5,158.0,7,14.346139397261565,kolkata
Mahindra XUV500,Mahindra,XUV500,12,53000.0,1,Diesel,Manual,15.1,1949.5,140.0,7,13.122365377402328,kolkata
Honda City,Honda,City,5,10000.0,1,Petrol,Automatic,18.3,1498.0,119.35,5,14.014362236381235,kolkata
Tata Tiago,Tata,Tiago,6,20000.0,1,Petrol,Manual,20.09,1199.0,84.82,5,12.987690762404629,kolkata
Kia Carens,Kia,Carens,4,33000.0,1,Petrol,Manual,16.2,1353.0,138.05,7,13.997832948091215,kolkata
Honda Civic,Honda,Civic,18,60000.0,3,Petrol,Automatic,12.9,1799.0,130.0,5,11.918397239722838,kolkata
BMW 3 Series,BMW,3 Series,16,20000.0,3,Petrol,Automatic,12.05,1949.5,154.0,5,12.899222326086994,kolkata
Maruti Eeco,Maruti,Eeco,5,20000.0,1,Petrol,Manual,16.11,1196.0,72.41,7,12.948012371209098,kolkata
Hyundai Grand i10,Hyundai,Grand i10,13,20000.0,2,Petrol,Manual,18.9,1197.0,82.0,5,12.154784614286667,kolkata
Maruti Eeco,Maruti,Eeco,16,50000.0,3,Petrol,Manual,15.37,1196.0,73.0,7,12.07254696717504,kolkata
Maruti Eeco,Maruti,Eeco,16,50000.0,3,Petrol,Manual,15.37,1196.0,73.0,7,12.07254696717504,kolkata
Renault Triber,Renault,Triber,6,30000.0,1,Petrol,Manual,20.0,999.0,71.01,7,13.217675375388819,kolkata
Mahindra Thar,Mahindra,Thar,4,10000.0,1,Petrol,Manual,15.2,1949.5,150.0,4,14.151983508870947,kolkata
Mahindra Scorpio,Mahindra,Scorpio,19,120000.0,4,Diesel,Manual,10.5,1949.5,120.0,7,11.695255355062795,kolkata
Hyundai Grand i10 Nios,Hyundai,Grand i10 Nios,5,40000.0,1,Petrol,Manual,20.7,1197.0,81.86,5,13.384729180332174,kolkata
Hyundai i20,Hyundai,i20,7,10000.0,1,Petrol,Manual,18.6,1197.0,81.86,5,13.304686600863562,kolkata
Maruti Celerio X,Maruti,Celerio X,7,28689.0,1,Petrol,Automatic,21.63,998.0,67.0,5,13.017005083966255,kolkata
Mercedes-Benz E-Class,Mercedes-Benz,E-Class,13,42719.0,3,Petrol,Automatic,10.93,1949.5,180.02499999999998,2,14.827111833279051,kolkata
Maruti Alto,Maruti,Alto,22,30000.0,1,Petrol,Manual,19.7,796.0,46.3,5,10.714439990727769,kolkata
Hyundai Creta,Hyundai,Creta,10,69150.0,1,Petrol,Manual,15.29,1591.0,121.3,5,13.303018546545275,kolkata
Mahindra Scorpio,Mahindra,Scorpio,11,65480.0,1,Diesel,Manual,15.4,1949.5,75.0,9,13.45883704259595,kolkata
Hyundai i20,Hyundai,i20,8,42411.0,1,Petrol,Manual,18.6,1197.0,81.83,5,13.217675375388819,kolkata
Honda City,Honda,City,11,72000.0,1,Petrol,Manual,17.4,1497.0,117.3,5,12.721888795877375,kolkata
Mahindra Xylo,Mahindra,Xylo,11,66000.0,1,Diesel,Manual,14.95,1949.5,93.7,7,12.611541086966115,kolkata
Renault KWID,Renault,KWID,7,11000.0,1,Petrol,Manual,23.01,999.0,67.0,5,12.765691290604371,kolkata
Honda City,Honda,City,10,23000.0,2,Petrol,Manual,17.8,1497.0,117.3,5,13.07107218827772,kolkata
Toyota Glanza,Toyota,Glanza,5,5000.0,1,Petrol,Automatic,19.56,1197.0,81.8,5,13.547632419997361,kolkata
Mercedes-Benz GLA Class,Mercedes-Benz,GLA Class,9,61901.0,1,Diesel,Automatic,17.9,1949.5,168.0,5,14.557448378884015,kolkata
Toyota Corolla Altis,Toyota,Corolla Altis,16,50000.0,1,Petrol,Manual,14.53,1798.0,138.1,5,12.429220196836383,kolkata
Ford Figo,Ford,Figo,16,41232.0,1,Petrol,Manual,15.6,1196.0,70.0,5,12.013706813470414,kolkata
Maruti Wagon R,Maruti,Wagon R,9,37000.0,1,Petrol,Automatic,20.51,998.0,67.0,5,12.765691290604371,kolkata
Audi Q3,Audi,Q3,9,34689.0,1,Diesel,Automatic,15.17,1949.5,180.02499999999998,5,14.346139397261565,kolkata
Hyundai Creta,Hyundai,Creta,7,32475.0,1,Petrol,Manual,15.8,1591.0,121.3,5,13.592368256649284,kolkata
Volvo XC40,Volvo,XC40,3,411.0,1,Petrol,Automatic,12.18,1949.5,180.02499999999998,5,15.308414878861498,kolkata
Land Rover Discovery Sport,Land,Rover Discovery Sport,7,33004.0,1,Petrol,Automatic,12.81,1949.5,180.02499999999998,7,15.214227685996272,kolkata
Audi Q5,Audi,Q5,16,50245.0,2,Petrol,Automatic,11.81,1949.5,180.02499999999998,5,13.710151153416941,kolkata
Mahindra XUV300,Mahindra,XUV300,5,24000.0,1,Diesel,Automatic,17.0,1497.0,115.0,5,13.933294482509151,kolkata
Maruti Swift,Maruti,Swift,13,39000.0,1,Diesel,Manual,22.9,1248.0,74.0,5,12.611541086966115,kolkata
Honda WR-V,Honda,WR-V,8,40000.0,1,Diesel,Manual,25.5,1498.0,98.6,5,13.217675375388819,kolkata
Toyota Corolla Altis,Toyota,Corolla Altis,14,65000.0,1,Diesel,Manual,21.43,1364.0,87.2,5,12.206077645517674,kolkata
Maruti Ciaz,Maruti,Ciaz,11,73000.0,1,Diesel,Manual,26.21,1248.0,88.5,5,12.834683971615659,kolkata
Hyundai Grand i10 Nios,Hyundai,Grand i10 Nios,6,29000.0,1,Petrol,Manual,20.7,1197.0,81.86,5,13.120363378739663,kolkata
Renault Duster,Renault,Duster,9,50000.0,1,Diesel,Automatic,19.6,1461.0,108.45,5,13.304686600863562,kolkata
Mercedes-Benz M-Class,Mercedes-Benz,M-Class,14,80000.0,1,Diesel,Automatic,11.74,1949.5,180.02499999999998,5,13.560619598657233,kolkata
Toyota Innova Crysta,Toyota,Innova Crysta,6,15000.0,1,Diesel,Manual,13.68,1949.5,147.51,7,14.403297778421795,kolkata
Toyota Fortuner,Toyota,Fortuner,9,56400.0,1,Diesel,Manual,14.24,1949.5,174.5,7,14.741752016731123,kolkata
Honda Brio,Honda,Brio,13,61000.0,1,Petrol,Manual,19.4,1198.0,86.8,5,12.154784614286667,kolkata
Jeep Compass,Jeep,Compass,8,28831.0,1,Diesel,Manual,16.3,1949.5,170.0,5,13.815511557963774,kolkata
Honda City,Honda,City,8,49000.0,1,Diesel,Manual,25.6,1498.0,97.9,5,13.579789490265188,kolkata
Honda City,Honda,City,10,27460.0,1,Petrol,Manual,17.8,1497.0,117.3,5,13.171155446333852,kolkata
Maruti Baleno,Maruti,Baleno,5,14000.0,1,Petrol,Automatic,19.56,1197.0,81.8,5,13.49254805258237,kolkata
Honda City,Honda,City,12,43985.0,1,Petrol,Manual,17.4,1497.0,117.3,5,12.983101310070822,kolkata
Hyundai i20,Hyundai,i20,14,28322.0,1,Petrol,Manual,17.0,1197.0,180.02499999999998,5,12.59473402514672,kolkata
Maruti Ignis,Maruti,Ignis,4,15000.0,1,Petrol,Manual,20.89,1197.0,81.8,5,13.26212705890841,kolkata
Ford Aspire,Ford,Aspire,9,71762.0,2,Petrol,Manual,18.16,1196.0,86.8,5,12.721888795877375,kolkata
Mahindra TUV 300,Mahindra,TUV 300,9,75000.0,1,Diesel,Manual,18.49,1493.0,100.0,7,13.303018546545275,kolkata
Maruti Ciaz,Maruti,Ciaz,9,79000.0,1,Petrol,Automatic,19.12,1373.0,91.1,5,13.384729180332174,kolkata
Honda City,Honda,City,10,38734.0,1,Petrol,Manual,17.8,1497.0,117.3,5,13.091904169919621,kolkata
Maruti Celerio,Maruti,Celerio,4,22000.0,1,Petrol,Manual,24.97,998.0,65.71,5,13.26212705890841,kolkata
Volkswagen Vento,Volkswagen,Vento,9,54000.0,1,Petrol,Automatic,18.19,1197.0,103.5,5,13.384729180332174,kolkata
Renault Duster,Renault,Duster,10,50000.0,1,Diesel,Manual,19.87,1461.0,83.8,5,13.017005083966255,kolkata
Honda BR-V,Honda,BR-V,10,68000.0,1,Diesel,Manual,21.9,1498.0,98.6,7,13.345508528717259,kolkata
Volkswagen Vento,Volkswagen,Vento,9,54000.0,1,Petrol,Automatic,18.19,1197.0,103.2,5,13.384729180332174,kolkata
Hyundai i20,Hyundai,i20,7,32337.0,1,Petrol,Manual,18.6,1197.0,81.86,5,13.208542908506082,kolkata
Maruti Ertiga,Maruti,Ertiga,7,21873.0,1,Petrol,Manual,19.34,1462.0,103.0,7,13.635188201437066,kolkata
Renault KWID,Renault,KWID,6,17330.0,1,Petrol,Manual,21.74,999.0,67.0,5,12.936036208848487,kolkata
Honda Amaze,Honda,Amaze,6,28316.0,1,Petrol,Manual,17.8,1198.0,86.7,5,13.208542908506082,kolkata
Honda City,Honda,City,5,19000.0,1,Petrol,Automatic,18.0,1497.0,117.6,5,13.790193775620484,kolkata
Hyundai Venue,Hyundai,Venue,5,22000.0,1,Petrol,Automatic,18.15,998.0,118.35,5,13.76421831620775,kolkata
Maruti Vitara Brezza,Maruti,Vitara Brezza,7,49000.0,1,Diesel,Manual,24.3,1248.0,88.5,5,13.586098651497313,kolkata
Maruti Ertiga,Maruti,Ertiga,9,48000.0,1,Diesel,Manual,24.52,1248.0,88.5,7,13.493928313146206,kolkata
Ford Ecosport,Ford,Ecosport,11,65000.0,1,Petrol,Manual,15.9,1496.0,120.69,5,13.07107218827772,kolkata
Hyundai Creta,Hyundai,Creta,8,51000.0,1,Petrol,Manual,15.29,1591.0,121.3,5,13.591117476312084,kolkata
Honda City,Honda,City,6,32000.0,1,Petrol,Automatic,17.4,1497.0,117.6,5,13.805461232211272,kolkata
Toyota Corolla Altis,Toyota,Corolla Altis,12,34000.0,1,Petrol,Manual,14.28,1798.0,138.03,5,13.345508528717259,kolkata
Maruti Ciaz,Maruti,Ciaz,9,65000.0,1,Diesel,Manual,28.09,1248.0,88.5,5,13.217675375388819,kolkata
Maruti Ciaz,Maruti,Ciaz,11,51000.0,1,Petrol,Manual,20.65,1462.0,103.25,5,13.171155446333852,kolkata
Toyota Urban cruiser,Toyota,Urban cruiser,4,17000.0,1,Petrol,Manual,17.03,1462.0,103.26,5,13.73755009757506,kolkata
Renault KWID,Renault,KWID,7,6971.0,1,Petrol,Manual,25.17,799.0,53.3,5,12.691583538230217,kolkata
Toyota Glanza,Toyota,Glanza,3,3000.0,1,Petrol,Manual,22.35,1197.0,88.5,5,13.70903942580019,kolkata
Maruti Alto 800,Maruti,Alto 800,8,27447.0,1,Petrol,Manual,24.7,796.0,47.3,5,12.574185427296195,kolkata
Maruti Swift Dzire,Maruti,Swift Dzire,8,22008.0,1,Petrol,Manual,21.21,1197.0,81.8,5,13.120363378739663,kolkata
Hyundai Alcazar,Hyundai,Alcazar,5,9000.0,1,Petrol,Manual,14.5,1949.5,156.82,7,14.316286451937186,kolkata
Hyundai Verna,Hyundai,Verna,11,44000.0,1,Petrol,Manual,17.01,1591.0,121.3,5,13.02805489573287,kolkata
Hyundai Creta,Hyundai,Creta,10,46000.0,1,Petrol,Automatic,13.0,1591.0,121.3,5,13.579789490265188,kolkata
Ford Ecosport,Ford,Ecosport,8,60000.0,1,Diesel,Manual,22.77,1498.0,98.59,5,13.303018546545275,kolkata
Toyota Yaris,Toyota,Yaris,8,37000.0,1,Petrol,Automatic,17.8,1496.0,105.94,5,13.591117476312084,kolkata
Audi Q5,Audi,Q5,9,40000.0,1,Diesel,Automatic,14.16,1949.5,174.3,5,14.580978865220017,kolkata
Maruti Baleno,Maruti,Baleno,6,9000.0,1,Petrol,Manual,21.4,1197.0,83.1,5,13.26212705890841,kolkata
Hyundai Creta,Hyundai,Creta,10,52000.0,1,Petrol,Manual,15.29,1591.0,121.3,5,13.303018546545275,kolkata
Maruti Baleno,Maruti,Baleno,9,30400.0,1,Petrol,Manual,21.4,1197.0,83.1,5,13.049794835104816,kolkata
Hyundai Venue,Hyundai,Venue,5,29000.0,1,Petrol,Automatic,18.15,998.0,118.35,5,13.76421831620775,kolkata
Mercedes-Benz E-Class,Mercedes-Benz,E-Class,6,20000.0,1,Diesel,Automatic,16.1,1949.5,180.02499999999998,5,15.527685728322309,kolkata
Honda City,Honda,City,6,32000.0,1,Petrol,Automatic,18.3,1498.0,119.35,5,13.805461232211272,kolkata
Hyundai Grand i10,Hyundai,Grand i10,12,45000.0,1,Petrol,Manual,18.9,1197.0,82.0,5,12.765691290604371,kolkata
Ford Endeavour,Ford,Endeavour,8,84000.0,1,Diesel,Automatic,10.91,1949.5,180.02499999999998,7,14.64406281221155,kolkata
Honda City,Honda,City,12,48000.0,1,Diesel,Manual,26.0,1498.0,98.6,5,13.060490101343552,kolkata
Honda Amaze,Honda,Amaze,10,49000.0,1,Petrol,Manual,17.8,1198.0,86.7,5,12.886643575525625,kolkata
Toyota Corolla Altis,Toyota,Corolla Altis,16,70000.0,1,Petrol,Manual,14.53,1798.0,138.1,5,12.524530013005734,kolkata
Hyundai Verna,Hyundai,Verna,14,65000.0,1,Diesel,Manual,22.32,1582.0,126.32,5,12.762830066509972,kolkata
Tata Nexon,Tata,Nexon,7,58000.0,1,Diesel,Automatic,21.5,1497.0,108.5,5,13.493928313146206,kolkata
Maruti Baleno,Maruti,Baleno,8,64000.0,1,Diesel,Manual,27.39,1248.0,74.0,5,12.994532278619134,kolkata
Mercedes-Benz GLA Class,Mercedes-Benz,GLA Class,10,35000.0,1,Petrol,Automatic,13.7,1949.5,180.02499999999998,5,14.316286451937186,kolkata
Honda Amaze,Honda,Amaze,10,50000.0,1,Petrol,Manual,18.0,1198.0,86.7,5,12.847929163278053,kolkata
Hyundai Grand i10,Hyundai,Grand i10,8,12000.0,1,Petrol,Manual,18.9,1197.0,81.86,5,13.07107218827772,kolkata
Maruti Swift Dzire,Maruti,Swift Dzire,10,50000.0,1,Petrol,Manual,21.21,1197.0,81.8,5,13.017005083966255,kolkata
Renault Duster,Renault,Duster,10,58000.0,1,Diesel,Manual,19.87,1461.0,83.8,5,13.049794835104816,kolkata
Audi A4,Audi,A4,14,50000.0,2,Diesel,Automatic,15.2,1949.5,140.8,5,13.76421831620775,kolkata
Maruti Alto 800,Maruti,Alto 800,6,16000.0,1,Petrol,Manual,22.05,796.0,47.33,5,12.691583538230217,kolkata
Volkswagen Polo,Volkswagen,Polo,16,75000.0,2,Petrol,Manual,16.47,1198.0,73.9,5,12.201065128819632,kolkata
Hyundai Creta,Hyundai,Creta,8,55000.0,1,Petrol,Manual,15.29,1591.0,121.3,5,13.493928313146206,kolkata
Maruti Baleno,Maruti,Baleno,8,54000.0,1,Diesel,Manual,27.39,1248.0,74.0,5,13.02805489573287,kolkata
Honda Jazz,Honda,Jazz,10,55000.0,1,Petrol,Manual,18.7,1199.0,88.7,5,12.896719202134523,kolkata
Hyundai Venue,Hyundai,Venue,5,29000.0,1,Petrol,Automatic,18.15,998.0,118.35,5,13.76421831620775,kolkata
Hyundai Verna,Hyundai,Verna,11,48000.0,1,Petrol,Manual,17.43,1396.0,105.5,5,12.896719202134523,kolkata
Honda Mobilio,Honda,Mobilio,12,45000.0,1,Petrol,Manual,17.3,1497.0,117.3,7,13.017005083966255,kolkata
Tata Nexon,Tata,Nexon,5,21000.0,1,Petrol,Manual,17.33,1199.0,118.35,5,13.51440681653079,kolkata
Hyundai Verna,Hyundai,Verna,13,52000.0,1,Petrol,Manual,17.01,1591.0,121.3,5,12.691583538230217,kolkata
Hyundai Xcent,Hyundai,Xcent,7,39000.0,1,Petrol,Manual,20.14,1197.0,81.86,5,13.120363378739663,kolkata
Honda Mobilio,Honda,Mobilio,12,55000.0,1,Petrol,Manual,17.3,1497.0,117.3,7,13.017005083966255,kolkata
Toyota Innova Crysta,Toyota,Innova Crysta,9,53000.0,1,Diesel,Manual,13.68,1949.5,147.51,7,14.375126917328105,kolkata
Kia Seltos,Kia,Seltos,6,23000.0,1,Petrol,Manual,16.5,1353.0,138.08,5,14.115615891155079,kolkata
Volkswagen Polo,Volkswagen,Polo,16,65000.0,1,Petrol,Manual,16.47,1198.0,73.9,5,12.201065128819632,kolkata
Hyundai i10,Hyundai,i10,10,45000.0,1,Petrol,Manual,19.81,1086.0,68.05,5,12.53897064502647,kolkata
Maruti Ciaz,Maruti,Ciaz,9,55000.0,1,Diesel,Automatic,28.09,1248.0,88.5,5,13.303018546545275,kolkata
Hyundai Grand i10,Hyundai,Grand i10,7,26000.0,1,Petrol,Manual,18.9,1197.0,81.86,5,13.07107218827772,kolkata
Skoda Rapid,Skoda,Rapid,10,54000.0,1,Petrol,Automatic,14.3,1598.0,103.52,5,13.120363378739663,kolkata
Hyundai Verna,Hyundai,Verna,11,41000.0,1,Petrol,Manual,17.01,1591.0,121.3,5,13.017005083966255,kolkata
Jeep Compass,Jeep,Compass,5,29000.0,1,Diesel,Automatic,14.9,1949.5,167.67,5,14.626441218624949,kolkata
BMW 3 Series,BMW,3 Series,8,23000.0,1,Diesel,Automatic,22.69,1949.5,180.02499999999998,5,14.637491049927531,kolkata
Honda Jazz,Honda,Jazz,14,39000.0,1,Petrol,Manual,16.7,1198.0,88.8,5,12.323860125621126,kolkata
Hyundai Verna,Hyundai,Verna,7,34000.0,1,Petrol,Manual,17.0,1591.0,121.3,5,13.652992804936396,kolkata
Toyota Camry,Toyota,Camry,11,75000.0,1,Petrol,Automatic,12.98,1949.5,178.4,5,13.805461232211272,kolkata
Hyundai Grand i10 Nios,Hyundai,Grand i10 Nios,6,12000.0,1,Petrol,Manual,20.7,1197.0,81.86,5,13.26212705890841,kolkata
Mahindra XUV500,Mahindra,XUV500,8,51000.0,1,Diesel,Manual,16.0,1949.5,140.0,7,13.591117476312084,kolkata
Honda Brio,Honda,Brio,8,46000.0,1,Petrol,Manual,18.5,1198.0,86.8,5,12.896719202134523,kolkata
BMW 3 Series,BMW,3 Series,13,39000.0,1,Diesel,Automatic,18.88,1949.5,180.02499999999998,5,13.910821646859095,kolkata
Hyundai Verna,Hyundai,Verna,11,45000.0,1,Petrol,Manual,17.43,1396.0,105.5,5,12.896719202134523,kolkata
Honda City,Honda,City,9,47000.0,1,Petrol,Manual,17.8,1497.0,117.3,5,13.457407451830088,kolkata
Renault KWID,Renault,KWID,4,5000.0,1,Petrol,Manual,21.74,999.0,67.0,5,13.02805489573287,kolkata
Maruti Alto 800,Maruti,Alto 800,5,5000.0,1,Petrol,Manual,22.74,796.0,47.3,5,12.706850963741102,kolkata
Audi Q3,Audi,Q3,8,32000.0,1,Petrol,Automatic,16.9,1395.0,147.51,5,14.557448378884015,kolkata
Renault Scala,Renault,Scala,13,61000.0,1,Petrol,Manual,16.95,1498.0,97.64,5,12.201065128819632,kolkata
Jeep Compass,Jeep,Compass,7,14000.0,2,Petrol,Manual,16.0,1368.0,160.0,5,13.989464705423494,kolkata
Audi Q3,Audi,Q3,11,45000.0,1,Diesel,Automatic,15.73,1949.5,174.33,5,13.989464705423494,kolkata
Hyundai Verna,Hyundai,Verna,10,38247.0,1,Petrol,Manual,17.01,1591.0,121.3,5,13.190023895035274,kolkata
Honda Amaze,Honda,Amaze,11,41754.0,2,Petrol,Manual,18.0,1198.0,86.7,5,12.886643575525625,kolkata
Mahindra Scorpio,Mahindra,Scorpio,23,52000.0,1,Diesel,Manual,10.5,1949.5,120.0,8,12.429220196836383,kolkata
Honda Jazz,Honda,Jazz,16,58000.0,2,Petrol,Manual,16.0,1198.0,180.02499999999998,5,12.07254696717504,kolkata
Ford Figo,Ford,Figo,11,75000.0,1,Diesel,Manual,25.83,1498.0,99.0,5,12.180759965737863,kolkata
Ford Ecosport,Ford,Ecosport,12,72561.0,1,Diesel,Manual,22.7,1498.0,89.84,5,12.959846800844963,kolkata
Hyundai i10,Hyundai,i10,17,53562.0,3,Petrol,Manual,20.36,1197.0,78.9,5,11.970356641102999,kolkata
Hyundai Grand i10,Hyundai,Grand i10,7,32190.0,1,Petrol,Manual,18.9,1197.0,81.86,5,12.959846800844963,kolkata
Maruti Alto 800,Maruti,Alto 800,13,20000.0,1,Petrol,Manual,22.74,796.0,47.3,5,11.652687407345388,kolkata
Maruti Ritz,Maruti,Ritz,17,50000.0,1,Petrol,Manual,21.1,1197.0,85.8,5,11.225256725762893,kolkata
Renault Kiger,Renault,Kiger,4,20000.0,1,Petrol,Manual,19.17,999.0,71.01,5,13.384729180332174,kolkata
Maruti Wagon R,Maruti,Wagon R,19,20000.0,1,Petrol,Manual,18.9,1061.0,67.0,5,11.289794413577894,kolkata
Renault Kiger,Renault,Kiger,4,30000.0,1,Petrol,Manual,19.17,999.0,71.01,5,13.384729180332174,kolkata
Maruti Alto,Maruti,Alto,21,40000.0,2,Petrol,Manual,19.7,796.0,46.3,5,10.463131911491967,kolkata
Renault KWID,Renault,KWID,8,120000.0,1,Petrol,Manual,23.01,999.0,67.0,5,12.154784614286667,kolkata
Volkswagen Polo,Volkswagen,Polo,13,60000.0,1,Petrol,Manual,16.47,1198.0,73.9,5,12.206077645517674,kolkata
Ford Figo,Ford,Figo,13,60000.0,2,Petrol,Manual,15.6,1196.0,70.02,5,11.982935344196433,kolkata
Fiat Grande Punto,Fiat,Grande Punto,16,30000.0,1,Petrol,Manual,16.2,1172.0,68.0,5,11.695255355062795,kolkata
Fiat Grande Punto,Fiat,Grande Punto,15,24000.0,1,Petrol,Manual,16.2,1172.0,68.0,5,11.849404844423074,kolkata
Maruti Alto,Maruti,Alto,17,40000.0,1,Petrol,Manual,19.7,796.0,46.3,5,11.652687407345388,kolkata
Maruti Swift,Maruti,Swift,13,60000.0,1,Petrol,Manual,18.6,1197.0,85.8,5,12.429220196836383,kolkata
Honda City,Honda,City,18,84000.0,2,Petrol,Manual,17.7,1497.0,78.0,5,11.918397239722838,kolkata
Maruti Alto 800,Maruti,Alto 800,8,151000.0,1,Petrol,Manual,24.7,796.0,47.3,5,12.07254696717504,kolkata
Maruti Wagon R,Maruti,Wagon R,5,7000.0,1,Petrol,Manual,21.79,998.0,67.05,5,13.102162710901053,kolkata
Hyundai i20,Hyundai,i20,16,20000.0,1,Petrol,Manual,18.5,1197.0,180.02499999999998,5,12.429220196836383,kolkata
Maruti Swift,Maruti,Swift,12,20000.0,1,Petrol,Manual,22.0,1197.0,81.8,5,12.899222326086994,kolkata
Tata Nexon,Tata,Nexon,8,50000.0,1,Diesel,Manual,21.5,1497.0,108.5,5,13.217675375388819,kolkata
Hyundai Santro Xing,Hyundai,Santro Xing,17,50000.0,1,Petrol,Manual,17.92,1086.0,62.1,5,11.736077016252437,kolkata
Hyundai i20,Hyundai,i20,11,80000.0,1,Diesel,Manual,22.54,1396.0,88.73,5,12.54254845357358,kolkata
Maruti Zen Estilo,Maruti,Zen Estilo,15,50000.0,1,Petrol,Manual,19.0,998.0,67.1,5,11.918397239722838,kolkata
Tata Nexon,Tata,Nexon,4,10000.0,1,Petrol,Automatic,16.35,1199.0,118.36,5,13.894322662602555,kolkata
Tata Nexon,Tata,Nexon,7,70000.0,1,Petrol,Manual,17.0,1198.0,108.5,5,13.217675375388819,kolkata
Honda Amaze,Honda,Amaze,8,30000.0,1,Petrol,Manual,17.8,1198.0,86.7,5,13.07107218827772,kolkata
Maruti Ritz,Maruti,Ritz,16,80000.0,3,Petrol,Manual,18.5,1197.0,85.8,5,11.561725152903833,kolkata
Maruti Baleno,Maruti,Baleno,7,80000.0,1,Diesel,Manual,27.39,1248.0,74.0,5,13.122365377402328,kolkata
Maruti Ciaz,Maruti,Ciaz,9,40000.0,1,Petrol,Automatic,19.12,1373.0,91.1,5,13.171155446333852,kolkata
Maruti Swift,Maruti,Swift,5,10000.0,1,Petrol,Manual,21.21,1197.0,81.8,5,13.384729180332174,kolkata
Maruti Swift,Maruti,Swift,5,10000.0,1,Petrol,Manual,21.21,1197.0,81.8,5,13.384729180332174,kolkata
Maruti Alto 800,Maruti,Alto 800,12,30000.0,1,Petrol,Manual,22.74,796.0,47.3,5,12.206077645517674,kolkata
Tata Tiago,Tata,Tiago,8,20000.0,1,Petrol,Manual,23.84,1199.0,84.0,5,12.899222326086994,kolkata
Kia Sonet,Kia,Sonet,3,10000.0,1,Petrol,Automatic,18.3,998.0,118.36,5,13.997832948091215,kolkata
Kia Seltos,Kia,Seltos,4,10000.0,1,Petrol,Automatic,16.5,1353.0,138.08,5,14.417091092943783,kolkata
Tata Tiago NRG,Tata,Tiago NRG,7,20000.0,1,Petrol,Manual,20.09,1199.0,84.48,5,13.122365377402328,kolkata
Honda Amaze,Honda,Amaze,7,30000.0,1,Petrol,Manual,19.5,1199.0,88.76,5,13.304686600863562,kolkata
Hyundai i20,Hyundai,i20,16,30000.0,2,Petrol,Manual,18.5,1197.0,180.02499999999998,5,12.345834587905333,kolkata
Maruti Alto 800,Maruti,Alto 800,11,40000.0,1,Petrol,Manual,22.74,796.0,47.3,5,12.25486757159303,kolkata
Hyundai Creta,Hyundai,Creta,7,20000.0,1,Petrol,Manual,15.8,1591.0,121.3,5,13.815511557963774,kolkata
Maruti Swift Dzire,Maruti,Swift Dzire,7,40000.0,1,Petrol,Manual,21.21,1197.0,81.8,5,13.217675375388819,kolkata
Maruti Swift Dzire,Maruti,Swift Dzire,7,40000.0,1,Petrol,Manual,21.21,1197.0,81.8,5,13.217675375388819,kolkata
Honda Amaze,Honda,Amaze,11,70000.0,2,Petrol,Manual,18.0,1198.0,86.7,5,12.611541086966115,kolkata
Honda City,Honda,City,3,20000.0,1,Petrol,Manual,17.8,1498.0,119.35,5,13.997832948091215,kolkata
Hyundai i10,Hyundai,i10,16,120000.0,1,Petrol,Manual,20.36,1197.0,78.9,5,11.982935344196433,kolkata
Volkswagen Polo,Volkswagen,Polo,15,150000.0,2,Petrol,Manual,16.47,1198.0,73.9,5,12.100717685412471,kolkata
Hyundai i10,Hyundai,i10,15,38000.0,1,Petrol,Manual,20.36,1197.0,78.9,5,12.323860125621126,kolkata
Tata Nexon,Tata,Nexon,4,20000.0,1,Petrol,Manual,17.33,1199.0,118.35,5,13.420986873572868,kolkata
Hyundai EON,Hyundai,EON,14,30000.0,1,Petrol,Manual,21.1,814.0,55.2,5,12.206077645517674,kolkata
Maruti Wagon R,Maruti,Wagon R,11,50000.0,1,Petrol,Manual,20.51,998.0,67.04,5,12.577639650232573,kolkata
Maruti Swift Dzire,Maruti,Swift Dzire,16,60000.0,1,Petrol,Manual,17.5,1298.0,85.8,5,12.429220196836383,kolkata
Maruti 800,Maruti,800,24,30000.0,3,Petrol,Manual,16.1,796.0,37.0,4,11.51293546492023,kolkata
Honda City,Honda,City,13,60000.0,1,Petrol,Manual,16.8,1497.0,116.3,5,12.899222326086994,kolkata
Volkswagen Polo,Volkswagen,Polo,11,70000.0,1,Petrol,Manual,16.2,1199.0,74.0,5,12.793862088206213,kolkata
Maruti Celerio,Maruti,Celerio,4,10000.0,1,Petrol,Manual,25.24,998.0,65.71,5,13.142166004700508,kolkata
Maruti Alto 800,Maruti,Alto 800,12,120000.0,1,Petrol,Manual,22.74,796.0,47.3,5,12.100717685412471,kolkata
Mercedes-Benz C-Class,Mercedes-Benz,C-Class,15,50000.0,3,Petrol,Automatic,11.74,1796.0,180.02499999999998,5,13.217675375388819,kolkata
Maruti Ritz,Maruti,Ritz,14,40000.0,1,Petrol,Manual,18.5,1197.0,85.8,5,11.849404844423074,kolkata
Renault Duster,Renault,Duster,9,120000.0,2,Diesel,Manual,19.72,1461.0,108.45,5,13.122365377402328,kolkata
